
 ⛅️ wrangler 3.114.17 (update available 4.135.0)
------------------------------------------------

Using vars defined in .dev.vars
Your Worker and resources are simulated locally via Miniflare. For more information, see: https://developers.cloudflare.com/workers/testing/local-development.

Your worker has access to the following bindings:
- KV Namespaces:
  - CBT_KV: 9ceb8c5eef2541fcbc7485301a4b23b0 [simulated locally]
- D1 Databases:
  - DB: cbt-platform (220c5793-3f10-460a-b5fc-8f3223feee43) [simulated locally]
  - QFORGE_DB: cbt-qforge (bbe7c7a4-acbf-42c3-ba60-17e34e5bf9bb) [simulated locally]
- R2 Buckets:
  - CBT_R2: cbt-media [simulated locally]
- Vars:
  - PLATFORM_NAME: "QForge"
  - JWT_SECRET: "(hidden)"
  - GEMINI_API_KEY: "(hidden)"
  - GROQ_API_KEY: "(hidden)"
  - INGEST_SECRET: "(hidden)"
[wrangler:inf] Ready on http://127.0.0.1:8787
[wrangler-UserWorker:wrn] Miniflare 3 does not currently trigger scheduled Workers automatically.
Use `--test-scheduled` to forward fetch triggers.
⎔ Starting local server...
[wrangler:inf] GET /health 200 OK (28ms)
[wrangler:inf] PUT /images/ingest/p.txt 403 Forbidden (79ms)
[wrangler:inf] PUT /images/ingest/dev-probe.txt 200 OK (74ms)
[wrangler:inf] GET /images/dev-probe.txt 200 OK (9ms)
[wrangler:inf] GET /health 200 OK (3ms)
[wrangler:inf] PUT /images/ingest/dev-probe.txt 200 OK (13ms)
[wrangler:inf] GET /images/dev-probe.txt 200 OK (4ms)
[wrangler:inf] PUT /images/ingest/external%2F886b3850aa3519314acf702f9d7225469209d0bd.png 200 OK (27ms)
[wrangler:inf] PUT /images/ingest/external%2Fe2b32b9790e73d90d7292579d9491fcea8885f13.png 200 OK (34ms)
[wrangler:inf] PUT /images/ingest/external%2Fe2ec61c682bcc4f6d0648da63a3d0cbc1a825f16.png 200 OK (39ms)
[wrangler:inf] PUT /images/ingest/external%2F955baf033a8aa6e8dcb9016451565fe9b2e91ede.png 200 OK (42ms)
[wrangler:inf] PUT /images/ingest/external%2F32db859335f047d647b0ac5e9cce1132f6ecb0d6.png 200 OK (40ms)
[wrangler:inf] PUT /images/ingest/external%2F8bd332a934c3e41e4165c89f39c1337b25c52061.png 200 OK (17ms)
[wrangler:inf] PUT /images/ingest/external%2F59dcd0aa7f3734b7eeaa600f484688ad32b280af.png 200 OK (25ms)
[wrangler:inf] PUT /images/ingest/external%2F88b4d1f8269b54976eb3b0511fa8cbec0bdb311b.png 200 OK (13ms)
[wrangler:inf] PUT /images/ingest/external%2F205e4e0cb117b989a5c238ce36c32903765974b8.png 200 OK (8ms)
[wrangler:inf] PUT /images/ingest/external%2F138f5341dfbc8bb98c5447c78dd935499beeb1c1.png 200 OK (11ms)
[wrangler:inf] GET /images/external/886b3850aa3519314acf702f9d7225469209d0bd.png 200 OK (3ms)
[wrangler:inf] PUT /images/ingest/external%2Ff82d8d6bc5b72dad0717c9720965d513616c8637.png 200 OK (29ms)
[wrangler:inf] PUT /images/ingest/external%2Fa5f1a995ab718d91cad9e01fe20b41dfac1ac12c.png 200 OK (33ms)
[wrangler:inf] PUT /images/ingest/external%2Fab4c018a9407a7dd6481c78acf4bd7b89cc1e863.png 200 OK (38ms)
[wrangler:inf] PUT /images/ingest/external%2F3e46e61ee12ff6270012d247489b323e950b6f4a.png 200 OK (45ms)
[wrangler:inf] PUT /images/ingest/external%2Fa619de7e3d3134ff0471fb324d0ba5afbef18da4.png 200 OK (51ms)
[wrangler:inf] PUT /images/ingest/external%2F13cf6cbb804cb9a00da1e4f0bad7e3b76ab7d0ac.png 200 OK (50ms)
[wrangler:inf] PUT /images/ingest/external%2F6a0ee73594640996c5b1c6519b1487f23c4b0794.png 200 OK (58ms)
[wrangler:inf] PUT /images/ingest/external%2F3debd339a8cee62b5286e4511f267d08dbecc043.png 200 OK (66ms)
[wrangler:inf] PUT /images/ingest/external%2F076f2b021e36b98e3302fc0fe65008dc01df1ce6.png 200 OK (70ms)
[wrangler:inf] PUT /images/ingest/external%2Fb52db67fcfcaa5d30cd7c22a45e2a1399c8fbd38.png 200 OK (15ms)
[wrangler:inf] PUT /images/ingest/external%2Ff832f11ac484f67c32350f461fe86c3beff61a5f.png 200 OK (18ms)
[wrangler:inf] PUT /images/ingest/external%2Ffd4afb39ee74f717a1f5f91e37f766e6a3f05dfe.png 200 OK (23ms)
[wrangler:inf] PUT /images/ingest/external%2Fc25d94800fe073736c622984af6fa21171cb7d77.png 200 OK (32ms)
[wrangler:inf] PUT /images/ingest/external%2F40a1a66c7b20112bc16b9b9cbf6e88a5e976428a.png 200 OK (38ms)
[wrangler:inf] PUT /images/ingest/external%2Fc2958fb5b2412b59d8aba7d60546c42e8599a0db.png 200 OK (43ms)
[wrangler:inf] PUT /images/ingest/external%2Fe05b3d95bd5498eec1cdf658dc3b27d7a51992bc.png 200 OK (48ms)
[wrangler:inf] PUT /images/ingest/external%2F00cf16291b3804097d184af751d54d59046830b8.png 200 OK (52ms)
[wrangler:inf] PUT /images/ingest/external%2F8ce8f79d627ff6dad5987205edda8636d9ae16f5.png 200 OK (57ms)
[wrangler:inf] PUT /images/ingest/external%2F5c2d59baffd8eac712388eb4a3592b6a2dfe4ef7.png 200 OK (61ms)
[wrangler:inf] PUT /images/ingest/external%2F7ac53769b22240aafed4b96c9848addb280a2f74.png 200 OK (66ms)
[wrangler:inf] PUT /images/ingest/external%2F2665985237996eada6ae39d82e537f5954dbd6b5.png 200 OK (7ms)
[wrangler:inf] PUT /images/ingest/external%2F3fa81d39faa1dcd90f93de290da8e71a19947509.png 200 OK (14ms)
[wrangler:inf] PUT /images/ingest/external%2Fe07445e6ed755a891a1b69ac44f5d3647d3818a1.png 200 OK (8ms)
[wrangler:inf] PUT /images/ingest/external%2F425d4eaa04e17df2f8d8b982f7009dc24df29a23.png 200 OK (18ms)
[wrangler:inf] PUT /images/ingest/external%2F1ca37a284697b4b534fbb07e0284224dd922a7ed.png 200 OK (19ms)
[wrangler:inf] PUT /images/ingest/external%2F7775fe71b504e4e62f41a583e231f49bd7c3c1c3.png 200 OK (21ms)
[wrangler:inf] PUT /images/ingest/external%2F760c71481a237ed86f49cb05c66145397f61c8ef.png 200 OK (31ms)
[wrangler:inf] PUT /images/ingest/external%2F1a713bc5eefbfe1ef57a91a2e5fe1342d6f5e6dc.png 200 OK (34ms)
[wrangler:inf] PUT /images/ingest/external%2F589d4b9daf0402c1384616f8d7658024f54d25b0.png 200 OK (40ms)
[wrangler:inf] PUT /images/ingest/external%2F6824a7406f2ff0a8994af4463563458843ac0a2b.png 200 OK (42ms)
[wrangler:inf] PUT /images/ingest/external%2F0433062cf04f917fb65c4880f8e3a1a6eb63420b.png 200 OK (50ms)
[wrangler:inf] PUT /images/ingest/external%2F2d8a008e9fdc9b8fa6ac3e9f17fa60e7ca9cd0da.png 200 OK (8ms)
[wrangler:inf] PUT /images/ingest/external%2Fcac6a50ab6a77b4ca6e5a95dcc31cab5b3eeb4b0.png 200 OK (9ms)
[wrangler:inf] PUT /images/ingest/external%2Fb72b556716c19ccad1c256799ff7e4be873493eb.png 200 OK (16ms)
[wrangler:inf] PUT /images/ingest/external%2F3a9ef7583d5698fbaf31a53b52de2f5d599dd93c.png 200 OK (21ms)
[wrangler:inf] PUT /images/ingest/external%2F0a737f2e592fa411f481ddc9c019290ec47ddfed.png 200 OK (16ms)
[wrangler:inf] PUT /images/ingest/external%2Fd0b879a9bfbc3984edaba144e9e7ece7c66a34a2.png 200 OK (21ms)
[wrangler:inf] PUT /images/ingest/external%2Fda90e294dac342d6500bb720f35c0b7ab5d421e0.png 200 OK (25ms)
[wrangler:inf] PUT /images/ingest/external%2Ff61732c017cae6f5a6b062b587a6a20e3bb40b31.png 200 OK (29ms)
[wrangler:inf] PUT /images/ingest/external%2F4414d22c62559cf8e1188fbf91e57a66c1ccee9e.png 200 OK (11ms)
[wrangler:inf] PUT /images/ingest/external%2Fa6c5b6be17b85727311e6525f7a08fc28039b1d0.png 200 OK (23ms)
[wrangler:inf] PUT /images/ingest/external%2F09fecc4f58a6e24cd31efd1f057801c4a9cffd27.png 200 OK (31ms)
[wrangler:inf] PUT /images/ingest/external%2F65ee6d866b21d90409256d3aa31298e502687e3f.png 200 OK (37ms)
[wrangler:inf] PUT /images/ingest/external%2Ffa41a4ca0fbe3c158ea3397fb210cbd0b88df791.png 200 OK (36ms)
[wrangler:inf] PUT /images/ingest/external%2Fef41fbd37cc4c772f30fe42605382734c99b6a45.png 200 OK (11ms)
[wrangler:inf] PUT /images/ingest/external%2Fcf512afc9e5f81ace9455848389c1828c6eade86.png 200 OK (21ms)
[wrangler:inf] PUT /images/ingest/external%2Ff28aa4a4a704e4da69b744ab4538125665c02735.png 200 OK (12ms)
[wrangler:inf] PUT /images/ingest/external%2Fdae4c5226abdd37566b9d400164202c79274b175.png 200 OK (28ms)
[wrangler:inf] PUT /images/ingest/external%2F686362840a587f4df59716a0d84d97ebe55f3b23.png 200 OK (29ms)
[wrangler:inf] PUT /images/ingest/external%2Fd3dfc9c1149520eb45c4e123a6adae2b6cb47183.png 200 OK (32ms)
[wrangler:inf] PUT /images/ingest/external%2F8ce92d2ce6f3a84ea31a8dbd66a66cad0f898597.png 200 OK (34ms)
[wrangler:inf] PUT /images/ingest/external%2F3d62399b080a6774fe401d1327e8ac22a39b4f6a.png 200 OK (48ms)
[wrangler:inf] PUT /images/ingest/external%2Fc5d7914e23a118851e73baadabc85544ea4f3e39.png 200 OK (43ms)
[wrangler:inf] PUT /images/ingest/external%2F275273cef9413f7557ee951861b4770300545eef.png 200 OK (9ms)
[wrangler:inf] PUT /images/ingest/external%2Fa6acd0b01f93098af6cb0ba72452be696325970f.png 200 OK (16ms)
[wrangler:inf] PUT /images/ingest/external%2Fe24d7d11e8c1802da177a25e0576f32fe2fae017.png 200 OK (21ms)
[wrangler:inf] PUT /images/ingest/external%2F00272485c7042b2a355b61e5bdf496589d520ba2.png 200 OK (15ms)
[wrangler:inf] PUT /images/ingest/external%2Fd01f3d88eff7a88c5d27df3d38aac08455b278db.png 200 OK (23ms)
[wrangler:inf] PUT /images/ingest/external%2F08079e2f3aaa99cc0cca24b85ba30a37c6eb0eb3.png 200 OK (30ms)
[wrangler:inf] PUT /images/ingest/external%2F6217ba98f6ebc76b66cfc421843b5e62fa5ff865.png 200 OK (36ms)
[wrangler:inf] PUT /images/ingest/external%2F0c077dd0753976556a0c5474c3083cfdbfda0975.png 200 OK (41ms)
[wrangler:inf] PUT /images/ingest/external%2F04218df5e01c3ac0763a32338dc4a42e8d3be79f.png 200 OK (40ms)
[wrangler:inf] PUT /images/ingest/external%2F5a1d94d28fbb83cf4f1ad0c9eff4f164980e27ce.png 200 OK (44ms)
[wrangler:inf] PUT /images/ingest/external%2F0576ebb0469e41c19fc4afb4b94538daa7a63210.png 200 OK (75ms)
[wrangler:inf] PUT /images/ingest/external%2F372fa35020450acf00e6d14a4dce77c5670c8ebe.png 200 OK (65ms)
[wrangler:inf] PUT /images/ingest/external%2F971521146b14281ef67892f32faf5b3567a14a0b.png 200 OK (20ms)
[wrangler:inf] PUT /images/ingest/external%2Fd18d24ecfa33c47ea1af9ca73cfdd851399e6808.png 200 OK (27ms)
[wrangler:inf] PUT /images/ingest/external%2Ff2b9b5dc65b67c4dae22b8c4f2d80e264457fe03.png 200 OK (10ms)
[wrangler:inf] PUT /images/ingest/external%2F8f55521cedeef4c389bdd8b490068f7e0b16910b.png 200 OK (13ms)
[wrangler:inf] PUT /images/ingest/external%2F362ae6fa9eac6845e8497027ad983361532ca3ce.png 200 OK (24ms)
[wrangler:inf] PUT /images/ingest/external%2F97520400cc978971656b500968bf5e991cb993fa.png 200 OK (38ms)
[wrangler:inf] PUT /images/ingest/external%2Fc4259d495a30b61afac16983dc461de4cd15d7b0.png 200 OK (43ms)
[wrangler:inf] PUT /images/ingest/external%2Fe41ffb85d12b43833f3bfce11fa71e63ec493218.png 200 OK (50ms)
[wrangler:inf] PUT /images/ingest/external%2Fb87aa4fa25a0d69500ec7c49293c6fe7fac93ca9.png 200 OK (55ms)
[wrangler:inf] PUT /images/ingest/external%2Ff9767f1e9fe00a9f9809ba2bc42f97e66e37fda7.png 200 OK (60ms)
[wrangler:inf] PUT /images/ingest/external%2F7f25fc5844cf97431c1ddd8d20343feb2534f880.png 200 OK (66ms)
[wrangler:inf] PUT /images/ingest/external%2Fe9676fa279f36e568bcce66deb482f10528c61c4.png 200 OK (72ms)
[wrangler:inf] PUT /images/ingest/external%2Fc3d25b188e7e29353cf7b8e15391b99072e3a65f.png 200 OK (66ms)
[wrangler:inf] PUT /images/ingest/external%2F640047b2a2e5ff73846c73c95504e83986341cd6.png 200 OK (72ms)
[wrangler:inf] PUT /images/ingest/external%2F463021b92e961ff3cdcc6d704999480235502e36.png 200 OK (8ms)
[wrangler:inf] PUT /images/ingest/external%2Fc1a58d1522a8a9b00206bf7243424ea4dc536480.png 200 OK (13ms)
[wrangler:inf] PUT /images/ingest/external%2F15980aaa4cf668b0efeaa868721167fa997a882d.png 200 OK (26ms)
[wrangler:inf] PUT /images/ingest/external%2F6446294f90eacfcbcf18b7f0a82f7990acc710ea.png 200 OK (22ms)
[wrangler:inf] PUT /images/ingest/external%2F86aedd7b36269748e33d85f0bf568bc9b7ca8ce0.png 200 OK (33ms)
[wrangler:inf] PUT /images/ingest/external%2Fdc5b5ea1841e5d14b3077a4b46bb60be3f1fc5c6.png 200 OK (39ms)
[wrangler:inf] PUT /images/ingest/external%2Febf7cfe1eab6fe876dd7d621a413425301ccbbd3.png 200 OK (45ms)
[wrangler:inf] PUT /images/ingest/external%2Fdc7cfdebf292987a4bb995e86b7af16dfcdac0fc.png 200 OK (46ms)
[wrangler:inf] PUT /images/ingest/external%2Fac34ab422957a55553d7352ffa38ebd60a205872.png 200 OK (52ms)
[wrangler:inf] PUT /images/ingest/external%2F5c35b10f0b0989883a4a5ebed67079be2da405fc.png 200 OK (56ms)
[wrangler:inf] PUT /images/ingest/external%2F8b55fce438912bbb3e214a69a4e5a6deff62ed7c.png 200 OK (63ms)
[wrangler:inf] PUT /images/ingest/external%2Fd83aef7ff0739b576c3203e99f104aecac78c93e.png 200 OK (66ms)
[wrangler:inf] PUT /images/ingest/external%2F6b8de4b5000b2c5fa21c3e970095c5fadaeffcc5.png 200 OK (70ms)
[wrangler:inf] PUT /images/ingest/external%2F8efe3f5e4c4a8acd3e6cb8e6e81a20c10fc7822f.png 200 OK (19ms)
[wrangler:inf] PUT /images/ingest/external%2Fa93dd4a276c4723894709d10d3c02a73cd1106f9.png 200 OK (28ms)
[wrangler:inf] PUT /images/ingest/external%2Fc9977ddbc92e2336d898bcbc2ad45914490543e9.png 200 OK (50ms)
[wrangler:inf] PUT /images/ingest/external%2F28f1a09767dbc4628afcc8553a964deaac75fbb6.png 200 OK (54ms)
[wrangler:inf] PUT /images/ingest/external%2Fa7e788c4bb3a806b06f1c4803ea71aeaf2b46ab8.png 200 OK (59ms)
[wrangler:inf] PUT /images/ingest/external%2F306b42109a35ea77a8675fd669867dd48838f5e8.png 200 OK (60ms)
[wrangler:inf] PUT /images/ingest/external%2Fe63593c2e9a6a3eb7dc2cfb18f25b3a7f89945a4.png 200 OK (66ms)
[wrangler:inf] PUT /images/ingest/external%2F6cafce876ef6097e01da4f278abcda2074db94f0.png 200 OK (72ms)
[wrangler:inf] PUT /images/ingest/external%2F56f8020fcdb2a422a5accd076ba2b1ce78b1168d.png 200 OK (78ms)
[wrangler:inf] PUT /images/ingest/external%2F293304f3488d102645e2b3829598758b24516485.png 200 OK (86ms)
[wrangler:inf] PUT /images/ingest/external%2F89286448df4ed807648dd3f2ab1bb72eedcb7f84.png 200 OK (90ms)
[wrangler:inf] PUT /images/ingest/external%2Ff4ed90fb4b7826009525fd16a650452fabb3f242.png 200 OK (96ms)
[wrangler:inf] PUT /images/ingest/external%2F604db6f754fdf0c3b720d5484094c5ffd29f2416.png 200 OK (9ms)
[wrangler:inf] PUT /images/ingest/external%2Fa04942844702827f52ddc3cf87b770405a913d56.png 200 OK (23ms)
[wrangler:inf] PUT /images/ingest/external%2F571a32a7efe3a0676073beedf80af80dad898e43.png 200 OK (32ms)
[wrangler:inf] PUT /images/ingest/external%2Fe13872aa25baf6927e5ab3a25a5f613a8af4fd44.png 200 OK (37ms)
[wrangler:inf] PUT /images/ingest/external%2Fd7f57e8d8b457634e1a173b975bdcf4b7127c960.png 200 OK (40ms)
[wrangler:inf] PUT /images/ingest/external%2F54718924eba2b463593dbeefdf5392fe7b8196ea.png 200 OK (46ms)
[wrangler:inf] PUT /images/ingest/external%2F50470b4c70b41f2f0f2c9f1a2805b9a7bf8b969a.png 200 OK (52ms)
[wrangler:inf] PUT /images/ingest/external%2F7f862b37958be5214b33c248ad49ebd697ae8618.png 200 OK (49ms)
[wrangler:inf] PUT /images/ingest/external%2F499c0e76e30f958254c9e79ec1c14b36a1bde711.png 200 OK (55ms)
[wrangler:inf] PUT /images/ingest/external%2F89f33cb1e2ee9331f12bf8990f5f0e1577d24105.png 200 OK (13ms)
[wrangler:inf] PUT /images/ingest/external%2F843dfc02caee78c2191389a5c5fb282a63e4c508.png 200 OK (18ms)
[wrangler:inf] PUT /images/ingest/external%2Fd948aa01bf01eba88e6d0b4c7e4ed785b5ca7f73.png 200 OK (26ms)
[wrangler:inf] PUT /images/ingest/external%2F8f4874ddbbe649dfb747c7b08922a7b6f7353787.png 200 OK (9ms)
[wrangler:inf] PUT /images/ingest/external%2Fdfd80664c296ca6abb51a21730cf4c1ba4f21404.png 200 OK (10ms)
[wrangler:inf] PUT /images/ingest/external%2Ffba1d9ebb2425337ba4d4a6ee886d487ace26efc.png 200 OK (16ms)
[wrangler:inf] PUT /images/ingest/external%2F312edc7a4b9498087f5a8a4cbc95d0d2c6dc1433.png 200 OK (21ms)
[wrangler:inf] PUT /images/ingest/external%2Fcb185d8dcea563b1a1fbb157332a09d04a2734d3.png 200 OK (10ms)
[wrangler:inf] PUT /images/ingest/external%2F139e34df9e3cde5ff650d92d368947150b27e2c4.png 200 OK (9ms)
[wrangler:inf] PUT /images/ingest/external%2Fcd9f61cdd9f59704d54180e090d1d4bb09a727db.png 200 OK (9ms)
[wrangler:inf] PUT /images/ingest/external%2F66db7b5602cad8733d7f831c21584aa9b4ddc1bd.png 200 OK (9ms)
[wrangler:inf] PUT /images/ingest/external%2F7e3e4d6142747d08debe8c3305e14266dfcdb3a4.png 200 OK (18ms)
[wrangler:inf] PUT /images/ingest/external%2F149d1f17b4b28beaf9e5b76dd29228d2cd2f580e.png 200 OK (23ms)
[wrangler:inf] PUT /images/ingest/external%2F39d493c731164bfa89d87a10a0825560be348893.png 200 OK (26ms)
[wrangler:inf] PUT /images/ingest/external%2F3b8acc91e1f80672864aad207f28fbfee8be8c21.png 200 OK (11ms)
[wrangler:inf] PUT /images/ingest/external%2F95dec260ab84fd04610fc6bf0f39351b27792e3b.png 200 OK (15ms)
[wrangler:inf] PUT /images/ingest/external%2F36f96720cfd5f31373c16c3eaa5bcc771584346d.png 200 OK (20ms)
[wrangler:inf] PUT /images/ingest/external%2Fe6e04048d0017fb572067ca5978fba90ab4e8734.png 200 OK (31ms)
[wrangler:inf] PUT /images/ingest/external%2F3d0307059828b8b99a061b22e455cf0e55cd88e1.png 200 OK (20ms)
[wrangler:inf] PUT /images/ingest/external%2F0ce0b967d96ca74aa87efdbd33ebda28424e7d6f.png 200 OK (32ms)
[wrangler:inf] PUT /images/ingest/external%2F98239532de957964916b03a3ee737baa2b64a8d0.png 200 OK (11ms)
[wrangler:inf] PUT /images/ingest/external%2F302936e8cce60839e8f3f4d135e6cfe22951162f.png 200 OK (29ms)
[wrangler:inf] PUT /images/ingest/external%2F000e91bc3fc1a0424d04661162c47afd94793c98.png 200 OK (35ms)
[wrangler:inf] PUT /images/ingest/external%2F6967939f5b094df4b6fbd9abe8a887ff13206cc8.png 200 OK (30ms)
[wrangler:inf] PUT /images/ingest/external%2F7a3a4b0b0aec08b619ee57482c2e72d6106deca9.png 200 OK (35ms)
[wrangler:inf] PUT /images/ingest/external%2F3da338b6a746a92780433b8082cd7522a3a9c620.png 200 OK (46ms)
[wrangler:inf] PUT /images/ingest/external%2Fbd70c599b7729fb2fa8fa23936d7d625107053e2.png 200 OK (30ms)
[wrangler:inf] PUT /images/ingest/external%2F01637c485a4182c0cbc4560a9a52af093f8b5cad.png 200 OK (18ms)
[wrangler:inf] PUT /images/ingest/external%2F1aae021b72dc8dc0b62995194cbcf7d2cd7f3ef9.png 200 OK (22ms)
[wrangler:inf] PUT /images/ingest/external%2F03e6663da742385f9028f6f5ed5fbf67d548f002.png 200 OK (28ms)
[wrangler:inf] PUT /images/ingest/external%2Fdca5aad339e97ca4d67b8560a828b8c96e9306af.png 200 OK (33ms)
[wrangler:inf] PUT /images/ingest/external%2Fd6ca86d6821f433194c182fbb9c38feeaee9f85c.png 200 OK (43ms)
[wrangler:inf] PUT /images/ingest/external%2Fc24d66854cb27092ee90440992f0bd2b2defb50b.png 200 OK (35ms)
[wrangler:inf] PUT /images/ingest/external%2F282b090a7be753e613273fef2d4715174dd30992.png 200 OK (11ms)
[wrangler:inf] PUT /images/ingest/external%2F5747b065b2b174ab42b6900032bb315959b89289.png 200 OK (18ms)
[wrangler:inf] PUT /images/ingest/external%2F8ec5dae185dd23b2cdec714dd880c01d01009a6b.png 200 OK (25ms)
[wrangler:inf] PUT /images/ingest/external%2F48654bd3ee75800fc3d8cc4bee818f109767cd6b.png 200 OK (26ms)
[wrangler:inf] PUT /images/ingest/external%2Faeb34c10ac59e2d0f09bf6d3bee2c3965a15e0f8.png 200 OK (29ms)
[wrangler:inf] PUT /images/ingest/external%2Fc763f73b8e7606f0de3ad219d69cc81ff6607ca5.png 200 OK (35ms)
[wrangler:inf] PUT /images/ingest/external%2F9925b400e023cc39c6e36670260b9a0beff63606.png 200 OK (10ms)
[wrangler:inf] PUT /images/ingest/external%2Ff6b2b3ce87962883d75fd628495ad0c97ac12bc0.png 200 OK (19ms)
[wrangler:inf] PUT /images/ingest/external%2F0e4723a7769b53bb588da747f27400af74fbc911.png 200 OK (27ms)
[wrangler:inf] PUT /images/ingest/external%2Fb1d18bb0753c1b75b739e739990f17cfc5a021ba.png 200 OK (30ms)
[wrangler:inf] PUT /images/ingest/external%2F9e61f763ad6df94fc8e150ba2bcd4be18bf413d2.png 200 OK (37ms)
[wrangler:inf] PUT /images/ingest/external%2Fa31cc91d719f40f6ca6b009eb0dcdea116ef4332.png 200 OK (38ms)
[wrangler:inf] PUT /images/ingest/external%2Ff798981784bc47c85f315025ed21c58403cf8bef.png 200 OK (10ms)
[wrangler:inf] PUT /images/ingest/external%2F7ef5bbafc65709210a9a6ae541986eedf286b167.png 200 OK (23ms)
[wrangler:inf] PUT /images/ingest/external%2Fef51a743800dfa7f66a078655675e9a895e98d88.png 200 OK (27ms)
[wrangler:inf] PUT /images/ingest/external%2F346030f5ea240d8fe4d4df7d72c034249f49aded.png 200 OK (30ms)
[wrangler:inf] PUT /images/ingest/external%2Fb1be914809fc819bb40a16c7df7a13220f10f3e2.png 200 OK (33ms)
[wrangler:inf] PUT /images/ingest/external%2F4307513490c8e16882891823c2b38b1b1cf44893.png 200 OK (27ms)
[wrangler:inf] PUT /images/ingest/external%2Fbce578fd44b4f5ebf8d0cc70f3e33ca4f4077fba.png 200 OK (26ms)
[wrangler:inf] PUT /images/ingest/external%2F003fe9c6b1298c550d840237233561714afb7aca.png 200 OK (32ms)
[wrangler:inf] PUT /images/ingest/external%2F5e6df7c45433ab276adb5bc8252bc0e78fe2832a.png 200 OK (11ms)
[wrangler:inf] PUT /images/ingest/external%2F96081795489bc264321943fe5119046134ca9be7.png 200 OK (12ms)
[wrangler:inf] PUT /images/ingest/external%2F7fdc75e7495f88cee30f0ac662105a8560d246c1.png 200 OK (24ms)
[wrangler:inf] PUT /images/ingest/external%2Ff93040976a9a7c0b252e963bc5146f027d8e8f31.png 200 OK (31ms)
[wrangler:inf] PUT /images/ingest/external%2F1b1c5e8eb9d72e2b04f71d6afd5d8d809d80487d.png 200 OK (41ms)
[wrangler:inf] PUT /images/ingest/external%2F75c4e1c60946467645f977b9832c64b133256382.png 200 OK (27ms)
[wrangler:inf] PUT /images/ingest/external%2Fb97f3383aa759f15d2960f920bbf48d5c2bdbd2f.png 200 OK (47ms)
[wrangler:inf] PUT /images/ingest/external%2Fa1b33088eb295aca007f113e9a5018c6eaf6d739.png 200 OK (10ms)
[wrangler:inf] PUT /images/ingest/external%2F8e5088195371e9a64dd7489afe67b037aa601635.png 200 OK (9ms)
[wrangler:inf] PUT /images/ingest/external%2Ff72134a315d32e5410911ee7b8ff5323654c2def.png 200 OK (12ms)
[wrangler:inf] PUT /images/ingest/external%2F4d33f401f155def90abecc83f003c6b8ef5d32d6.png 200 OK (9ms)
[wrangler:inf] PUT /images/ingest/external%2Fed99c7885e40ba6191c3fb72236c12ee4c82d63e.png 200 OK (12ms)
[wrangler:inf] PUT /images/ingest/external%2Fe2c15a42e10a55982e1461dd2914cec044b6067d.png 200 OK (16ms)
[wrangler:inf] PUT /images/ingest/external%2F6b50243660ea946cb3909f9744b8f0872bba2040.png 200 OK (19ms)
[wrangler:inf] PUT /images/ingest/external%2F74c2af2ed97d8b1c11712ca35de8420988b2731c.png 200 OK (20ms)
[wrangler:inf] PUT /images/ingest/external%2F751e4aaa98f461cd3e7109c81948b744aa7cb19f.png 200 OK (11ms)
[wrangler:inf] PUT /images/ingest/external%2Febc68c5cfc4899f3bafcaa2ffe12335fa0d96ab5.png 200 OK (17ms)
[wrangler:inf] PUT /images/ingest/external%2F8c1e41a6a15ae8957aaa502a270d85c37cec4a12.png 200 OK (26ms)
[wrangler:inf] PUT /images/ingest/external%2F7e2b940eb068537756f63c00cf505a9a828544a8.png 200 OK (31ms)
[wrangler:inf] PUT /images/ingest/external%2F286101d988508aae3b184224325630b5a1138b99.png 200 OK (34ms)
[wrangler:inf] PUT /images/ingest/external%2Fdf7a119c7be98a6bfc5235e5335d556d0fbe5d03.png 200 OK (37ms)
[wrangler:inf] PUT /images/ingest/external%2F388500f5eb8d15b52e9102b8424193cee28c04da.png 200 OK (37ms)
[wrangler:inf] PUT /images/ingest/external%2F3e0b7a96af49ff0856f6a3a3718fe614ed2dba0b.png 200 OK (11ms)
[wrangler:inf] PUT /images/ingest/external%2Fec19c9719d87d9c51bbe93a34a1083ca1a8bed2a.png 200 OK (10ms)
[wrangler:inf] PUT /images/ingest/external%2F171b0bc25bced6c37ef00b86ae75cbaf9fabfb2f.png 200 OK (15ms)
[wrangler:inf] PUT /images/ingest/external%2F6b1333a6536c67e2b368bd92861527978ab70681.png 200 OK (23ms)
[wrangler:inf] PUT /images/ingest/external%2Fe2df7babc0ec68334f14497372217143f21b6de1.png 200 OK (22ms)
[wrangler:inf] PUT /images/ingest/external%2F64494d285cb263582dc1ce75376f30e6fc1ff626.png 200 OK (13ms)
[wrangler:inf] PUT /images/ingest/external%2F542aca24c999629a9c6a77f19751ee437746f8e5.png 200 OK (18ms)
[wrangler:inf] PUT /images/ingest/external%2Fa6f771c33bc18e186db34b45d9759ac7eda939e8.png 200 OK (21ms)
[wrangler:inf] PUT /images/ingest/external%2F1b8756e6e59b846f4a4e89d3673d300555af86aa.png 200 OK (22ms)
[wrangler:inf] PUT /images/ingest/external%2F4c9ea5a5539019a94ac71b2a8144c38d505edfbd.png 200 OK (31ms)
[wrangler:inf] PUT /images/ingest/external%2Fde7dbaa9d404d6b5efd6f64274888d88d99a8a3e.png 200 OK (13ms)
[wrangler:inf] PUT /images/ingest/external%2Fb29857d997272cd5d2167e55ddfb694cb18c360b.png 200 OK (24ms)
[wrangler:inf] PUT /images/ingest/external%2F5b19c970c02207eeec99a777db6d75a428ad595f.png 200 OK (28ms)
[wrangler:inf] PUT /images/ingest/external%2Fb41916fe000398fffe33bc310c919d7dce1d16eb.png 200 OK (36ms)
[wrangler:inf] PUT /images/ingest/external%2F7bfa5652efef3589aef4d4b81916c7f8b1b746e6.png 200 OK (32ms)
[wrangler:inf] PUT /images/ingest/external%2Fc969bd0562577da9ef52a70c78e1b1094d78ece8.png 200 OK (38ms)
[wrangler:inf] PUT /images/ingest/external%2F6548497834971559604d7c6da31db536a4bfc57f.png 200 OK (10ms)
[wrangler:inf] PUT /images/ingest/external%2F775b48ce479b50b26ebcf2afa477591a38954146.png 200 OK (16ms)
[wrangler:inf] PUT /images/ingest/external%2F8ccc1480f656dd18e67ca582162dc6c94d19c371.png 200 OK (13ms)
[wrangler:inf] PUT /images/ingest/external%2F4979493b98df76f57340a4ad180dcd1321068a51.png 200 OK (10ms)
[wrangler:inf] PUT /images/ingest/external%2F3911f911ee3e6e30f2e743512f323847178916d4.png 200 OK (10ms)
[wrangler:inf] PUT /images/ingest/external%2F256cc88cb951075ca83fbb14dfde2d23fd588222.png 200 OK (19ms)
[wrangler:inf] PUT /images/ingest/external%2F0e225c00c15878e6194ad134c3b769d4e715b0f3.png 200 OK (24ms)
[wrangler:inf] PUT /images/ingest/external%2F4c67b0a31a300751b1802665693fda7a0a0a7452.png 200 OK (27ms)
[wrangler:inf] PUT /images/ingest/external%2Fe20cba4365c6b25221e7033a183da9f74295f049.png 200 OK (33ms)
[wrangler:inf] PUT /images/ingest/external%2F8d0e6aad1b153a5477bb3d8dc863cdad2b78fbb4.png 200 OK (31ms)
[wrangler:inf] PUT /images/ingest/external%2F9de20b3e445c176c36e6e288fec75a65ba74f6f6.png 200 OK (29ms)
[wrangler:inf] PUT /images/ingest/external%2F37fad8e23f179d9c448c289bbb1cd7a4b88e93fc.png 200 OK (18ms)
[wrangler:inf] PUT /images/ingest/external%2F7cc24593ee59e44665f74532d9505448cd60f26f.png 200 OK (28ms)
[wrangler:inf] PUT /images/ingest/external%2F1b6748e0763710697245e70e4bfe17396087f908.png 200 OK (42ms)
[wrangler:inf] PUT /images/ingest/external%2F9a8e5189dab483ade1ff9310ddbefca0e1da4653.png 200 OK (45ms)
[wrangler:inf] PUT /images/ingest/external%2Ffeddba3245b077d292318731b00b9a360b218b49.png 200 OK (49ms)
[wrangler:inf] PUT /images/ingest/external%2F480fc87b5a8573c932e2b3a7c962e33e1123987b.png 200 OK (55ms)
[wrangler:inf] PUT /images/ingest/external%2Fe1b88e28b7154281f7d257484e42afe95738c5f7.png 200 OK (60ms)
[wrangler:inf] PUT /images/ingest/external%2F9c675e65c8f6f1b93885d944f54e0ac46ecce4d3.png 200 OK (9ms)
[wrangler:inf] PUT /images/ingest/external%2F742ee093f373083d6bd25ff9eb72a5adc2998e49.png 200 OK (14ms)
[wrangler:inf] PUT /images/ingest/external%2Fc9a177a4c9919273fef3ec564ae0b45f59fd887a.png 200 OK (15ms)
[wrangler:inf] PUT /images/ingest/external%2F8a360901d007b7f10dcf4eb0fb42390cfbfbff25.png 200 OK (12ms)
[wrangler:inf] PUT /images/ingest/external%2F7985dbbd9c5fcf4143f7772ef525ca90480c2efd.png 200 OK (27ms)
[wrangler:inf] PUT /images/ingest/external%2F446372e226563856539552ef90bc2f9d219820ff.png 200 OK (30ms)
[wrangler:inf] PUT /images/ingest/external%2Fe20865b3c54a49ab35e5bf5a220b62edd8af44bf.png 200 OK (30ms)
[wrangler:inf] PUT /images/ingest/external%2Fe6685f620075de647c26989f11b59b0747a3fc60.png 200 OK (27ms)
[wrangler:inf] PUT /images/ingest/external%2Fe8c1adf4ae910ca253ada3f37a5541b6f73d6ee0.png 200 OK (10ms)
[wrangler:inf] PUT /images/ingest/external%2F54814908f160b8068bed6c1fc230439dd730ee13.png 200 OK (18ms)
[wrangler:inf] PUT /images/ingest/external%2F2267bb4f4bb73ab1f13b68186e9f4c41fc3b867b.png 200 OK (16ms)
[wrangler:inf] PUT /images/ingest/external%2F1a0212baaab729399a9efd5097bcec44a69fce7f.png 200 OK (12ms)
[wrangler:inf] PUT /images/ingest/external%2F2359b981119c3b33f1d71f43706139a2343ded2c.png 200 OK (21ms)
[wrangler:inf] PUT /images/ingest/external%2F9073bfbdc20f7b4dc3cb19dc84866a6c99240272.png 200 OK (22ms)
[wrangler:inf] PUT /images/ingest/external%2Fb55c0605a3cbc84d9dd5ed800fb40147053ad4b7.png 200 OK (15ms)
[wrangler:inf] PUT /images/ingest/external%2F4f1e8db3c7c1a083854c18b4d199a11f38b85da0.png 200 OK (9ms)
[wrangler:inf] PUT /images/ingest/external%2Fdd6ee9799d32f6c12c1be9d274d28192d76dceb4.png 200 OK (15ms)
[wrangler:inf] PUT /images/ingest/external%2F2b1bd6ececb31a3c5a9c8b1693d2ca335761ccf5.png 200 OK (9ms)
[wrangler:inf] PUT /images/ingest/external%2F7de895c731d8e3f07b6c55b0950cb8a473c2d235.jpg 200 OK (8ms)
[wrangler:inf] PUT /images/ingest/external%2Fe965dddd278d59e4e8d2c2d1a9ba02a2ea168ae7.jpg 200 OK (8ms)
[wrangler:inf] PUT /images/ingest/external%2Fb6df539cb77df1968a3b01631b2656c5de7596cc.png 200 OK (10ms)
[wrangler:inf] PUT /images/ingest/external%2F965773678d8a6adbd7614c601d7d03912fe5c4da.png 200 OK (17ms)
[wrangler:inf] PUT /images/ingest/external%2F4b9f2b39f3b484f2f6ed65a553a0662848b7dd93.png 200 OK (15ms)
[wrangler:inf] PUT /images/ingest/external%2F45b9052902a14445b4890abe48e29b7192fd4604.png 200 OK (10ms)
[wrangler:inf] PUT /images/ingest/external%2F8f5bdb0649008ac8024a438577b3dc70ed0722c4.jpg 200 OK (11ms)
[wrangler:inf] PUT /images/ingest/external%2F147ccd66f2509ed8f8f58604a581dfcefde6f85e.jpg 200 OK (16ms)
[wrangler:inf] PUT /images/ingest/external%2Fbeaf2e9788ff2530fa3f7317fa476ae4ddf02e4a.jpg 200 OK (11ms)
[wrangler:inf] PUT /images/ingest/external%2F8a7d65cdc40480519a173fe974f21c6165bfa7f6.jpg 200 OK (12ms)
[wrangler:inf] PUT /images/ingest/external%2F8c0eb1565ac977f531d0fba753a2eb6792e8ec2e.png 200 OK (12ms)
[wrangler:inf] PUT /images/ingest/external%2F285b73e1161699ba3c341862f7f4f55b18cf3ad7.jpg 200 OK (23ms)
[wrangler:inf] PUT /images/ingest/external%2Fec95565426cad7b6f103f606930e8986a9f0f205.jpg 200 OK (31ms)
[wrangler:inf] PUT /images/ingest/external%2F20f5f3c9e9e9cbb9f92c36fc76685596b4e2da8a.png 200 OK (37ms)
[wrangler:inf] PUT /images/ingest/external%2F636babd5055d77aa27f562e3d52277e850f6e5d8.png 200 OK (42ms)
[wrangler:inf] PUT /images/ingest/external%2F60ad7bdb39816527e437439e488b5400d7a921fa.jpg 200 OK (45ms)
[wrangler:inf] PUT /images/ingest/external%2F3a927bb19bcc6bb03b3513aaa2f96aa9140062dc.png 200 OK (51ms)
[wrangler:inf] PUT /images/ingest/external%2F95b584c79fb09a01f57cc1c2c475882d23a8caae.jpg 200 OK (47ms)
[wrangler:inf] PUT /images/ingest/external%2F7810311d2faa8e1f96d5b2f42382da7cd1d3ea32.png 200 OK (78ms)
[wrangler:inf] PUT /images/ingest/external%2F1298bb05a68a106a27d9b31bd01e2bd1f2e68d6a.png 200 OK (85ms)
[wrangler:inf] PUT /images/ingest/external%2Fd77b3777ade1b03e0aacaab32bba3bd1941c220d.png 200 OK (74ms)
[wrangler:inf] PUT /images/ingest/external%2F141a815a67d6016c5e8b38c4ee81863ba6b37df4.png 200 OK (9ms)
[wrangler:inf] PUT /images/ingest/external%2Fe8f887c2dda26094e615117e41f764625eb4890a.png 200 OK (9ms)
[wrangler:inf] PUT /images/ingest/external%2F20fbe769a05db837ea5b8ca209504edfc6c9add8.png 200 OK (8ms)
[wrangler:inf] PUT /images/ingest/external%2Fdac21e3487a4c832d6c836762f657216bcd6afbb.png 200 OK (9ms)
[wrangler:inf] PUT /images/ingest/external%2F9de3f3d261568860fedd0ba445eea57475606610.png 200 OK (16ms)
[wrangler:inf] PUT /images/ingest/external%2F04b5b477d5e336e2fc586374588815d29bb31d94.png 200 OK (18ms)
[wrangler:inf] PUT /images/ingest/external%2Fd86073bbb4dab745f3dffcc5862eaa9eecf9d4e7.png 200 OK (21ms)
[wrangler:inf] PUT /images/ingest/external%2Fd424442f3a3a770647fa020a6b7170344e5aba8e.png 200 OK (27ms)
[wrangler:inf] PUT /images/ingest/external%2F9183806a49bc3a99175fb689c4bb0dd60dd4cecd.jpg 200 OK (8ms)
[wrangler:inf] PUT /images/ingest/external%2Fd5dac167533f4b702eb1a7497170543596d588da.png 200 OK (11ms)
[wrangler:inf] PUT /images/ingest/external%2Fa828969d327290e2fe81266b44b3e1b758850ca8.jpg 200 OK (9ms)
[wrangler:inf] PUT /images/ingest/external%2Fd8dfb7d65466d2850fc1b6060fdff6fe1dcc4404.jpg 200 OK (7ms)
[wrangler:inf] PUT /images/ingest/external%2Fc74a5ef5a38d1edca6d28173b6ab658443c81271.jpg 200 OK (8ms)
[wrangler:inf] PUT /images/ingest/external%2F20e00d023f688f9767b39f4cd4088961ade9a7a0.jpg 200 OK (8ms)
[wrangler:inf] PUT /images/ingest/external%2F997af9d0f8e7d35fce8ae81ff7c7dbb2a441afb8.jpg 200 OK (8ms)
[wrangler:inf] PUT /images/ingest/external%2Fc611c3d948569e58ade1e0b4e3e1d010876f066a.jpg 200 OK (10ms)
[wrangler:inf] PUT /images/ingest/external%2F0de1b12596c248c376ddcfbe251a9b88e1353c17.jpg 200 OK (13ms)
[wrangler:inf] PUT /images/ingest/external%2F6ba4ba832d9dab8bf08438cbaff69bbc50b46256.png 200 OK (10ms)
[wrangler:inf] PUT /images/ingest/external%2Fb56658adc8925445f43ab954b2738ac0852ed2ba.png 200 OK (8ms)
[wrangler:inf] PUT /images/ingest/external%2Fd1d0fc571df6234213c3c706f6e912ca6bc108a4.jpg 200 OK (16ms)
[wrangler:inf] PUT /images/ingest/external%2F27cdbefba860b5038066e17ff142ca51aba7b1ed.png 200 OK (22ms)
[wrangler:inf] PUT /images/ingest/external%2F0a744737b5553a02f167ddf711a0dc1ad413fd17.png 200 OK (22ms)
[wrangler:inf] PUT /images/ingest/external%2Fa294a2c776eae18c7821f48b33f749a31609b81f.png 200 OK (11ms)
[wrangler:inf] PUT /images/ingest/external%2Ff2da2ed69327a3a5536187676ffa870dbad58114.png 200 OK (17ms)
[wrangler:inf] PUT /images/ingest/external%2Ff5179f1092307af99a258fdd0dd78b0abd889579.jpg 200 OK (8ms)
[wrangler:inf] PUT /images/ingest/external%2F5ce1bb84b542eb13340bfbaf969515cfc54d9e7a.jpg 200 OK (10ms)
[wrangler:inf] PUT /images/ingest/external%2Fe99f0e32d19740405b50c2baca0e67e1cec48c87.png 200 OK (15ms)
[wrangler:inf] PUT /images/ingest/external%2Fa5783f51f45d14cb4455e6624c2de012c4640d01.png 200 OK (9ms)
[wrangler:inf] PUT /images/ingest/external%2Feb6e6416bf94e31f4c0731727c0656530171eaf3.png 200 OK (14ms)
[wrangler:inf] PUT /images/ingest/external%2Fbc69119c7a1f47179c61c0d427850e8cfe574f5c.png 200 OK (18ms)
[wrangler:inf] PUT /images/ingest/external%2F81dbe8ded41a053ffbecd5707c998a6008e38777.png 200 OK (8ms)
[wrangler:inf] PUT /images/ingest/external%2F52ef827e089a530aa25dce2c067d7899ac161f14.png 200 OK (7ms)
[wrangler:inf] PUT /images/ingest/external%2F002d0633a391b1c27118534cb7257e9615b56494.png 200 OK (16ms)
[wrangler:inf] PUT /images/ingest/external%2F5b0b48ea908d52fa3f182c7c61c97c375611c89c.png 200 OK (20ms)
[wrangler:inf] PUT /images/ingest/external%2F982460f25a0c08ae5d11623771c266eaab80e501.png 200 OK (28ms)
[wrangler:inf] PUT /images/ingest/external%2Fcbb42f97c1df6b3469ad1ad6ab5914cf4beaba10.png 200 OK (37ms)
[wrangler:inf] PUT /images/ingest/external%2F8e931228da384427f50a09dc51d6b5c1d953d6cb.png 200 OK (42ms)
[wrangler:inf] PUT /images/ingest/external%2F292d176b864f32681427f6413bcd6fa8aaf3c1c9.png 200 OK (47ms)
[wrangler:inf] PUT /images/ingest/external%2F963edad4774f3b038da479f348e94ef65243c3fb.png 200 OK (50ms)
[wrangler:inf] PUT /images/ingest/external%2F58305b5df3f4478ee99c3a754bd764831ccf37d4.png 200 OK (49ms)
[wrangler:inf] PUT /images/ingest/external%2Fc1a9af1515ac92d9d2bf568b1e9087921953df90.png 200 OK (55ms)
[wrangler:inf] PUT /images/ingest/external%2F201c87f80db3f7b145d2f619e563748beb4fd03b.jpg 200 OK (73ms)
[wrangler:inf] PUT /images/ingest/external%2F8d4d23adcf6ce7c8938369063f0a1bc8b30efdfe.png 200 OK (65ms)
[wrangler:inf] PUT /images/ingest/external%2F7bed16daafec9bc7fd264c15708166c5024b20ec.png 200 OK (9ms)
[wrangler:inf] PUT /images/ingest/external%2F6177d0a30fb9359a5ebcd73c672b2f8262e41ded.png 200 OK (15ms)
[wrangler:inf] PUT /images/ingest/external%2F668ec6dd8d8be9851de2fbdf6fdf9f8d471edfb9.jpg 200 OK (14ms)
[wrangler:inf] PUT /images/ingest/external%2F2f1ea5f509880e1d28ac44e9fbc08bfad667e0fb.jpg 200 OK (9ms)
[wrangler:inf] PUT /images/ingest/external%2F4e4c15e224993c7e6262dd3ac6df1d5b6b6b552f.png 200 OK (10ms)
[wrangler:inf] PUT /images/ingest/external%2Fd80c571a065aab28aafbceb57f975540df2384ba.png 200 OK (8ms)
[wrangler:inf] PUT /images/ingest/external%2Fd27754ddaaab004926197bf9f5a797516a4b0039.png 200 OK (8ms)
[wrangler:inf] PUT /images/ingest/external%2F18cabf9f82c66177f390b97f8c020a51baaf6997.jpg 200 OK (10ms)
[wrangler:inf] PUT /images/ingest/external%2F58fa2a8ec9aff0389f447fd4bbed819800695b96.jpg 200 OK (12ms)
[wrangler:inf] PUT /images/ingest/external%2Faf0da1f13031798ac3c78e075b372ab248daf7a7.png 200 OK (14ms)
[wrangler:inf] PUT /images/ingest/external%2F37bf0a81f4f485483da1804414937c2b4524694f.png 200 OK (15ms)
[wrangler:inf] PUT /images/ingest/external%2F9e797309b26a02f2387ee75d82def6b0467ca853.png 200 OK (9ms)
[wrangler:inf] PUT /images/ingest/external%2Ff3d091ebd7845f0fb8919e4c90444bbe4c3d2b0d.jpg 200 OK (8ms)
[wrangler:inf] PUT /images/ingest/external%2Fa39102ad6dc4f8a11aa0a64b2a7ab997a042878c.jpg 200 OK (7ms)
[wrangler:inf] PUT /images/ingest/external%2F17eefbb81320e694b01fd64b8d2e06a2341a316f.png 200 OK (8ms)
[wrangler:inf] PUT /images/ingest/external%2F8cdfbb4f4148bbc570ae61c665ef3da3fdfd55cb.png 200 OK (11ms)
[wrangler:inf] PUT /images/ingest/external%2Fe5730dc0d63761560b2d4d9fe45c3c0c296483c5.png 200 OK (17ms)
[wrangler:inf] PUT /images/ingest/external%2F9ff857958e3151a5e079d261627ae4f4e6575901.png 200 OK (8ms)
[wrangler:inf] PUT /images/ingest/external%2F20e52737f0170ced49b0ee58056434f78d8dacc9.png 200 OK (9ms)
[wrangler:inf] PUT /images/ingest/external%2Fec5e58caac71f938edc1fb15112287181ed37b80.png 200 OK (18ms)
[wrangler:inf] PUT /images/ingest/external%2F21541aa8c8c44f250cf8537614d9009ec6dffeb6.jpg 200 OK (25ms)
[wrangler:inf] PUT /images/ingest/external%2Ff3e69f5f298aca8d085a1f99fd71bd39b6745ddb.png 200 OK (26ms)
[wrangler:inf] PUT /images/ingest/external%2F6f5744fdeb5ef2e63caa7bfaffc1659fc7b0e027.jpg 200 OK (28ms)
[wrangler:inf] PUT /images/ingest/external%2F0c7db0c90cfb6a175c294fbf5454240df0e9abc4.png 200 OK (28ms)
[wrangler:inf] PUT /images/ingest/external%2F8d3ea19fb682bff9de05d74d3e8f14fdfee04686.png 200 OK (11ms)
[wrangler:inf] PUT /images/ingest/external%2Fae094016d1a3d93cbcf9c2f5c0491f1b6df216d3.png 200 OK (20ms)
[wrangler:inf] PUT /images/ingest/external%2Fd63ebda8c0f1dda0154a785e6afa5322cd44ac2d.jpg 200 OK (24ms)
[wrangler:inf] PUT /images/ingest/external%2F93703adf05f1e79fac5aee3016a7dcec5153b234.jpg 200 OK (29ms)
[wrangler:inf] PUT /images/ingest/external%2Fb219c45ac60a8a774431ade668bb44364e57100f.png 200 OK (36ms)
[wrangler:inf] PUT /images/ingest/external%2F8a39d7c860f437250731f2b5adee9e4eda73c124.png 200 OK (27ms)
[wrangler:inf] PUT /images/ingest/external%2F7b5dba53e31bbf362f58789402258dec94b60748.png 200 OK (22ms)
[wrangler:inf] PUT /images/ingest/external%2Fcd7a98222116fea8ca95d9380707fb0f37de8899.png 200 OK (27ms)
[wrangler:inf] PUT /images/ingest/external%2F5417050d14d3ec21294a08fa22cd3b6d8cd5e858.jpg 200 OK (9ms)
[wrangler:inf] PUT /images/ingest/external%2F540f5eb475792c2088e7819cad0afb26791fbfcf.jpg 200 OK (12ms)
[wrangler:inf] PUT /images/ingest/external%2Fdb17940445b137390f83345cdf668e814c6aad1d.jpg 200 OK (18ms)
[wrangler:inf] PUT /images/ingest/external%2F37722312ca532565cdb5badbc465b6bddb6ef124.jpg 200 OK (17ms)
[wrangler:inf] PUT /images/ingest/external%2F48490e81e1ac3aaf30c8defcca28bf8ca4c8112f.jpg 200 OK (21ms)
[wrangler:inf] PUT /images/ingest/external%2F5dcd0606e08b6038bba42f2eff5179c5af978fd5.png 200 OK (29ms)
[wrangler:inf] PUT /images/ingest/external%2Fe160e1954f1cdb2054e9df6aff3e4b6f16b1c17e.png 200 OK (32ms)
[wrangler:inf] PUT /images/ingest/external%2F6a0f8cd0cc6095f386d0b9726fc500b51e0a330a.png 200 OK (25ms)
[wrangler:inf] PUT /images/ingest/external%2Fa67a92628a73931b2c9250227f0ae707e34c97ac.png 200 OK (12ms)
[wrangler:inf] PUT /images/ingest/external%2F79611ec51834aa643795f19cd6a161f0ecc2ddd3.jpg 200 OK (13ms)
[wrangler:inf] PUT /images/ingest/external%2F62c30ee048cf536c5c2f488f8526554e791b80c2.jpg 200 OK (25ms)
[wrangler:inf] PUT /images/ingest/external%2Ff16bc00f109b1db45c0e2cb16ccf7e207c4b3780.jpg 200 OK (21ms)
[wrangler:inf] PUT /images/ingest/external%2F67addcc28fed18d1998fca12ba28db37e06a2f31.jpg 200 OK (30ms)
[wrangler:inf] PUT /images/ingest/external%2F49c0097820f26ffc5df5d076d9634d04a10f3118.png 200 OK (34ms)
[wrangler:inf] PUT /images/ingest/external%2F28da96e98b116876e070f476b964566bf623e362.jpg 200 OK (36ms)
[wrangler:inf] PUT /images/ingest/external%2F61d50663b67d11d480c56793d1ba5cedbd188309.jpg 200 OK (41ms)
[wrangler:inf] PUT /images/ingest/external%2Ff692b6ddd5dc5dc7e78ac1eb481af5b97027f136.png 200 OK (10ms)
[wrangler:inf] PUT /images/ingest/external%2F990b90efe38379d2f01aebf5cc2a31b2e0875341.png 200 OK (9ms)
[wrangler:inf] PUT /images/ingest/external%2F105e0d76185deaefeabdfa462ce4ead8b6c426e4.png 200 OK (13ms)
[wrangler:inf] PUT /images/ingest/external%2F9278332254320a91aa27d6df22f91e4a72812b4c.png 200 OK (8ms)
[wrangler:inf] PUT /images/ingest/external%2F8dbc7fa8b03817c13f265ecd0d94d32c36847e11.jpg 200 OK (8ms)
[wrangler:inf] PUT /images/ingest/external%2F655e91d3cc6893d99474310f3d655ccfd856cd92.jpg 200 OK (15ms)
[wrangler:inf] PUT /images/ingest/external%2Fa9adaa90ed229f9d15f0f346fe933de420c871ff.jpg 200 OK (15ms)
[wrangler:inf] PUT /images/ingest/external%2Ff81dede07fefc2fc7321abd271743db6cd23ae28.jpg 200 OK (9ms)
[wrangler:inf] PUT /images/ingest/external%2F255cd8500f2136621d21400d609da50bf60f83ec.jpg 200 OK (10ms)
[wrangler:inf] PUT /images/ingest/external%2F2b31e736969b7d2a2c9205443fd0c60e6d2c829f.png 200 OK (13ms)
[wrangler:inf] PUT /images/ingest/external%2F317633367cdd6705918b80b77930ed1241b46eb1.jpg 200 OK (20ms)
[wrangler:inf] PUT /images/ingest/external%2Fdab41f9b6ebfee28ad3a08b9a06179887dcccbba.png 200 OK (9ms)
[wrangler:inf] PUT /images/ingest/external%2Fc3b9423906458607fdb66e5b384a9e93edb49a7b.jpg 200 OK (13ms)
[wrangler:inf] PUT /images/ingest/external%2Fd68cc318547a92a97bd73478f859f8a3b403e4d7.jpg 200 OK (20ms)
[wrangler:inf] PUT /images/ingest/external%2F3cee46fa30b7b1d8c8dd73642ea2a36d4e32c823.jpg 200 OK (15ms)
[wrangler:inf] PUT /images/ingest/external%2Fa50c4405cb5b3d7f860d5019fd07d0fbebb22b2b.jpg 200 OK (20ms)
[wrangler:inf] PUT /images/ingest/external%2Fdd93cda0d200b5c32ff4303e88c549fba5e4480a.png 200 OK (9ms)
[wrangler:inf] PUT /images/ingest/external%2F90dcf0655dc63641896a21e1f10d4f2721b1f916.jpg 200 OK (9ms)
[wrangler:inf] PUT /images/ingest/external%2Fbc44e6aa6e4e121bb44544fcb4362e19f0dac477.png 200 OK (9ms)
[wrangler:inf] PUT /images/ingest/external%2F50b0b8bb458adee48146741ca5d3b74ffa3c8d70.png 200 OK (9ms)
[wrangler:inf] PUT /images/ingest/external%2F8d0547ef42323b91e6ee01593007c50338f17b1d.png 200 OK (11ms)
[wrangler:inf] PUT /images/ingest/external%2F9226a585935d17f0f7ee2cce87bebe258cd5280c.png 200 OK (13ms)
[wrangler:inf] PUT /images/ingest/external%2F44bcd466e9196198b41d15d9fa2dc6bcbaec6eac.png 200 OK (9ms)
[wrangler:inf] PUT /images/ingest/external%2F07e47740420574237d8c448440de05012d881be7.png 200 OK (11ms)
[wrangler:inf] PUT /images/ingest/external%2Fe004db131f5b3b35df97ebee384782d4c2ababf5.png 200 OK (17ms)
[wrangler:inf] PUT /images/ingest/external%2F9679a01dc27ec9207bf9ec48e36f54829c518d20.png 200 OK (16ms)
[wrangler:inf] PUT /images/ingest/external%2Fdfe3f1e7d323cea406ff6c7ba9f8663c53f69cd1.png 200 OK (20ms)
[wrangler:inf] PUT /images/ingest/external%2Fcfe9f3c3ef3664fecefae2d6d34016afa09124d7.png 200 OK (8ms)
[wrangler:inf] PUT /images/ingest/external%2Fa7fbb759d1594ecfaeedfbd8ccabe0cbec2b3b1d.png 200 OK (9ms)
[wrangler:inf] PUT /images/ingest/external%2Fd5cd2fc58348d4b5c24d33b6ae348203afc4fe3e.png 200 OK (9ms)
[wrangler:inf] PUT /images/ingest/external%2F679e404766cb7e49e6c6b459533f05f6480ecabd.png 200 OK (11ms)
[wrangler:inf] PUT /images/ingest/external%2F3adbe5767ceb15e05593c4a89386fd8d74d9a8a1.png 200 OK (16ms)
[wrangler:inf] PUT /images/ingest/external%2Fffb927da4daa743fc5fdbe10307530234beb8727.png 200 OK (16ms)
[wrangler:inf] PUT /images/ingest/external%2F766be7157a77d36f5ebbd9f6a518e8356424ed01.png 200 OK (32ms)
[wrangler:inf] PUT /images/ingest/external%2F94e2f48df80b90ef690879ee8df735354897913b.png 200 OK (41ms)
[wrangler:inf] PUT /images/ingest/external%2Fff7c729fbe64a5ed47ca607baac9653e4c3b64b5.png 200 OK (45ms)
[wrangler:inf] PUT /images/ingest/external%2Fec0e8a070aff08bd17cb989bde807e3d1359ab0b.png 200 OK (50ms)
[wrangler:inf] PUT /images/ingest/external%2Fc42a0b1ad59c143cf380752c362a0dce9601296b.png 200 OK (55ms)
[wrangler:inf] PUT /images/ingest/external%2F589dfda8262020dd5a7dec87da6f89ba761327dd.png 200 OK (60ms)
[wrangler:inf] PUT /images/ingest/external%2F7352e26d4824c0c0d2c8a0261da507ad04bf922f.png 200 OK (63ms)
[wrangler:inf] PUT /images/ingest/external%2Feeb0dd0e0d6ab4a92b77a2fffaacea0972d91790.png 200 OK (70ms)
[wrangler:inf] PUT /images/ingest/external%2Fe8d6ba4eeee72d40fa9692feeab33dfd7b0a8032.png 200 OK (9ms)
[wrangler:inf] PUT /images/ingest/external%2Fce1f776f0a0b835764840c6827e93c3720395eee.png 200 OK (11ms)
[wrangler:inf] PUT /images/ingest/external%2Fc72847966aff57754e1de6772a038aaeb8cb68b6.jpg 200 OK (13ms)
[wrangler:inf] PUT /images/ingest/external%2F0560b5cb7a7ecc4088806e237ecfc71607d46529.png 200 OK (11ms)
[wrangler:inf] PUT /images/ingest/external%2Fc86aaf1516d5b3dc01c4d8563e75cdb9e57d56b0.jpg 200 OK (24ms)
[wrangler:inf] PUT /images/ingest/external%2F33589551324d50bd2404b4fdeb304e47662f6176.jpg 200 OK (27ms)
[wrangler:inf] PUT /images/ingest/external%2Fc0e76b389ecd6798478c46a8c9cec59278427340.png 200 OK (33ms)
[wrangler:inf] PUT /images/ingest/external%2F62f17631a41a1f2e6e5938378c7701322b6f5400.png 200 OK (38ms)
[wrangler:inf] PUT /images/ingest/external%2F185764bb370210c957ca29984f5f2bf30a56cabe.jpg 200 OK (33ms)
[wrangler:inf] PUT /images/ingest/external%2Ff803d7c502de5ae26ee8d4a228b099a11635f81d.jpg 200 OK (37ms)
[wrangler:inf] PUT /images/ingest/external%2F876b826d25f1dd5401b647cb3caec5c33965fbc2.png 200 OK (11ms)
[wrangler:inf] PUT /images/ingest/external%2F1df42b5daacd52ba15777c06201396e2f298ece6.png 200 OK (15ms)
[wrangler:inf] PUT /images/ingest/external%2F1822f080b3fc459173d22ef5a50a504da3fe13d8.png 200 OK (10ms)
[wrangler:inf] PUT /images/ingest/external%2F5a2afda607ae9b39d30e1c6181cf2fbecc1c40c9.png 200 OK (10ms)
[wrangler:inf] PUT /images/ingest/external%2F69ca726c13fd485263255c2bfd24ad06ba8a034a.png 200 OK (41ms)
[wrangler:inf] PUT /images/ingest/external%2Fcd9a089d6fcf78c073a2ac9caca05c1280df5839.png 200 OK (52ms)
[wrangler:inf] PUT /images/ingest/external%2Fe984c8fc7e570b3870155c2bf13a43a3b4878f22.png 200 OK (45ms)
[wrangler:inf] PUT /images/ingest/external%2F27b0598d567a28e2c0675df7a848cff480d5909c.png 200 OK (73ms)
[wrangler:inf] PUT /images/ingest/external%2F07bdc6656bde450ebba482f5516100b54fd54276.png 200 OK (69ms)
[wrangler:inf] PUT /images/ingest/external%2Fbdbe50bee754b4d2337bda2df22c1cdd0bc01363.jpg 200 OK (63ms)
[wrangler:inf] PUT /images/ingest/external%2F461830e09735559ae969baa63818ad51befe6f9d.png 200 OK (104ms)
[wrangler:inf] PUT /images/ingest/external%2F678caf3a06a980e9a8ff1fd6e930ddd02bb10af4.jpg 200 OK (76ms)
[wrangler:inf] PUT /images/ingest/external%2Ff4b34a082a91668a66f9d2005c381ab347e74fd8.png 200 OK (78ms)
[wrangler:inf] PUT /images/ingest/external%2Fd59bd50c319076c06d5814c4665c2780f2f5c07a.png 200 OK (77ms)
[wrangler:inf] PUT /images/ingest/external%2F68d778cd78c21bd8c064833dddd168cb37086d1b.jpg 200 OK (51ms)
[wrangler:inf] PUT /images/ingest/external%2Fe573864dc92dd1c4668568203337afc094af4719.jpg 200 OK (34ms)
[wrangler:inf] PUT /images/ingest/external%2F0adf0131e13e41cf4c6542301e93de8ed3b06037.png 200 OK (33ms)
[wrangler:inf] PUT /images/ingest/external%2Ff720f1005367ef31f2ba859f4b30fa9e68f4d5d1.jpg 200 OK (55ms)
[wrangler:inf] PUT /images/ingest/external%2Fe30728841ba81313b6f94ede3c0e4b257fc9f519.jpg 200 OK (84ms)
[wrangler:inf] PUT /images/ingest/external%2Fb8bb2f52f5c0b895ed73e89210616793266727f2.jpg 200 OK (108ms)
[wrangler:inf] PUT /images/ingest/external%2F12ecc7d1c622397077ec4a069d0f7fc07ed8f2a5.jpg 200 OK (79ms)
[wrangler:inf] PUT /images/ingest/external%2Fbddf062d04abc533d5a1edb99ea79eb48e5cce9d.jpg 200 OK (91ms)
[wrangler:inf] PUT /images/ingest/external%2F9316e1e97a659246f32b62d50601f03185ac3f47.png 200 OK (98ms)
[wrangler:inf] PUT /images/ingest/external%2F1718a650c2842a5e2cd48ea0b46e06dfcaf55fd1.jpg 200 OK (93ms)
[wrangler:inf] PUT /images/ingest/external%2F95d0564e1769e119092044f7769aae190865fe63.png 200 OK (68ms)
[wrangler:inf] PUT /images/ingest/external%2F1c056a15094f15bbc2be5730cdd1392e863f4d2b.png 200 OK (85ms)
[wrangler:inf] PUT /images/ingest/external%2Fe7b203b6b57aefe1d6750dfb08dd4c3b91279a6b.png 200 OK (74ms)
[wrangler:inf] PUT /images/ingest/external%2Fcea8b5ef67661c64e649c90575458c02cf213831.png 200 OK (176ms)
[wrangler:inf] PUT /images/ingest/external%2F5351aad062af255e20e5dee62a12cd59559b56ee.png 200 OK (99ms)
[wrangler:inf] PUT /images/ingest/external%2F02225bba9733cc17704a567ff4405b99f894f0c9.png 200 OK (98ms)
[wrangler:inf] PUT /images/ingest/external%2Fe80f45ac3d70e28f789686fbc6ea8fcec84ccb9f.jpg 200 OK (21ms)
[wrangler:inf] PUT /images/ingest/external%2F773ac884d6dc2b0c836dd55f1b6c01ab8ccab879.jpg 200 OK (20ms)
[wrangler:inf] PUT /images/ingest/external%2F1c7f8e7033d7f4cfa0d58ecb348ec5e6f489b04b.png 200 OK (34ms)
[wrangler:inf] PUT /images/ingest/external%2F54d252a8bc96029b3d72451d060b202020594745.jpg 200 OK (41ms)
[wrangler:inf] PUT /images/ingest/external%2Fcc0f3b2f44ba1082e7bd43bcd0323c5fb28119d2.png 200 OK (57ms)
[wrangler:inf] PUT /images/ingest/external%2Fcd49ce6c7a301ab7264c31113584f2e82b6f88d9.png 200 OK (30ms)
[wrangler:inf] PUT /images/ingest/external%2Fa833fb96f3cb967a1ebba4a68207a846ca2af491.png 200 OK (39ms)
[wrangler:inf] PUT /images/ingest/external%2F3cf70ffc55dd70dd140eaf0c00ec09b4a068fb4e.png 200 OK (35ms)
[wrangler:inf] PUT /images/ingest/external%2Fe5aef12ae0efb4960506954b73d3c4aebe93abbd.png 200 OK (29ms)
[wrangler:inf] PUT /images/ingest/external%2F1062ec5ee388c8fc299512fa661711020ff95144.png 200 OK (27ms)
[wrangler:inf] PUT /images/ingest/external%2Fbcfee3541838f4b2d61bf58e0b00e11ab42ebaf4.jpg 200 OK (14ms)
[wrangler:inf] PUT /images/ingest/external%2F23042fa27c0227c7443b2fd2e14fef8aed379100.jpg 200 OK (24ms)
[wrangler:inf] PUT /images/ingest/external%2F343bf0a54785942f76b9a54000f4fb58f74563c1.png 200 OK (18ms)
[wrangler:inf] PUT /images/ingest/external%2F54c00f59d1a604ad69ad9dafc6c73af77ef4cf10.png 200 OK (35ms)
[wrangler:inf] PUT /images/ingest/external%2Fb4933fe6b70c5bad3bba95031cd75eeffce24347.png 200 OK (42ms)
[wrangler:inf] PUT /images/ingest/external%2F87f90d62f610e99d5088b812bcd95e0738b9940c.jpg 200 OK (51ms)
[wrangler:inf] PUT /images/ingest/external%2F22ed4d0bdbdba6bdbda2c5edb012c975d7f791bc.jpg 200 OK (42ms)
[wrangler:inf] PUT /images/ingest/external%2F3dfc4206f3714cc7bb03b8a91353a43fc73c6818.png 200 OK (22ms)
[wrangler:inf] PUT /images/ingest/external%2Fff7c143ae6cab582472b82fe63d2df3395a23732.png 200 OK (25ms)
[wrangler:inf] PUT /images/ingest/external%2F71fbcb106ed39deadbf458c9a365ad995103c679.png 200 OK (28ms)
[wrangler:inf] PUT /images/ingest/external%2F3164c39be1f5e923a28e19ec8f14d460221bfd1a.png 200 OK (34ms)
[wrangler:inf] PUT /images/ingest/external%2F650d7b84d1a172832c3240826b147f7152d80177.jpg 200 OK (40ms)
[wrangler:inf] PUT /images/ingest/external%2Fd53080230e397012ba7c1c321f443b65e2d6898c.png 200 OK (56ms)
[wrangler:inf] PUT /images/ingest/external%2F4b162babe69425a71499df0ae074a1ce1012eb54.jpg 200 OK (53ms)
[wrangler:inf] PUT /images/ingest/external%2F4ad5f52591092d3dffc183b27b2f7407049788ce.jpg 200 OK (51ms)
[wrangler:inf] PUT /images/ingest/external%2F26483e10f7ac6b2b4e8b58b14f84ba11e0535dad.jpg 200 OK (57ms)
[wrangler:inf] PUT /images/ingest/external%2F100ad68ffe41279cf74c4d4f93d74bcaf7be7649.png 200 OK (20ms)
[wrangler:inf] PUT /images/ingest/external%2Fb91e4ff9e7de5c49c20dcfc314b3bda4bdf3c17d.png 200 OK (20ms)
[wrangler:inf] PUT /images/ingest/external%2F700e328fa843f2146564fa5f5d42a379fcf43b1e.jpg 200 OK (34ms)
[wrangler:inf] PUT /images/ingest/external%2Face312aed371d9cb67bf8fb15249f8430b076e28.png 200 OK (40ms)
[wrangler:inf] PUT /images/ingest/external%2Fd11339c997cc4c9c0d55d511d11a296c4437c9cf.png 200 OK (77ms)
[wrangler:inf] PUT /images/ingest/external%2F682dd7c22b4955ae99d7c3f20b3d4c533616ebd7.png 200 OK (79ms)
[wrangler:inf] PUT /images/ingest/external%2F1808c21d71567343a26047b85212874d6d4803de.jpg 200 OK (14ms)
[wrangler:inf] PUT /images/ingest/external%2F3d59b0ae76b93b16639a5e172386f167c6b52e53.png 200 OK (19ms)
[wrangler:inf] PUT /images/ingest/external%2F2768e65816e10d2efced07eba6c6869fdc9c9817.jpg 200 OK (21ms)
[wrangler:inf] PUT /images/ingest/external%2F29782170f0ddac439d11cc3c1a02b6dfab4beac9.png 200 OK (24ms)
[wrangler:inf] PUT /images/ingest/external%2F7e31b7a8c6b4409c345ac5d57d513f2d8f1f505d.png 200 OK (34ms)
[wrangler:inf] PUT /images/ingest/external%2F8df7d0e8fb9fc9cf95b9415540feeca55bced951.png 200 OK (13ms)
[wrangler:inf] PUT /images/ingest/external%2F322f9e09ff61eebc1fb6d1b9df6321d46f67944b.png 200 OK (15ms)
[wrangler:inf] PUT /images/ingest/external%2Fad0f0c6a20639abb2ca4296f632f13dc92c77179.jpg 200 OK (13ms)
[wrangler:inf] PUT /images/ingest/external%2F721f2fafdd75a4b1926306ba64a4da61794cfb76.jpg 200 OK (22ms)
[wrangler:inf] PUT /images/ingest/external%2F0c8bd12f6a59507039c0bfc053f0273669f418d2.jpg 200 OK (43ms)
[wrangler:inf] PUT /images/ingest/external%2Fd3e655fe025597f7cc52f58fcf18b0b92d52640e.jpg 200 OK (45ms)
[wrangler:inf] PUT /images/ingest/external%2F8010453f98d9fd400e8186eadc63756ee67d3a87.jpg 200 OK (54ms)
[wrangler:inf] PUT /images/ingest/external%2F854702fcf2a70cdef47e8ff1ce514cd0b2485e01.jpg 200 OK (20ms)
[wrangler:inf] PUT /images/ingest/external%2F57dae1cfce6a8ca781b85cbf4c2fc4e0f36291c4.jpg 200 OK (12ms)
[wrangler:inf] PUT /images/ingest/external%2F2a7612c1bd5835cd0032f2ce39629e50b334404f.png 200 OK (14ms)
[wrangler:inf] PUT /images/ingest/external%2F7eb48390eae9645e88f05c68dd36c6ea16a09637.png 200 OK (17ms)
[wrangler:inf] PUT /images/ingest/external%2F8734e9ae5003deee59fad9022014d819646b9846.png 200 OK (27ms)
[wrangler:inf] PUT /images/ingest/external%2F4839c220f5eb2618a377b4e3e6fe7c6223752558.png 200 OK (39ms)
[wrangler:inf] PUT /images/ingest/external%2F1f132947b348c30ce9cee26786a6698db9e63fb2.png 200 OK (37ms)
[wrangler:inf] PUT /images/ingest/external%2F4aa02f1f72ff0833cec17e52935344200482da48.jpg 200 OK (34ms)
[wrangler:inf] PUT /images/ingest/external%2F64e2c8cb9bd1f458d73af2410b50ca72aec99229.png 200 OK (13ms)
[wrangler:inf] PUT /images/ingest/external%2F9fe76dd401a0ecab99506a3a0729f1a7c8b97bc7.jpg 200 OK (16ms)
[wrangler:inf] PUT /images/ingest/external%2Fe3d5def79b5aadef609798d5e2eebc3e06f02645.png 200 OK (20ms)
[wrangler:inf] PUT /images/ingest/external%2F7ceca8e219499aed3be1f5015bbde63e8063a5db.jpg 200 OK (29ms)
[wrangler:inf] PUT /images/ingest/external%2Fb1d7ff6db366c889e71a2d0e300757ac0b573e7f.png 200 OK (15ms)
[wrangler:inf] PUT /images/ingest/external%2F8752021dc7d63ef7baedce37cf459006f8753ede.png 200 OK (17ms)
[wrangler:inf] PUT /images/ingest/external%2F717093a13305b2a6d337739b4c9f736cd264fbc9.png 200 OK (31ms)
[wrangler:inf] PUT /images/ingest/external%2F053cd5840551da80c03fa69c4a8f7bdd5b08d5e1.png 200 OK (43ms)
[wrangler:inf] PUT /images/ingest/external%2F9defaf84334eba31a0f282bb8d31fa7c7bf1f93a.png 200 OK (17ms)
[wrangler:inf] PUT /images/ingest/external%2Fe1b9866cf31eff05e87e5acc1e0582ca2835929d.png 200 OK (14ms)
[wrangler:inf] PUT /images/ingest/external%2Ff79d0f14355c82b286ac158482628a298450ec8e.png 200 OK (33ms)
[wrangler:inf] PUT /images/ingest/external%2F6d2b3d8e813a33d7c592d023bb634cdb8d17a15f.jpg 200 OK (35ms)
[wrangler:inf] PUT /images/ingest/external%2F04c5399f879132643254fa2f2014d457d314b6e1.jpg 200 OK (39ms)
[wrangler:inf] PUT /images/ingest/external%2F43f48a850cf1773309d0970c996db5bdd1a33328.jpg 200 OK (46ms)
[wrangler:inf] PUT /images/ingest/external%2Fd5f39546d37c279c2b1338711d5b352f050299b9.jpg 200 OK (44ms)
[wrangler:inf] PUT /images/ingest/external%2F27040240aa91d42ee0774139a6129d9cb47478e7.jpg 200 OK (18ms)
[wrangler:inf] PUT /images/ingest/external%2F6d54e1aa962a6d300d99aa19dcefc0c27973c694.png 200 OK (16ms)
[wrangler:inf] PUT /images/ingest/external%2F050bbaa682273b0274ea983d5c4b0bb9682e392a.jpg 200 OK (27ms)
[wrangler:inf] PUT /images/ingest/external%2Fa81bdb415c8a9d3847aa0f69ba4f245f1b8781a2.jpg 200 OK (35ms)
[wrangler:inf] PUT /images/ingest/external%2F253e0668134e039804167d24804a5e336614b7b4.jpg 200 OK (32ms)
[wrangler:inf] PUT /images/ingest/external%2F71403e8d881d41ad443a6ed11d93b27389a5fb82.jpg 200 OK (32ms)
[wrangler:inf] PUT /images/ingest/external%2Fa6037b93722a1a8ece3ce4bd76767d8b0def92e3.jpg 200 OK (27ms)
[wrangler:inf] PUT /images/ingest/external%2F92248228be816c25d70f6f7fb5b623a009ef383e.png 200 OK (38ms)
[wrangler:inf] PUT /images/ingest/external%2Fc3f34ed270395bdebb75570bf1f801931486379b.png 200 OK (41ms)
[wrangler:inf] PUT /images/ingest/external%2Fac958451a106f7149c59342f3fcbee37774f8b04.png 200 OK (20ms)
[wrangler:inf] PUT /images/ingest/external%2Fa6f7acd314e9bc1146133587a624c99f83b7d365.png 200 OK (23ms)
[wrangler:inf] PUT /images/ingest/external%2F322f858347efe0263dafa8e4fbd1a3ef5cd1d933.png 200 OK (22ms)
[wrangler:inf] PUT /images/ingest/external%2F75264f522f2ca082ec25718f368c93457bc162f6.jpg 200 OK (41ms)
[wrangler:inf] PUT /images/ingest/external%2Fd23c37b51bd4fc07bc6c8398e4618599f1cd7ae3.png 200 OK (24ms)
[wrangler:inf] PUT /images/ingest/external%2Fe4e7ae908bcf22736dd2d899ff2f2d9c520ca07f.jpg 200 OK (32ms)
[wrangler:inf] PUT /images/ingest/external%2Fba84b751f34172430e8e98cfe49ddc0410f186cc.png 200 OK (58ms)
[wrangler:inf] PUT /images/ingest/external%2F3be4492bc3aa58065206e46ec011856d3fb9b4e8.png 200 OK (41ms)
[wrangler:inf] PUT /images/ingest/external%2F21c7c6252ba365c624e7cb4c7529f70a640b9b8d.png 200 OK (19ms)
[wrangler:inf] PUT /images/ingest/external%2F5d15dec37f69b5733faf536983ed8752ba99a9a3.png 200 OK (29ms)
[wrangler:inf] PUT /images/ingest/external%2F02e97bc2af2b4fddcd58f9b6310f92a919243e08.png 200 OK (38ms)
[wrangler:inf] PUT /images/ingest/external%2Fa7acba36b408b22b1896efd8fd77535040147ec4.png 200 OK (35ms)
[wrangler:inf] PUT /images/ingest/external%2Facb956f3de6793693703d4a9646a9bf495960cd6.png 200 OK (39ms)
[wrangler:inf] PUT /images/ingest/external%2F56173fa12b071b1591cde22c60a1a46a0ed16fc2.png 200 OK (41ms)
[wrangler:inf] PUT /images/ingest/external%2F5b03258c90a6a2ba31c963d19bb04984f84ef5db.png 200 OK (49ms)
[wrangler:inf] PUT /images/ingest/external%2F1da19bf19398ea51eeb87fb086aa3b5eb96d0402.png 200 OK (57ms)
[wrangler:inf] PUT /images/ingest/external%2F9d88fd58e437c7e7f185fbdbe72885943452e00a.png 200 OK (35ms)
[wrangler:inf] PUT /images/ingest/external%2F2dab89862e14518c1ad2fd516a04b6802284e61c.png 200 OK (16ms)
[wrangler:inf] PUT /images/ingest/external%2F14c0ccd56418f47c78fcf7a800fbaa8d3f04e258.png 200 OK (39ms)
[wrangler:inf] PUT /images/ingest/external%2F636cdca0e8c7760c49f8c939d01fc644929be017.png 200 OK (48ms)
[wrangler:inf] PUT /images/ingest/external%2F45bfb12188b549af0361228bf2aab7a96ecf4389.png 200 OK (50ms)
[wrangler:inf] PUT /images/ingest/external%2F9c634c9aa4e1549e5bc321caa33776b007af8743.png 200 OK (57ms)
[wrangler:inf] PUT /images/ingest/external%2Fe34836067498bd6bb0ea7252c703baf99d893729.png 200 OK (44ms)
[wrangler:inf] PUT /images/ingest/external%2Fdc5783f9c7b2ddd31758f62d8e6413701a1e02f5.png 200 OK (56ms)
[wrangler:inf] PUT /images/ingest/external%2F998bde34d30383c18a6c4c393709f2cd8499227e.png 200 OK (38ms)
[wrangler:inf] PUT /images/ingest/external%2F3df2ea76bb7f8a92050d261f7c20dff4f1173a44.png 200 OK (32ms)
[wrangler:inf] PUT /images/ingest/external%2F415c2993e66077b68447a671838051a3efa2156f.png 200 OK (44ms)
[wrangler:inf] PUT /images/ingest/external%2F4815307d7710fcde06207473e61c7947731a9554.png 200 OK (53ms)
[wrangler:inf] PUT /images/ingest/external%2F3dbdc070fd760658aa02665c7924d11aea735bad.png 200 OK (19ms)
[wrangler:inf] PUT /images/ingest/external%2F3301169aa206f7e922fcf19595848e6a983fa9a9.png 200 OK (22ms)
[wrangler:inf] PUT /images/ingest/external%2Ffb41f5e5ff1ab3ad697ecd029fe9c9f0819ae3c8.png 200 OK (26ms)
[wrangler:inf] PUT /images/ingest/external%2F6758e03f83cbf015495beb16b0cb9468bf4d5ede.png 200 OK (32ms)
[wrangler:inf] PUT /images/ingest/external%2F2ba1a16793e534d3cca67a720d083e556bbf3640.png 200 OK (37ms)
[wrangler:inf] PUT /images/ingest/external%2Faa4af61c7dfded20281aa908541e043c46ef34a5.png 200 OK (43ms)
[wrangler:inf] PUT /images/ingest/external%2F39312ceaf09553cf26c2b9c7cb6337d88932342b.png 200 OK (24ms)
[wrangler:inf] PUT /images/ingest/external%2F1120d3c99d122c36a737099756cff9a5743c1fbe.png 200 OK (31ms)
[wrangler:inf] PUT /images/ingest/external%2F4aa57ed7ccf3072172671aea3dae4f8e3e87b7e5.png 200 OK (25ms)
[wrangler:inf] PUT /images/ingest/external%2Fe26b5cfa53436840fa1eb37edc92fbcb294a39f6.png 200 OK (28ms)
[wrangler:inf] PUT /images/ingest/external%2F24de5171343077f0fa1c533519ae14fab60f522a.jpg 200 OK (24ms)
[wrangler:inf] PUT /images/ingest/external%2F69543add72e2aab2c7d364db3de1de8ac3b7461c.png 200 OK (17ms)
[wrangler:inf] PUT /images/ingest/external%2F056086cfd841cb12fb784ba5f524f66176697860.jpg 200 OK (34ms)
[wrangler:inf] PUT /images/ingest/external%2Fa58933615906f2161effa707ddc00a54f3965163.png 200 OK (36ms)
[wrangler:inf] PUT /images/ingest/external%2F8f69bbeef9e84ffcdc33b5c945c186e9e5d772ef.png 200 OK (46ms)
[wrangler:inf] PUT /images/ingest/external%2F30e2859816b71bc2c506642348681c5cd16098f0.jpg 200 OK (41ms)
[wrangler:inf] PUT /images/ingest/external%2F8877100f32207a976cc038c67b1dd5f142c75c0f.jpg 200 OK (45ms)
[wrangler:inf] PUT /images/ingest/external%2F84d139782dccaffab018acd741470e750e8db28e.jpg 200 OK (44ms)
[wrangler:inf] PUT /images/ingest/external%2F7a02eefc85393bfeb4ea3bc9f409147396fe3f80.png 200 OK (20ms)
[wrangler:inf] PUT /images/ingest/external%2F8e79ea687cd76388ebad3faeb1c64fbd46d424a7.jpg 200 OK (22ms)
[wrangler:inf] PUT /images/ingest/external%2F9f585ba6789570d1f957e8e8fcb4d08ac0cf55d7.png 200 OK (13ms)
[wrangler:inf] PUT /images/ingest/external%2Ffe56ca338322f4a3e1f31f2ec37a2baaa367bb90.png 200 OK (38ms)
[wrangler:inf] PUT /images/ingest/external%2Fda342cf4603b42c9f6097c0be5b1cf15e0d304de.png 200 OK (49ms)
[wrangler:inf] PUT /images/ingest/external%2F6f03aa7fbe0610ab02e0f0a4ca37ca6d0bdf7568.png 200 OK (60ms)
[wrangler:inf] PUT /images/ingest/external%2Fa82efa78566dedd2dd049876a8a43aa73fb88b23.png 200 OK (73ms)
[wrangler:inf] PUT /images/ingest/external%2F5b0d584cc5aa5d90385da20915e2aef6b6bbaf90.png 200 OK (83ms)
[wrangler:inf] PUT /images/ingest/external%2F90c2ad47947116a20a3e4bd2c8a68f40cd0ef565.png 200 OK (42ms)
[wrangler:inf] PUT /images/ingest/external%2Fa62f0950e5a165f7ce15b1ba0c1c9bc478f1f921.png 200 OK (37ms)
[wrangler:inf] PUT /images/ingest/external%2F9f0d9f8fc90b961a1909c7fedc9b05fc2d723cbf.png 200 OK (19ms)
[wrangler:inf] PUT /images/ingest/external%2Fffc9426bf31e406b0316d3c9dd95905cedd26724.png 200 OK (17ms)
[wrangler:inf] PUT /images/ingest/external%2Fa6bf99e9800b5c08bebc748f78365ce331b0e19d.png 200 OK (21ms)
[wrangler:inf] PUT /images/ingest/external%2Ffc16509da056a6d1f37014391a3ae867e0f3f695.jpg 200 OK (19ms)
[wrangler:inf] PUT /images/ingest/external%2Ff24183730c3d2eda55f51448cf0ffc620043cbf8.jpg 200 OK (33ms)
[wrangler:inf] PUT /images/ingest/external%2Fa43e02922504ff26b7e79c73e07db39e147068ae.jpg 200 OK (46ms)
[wrangler:inf] PUT /images/ingest/external%2Fc95c67869f3d49131888646cb3e79179d3630e21.jpg 200 OK (57ms)
[wrangler:inf] PUT /images/ingest/external%2F772a0b7dfa77fd1a0bfc158c22d6b5072e093870.png 200 OK (62ms)
[wrangler:inf] PUT /images/ingest/external%2F6ab141f7605728024666b1a9ee6fbfcca67648fa.png 200 OK (91ms)
[wrangler:inf] PUT /images/ingest/external%2F6cd73b248eab5d648fae0eb62c86d70232bd25c5.png 200 OK (73ms)
[wrangler:inf] PUT /images/ingest/external%2Fc2d7b6c52ae14420350feda61537b2fbb4ade916.jpg 200 OK (70ms)
[wrangler:inf] PUT /images/ingest/external%2Ff0aceac0c7c86a0adab294d292adcbd345cd71c1.jpg 200 OK (79ms)
[wrangler:inf] PUT /images/ingest/external%2F069cd979cfd2da6795d6282c54a9e47fe50f0cf4.png 200 OK (57ms)
[wrangler:inf] PUT /images/ingest/external%2Fdc08541cdc25f9e1f8090fec4b643f9bb03a664c.png 200 OK (24ms)
[wrangler:inf] PUT /images/ingest/external%2Ffd20aa034003c3edefaf9e31987bfe4b9950a184.png 200 OK (19ms)
[wrangler:inf] PUT /images/ingest/external%2Fe0d32da1aeb4280137dc2fa3a7a81fc059950d64.png 200 OK (29ms)
[wrangler:inf] PUT /images/ingest/external%2Fc78aa6ed4dde8167e3dd0bd8c49e0819712d500a.png 200 OK (13ms)
[wrangler:inf] PUT /images/ingest/external%2F68b72a3f954c8df52bd81f362cb948a4086b6806.png 200 OK (13ms)
[wrangler:inf] PUT /images/ingest/external%2Ff900215125d64ba81060676518b48a8f5dd0f2c8.png 200 OK (19ms)
[wrangler:inf] PUT /images/ingest/external%2F3faf42c884b871b840b149588734bac5edcb1ad1.jpg 200 OK (21ms)
[wrangler:inf] PUT /images/ingest/external%2F225084fab342159e6ae7e187a8e47b3b549eb2a3.jpg 200 OK (28ms)
[wrangler:inf] PUT /images/ingest/external%2Ff9984e55e867a9bb32052cee88d2dbf9e126d685.jpg 200 OK (20ms)
[wrangler:inf] PUT /images/ingest/external%2Fe55e3f9afe700a485e913aaa3d3b4481681bb3a2.png 200 OK (21ms)
[wrangler:inf] PUT /images/ingest/external%2Febb131da7c1907ddffbc06389cd6dde424ace90a.jpg 200 OK (32ms)
[wrangler:inf] PUT /images/ingest/external%2Fb96867280834f3a8af0527d8f7b1f87ed4a2d9cd.jpg 200 OK (36ms)
[wrangler:inf] PUT /images/ingest/external%2Fc0d65257129e8328b7952e8748e667769763e0ac.png 200 OK (42ms)
[wrangler:inf] PUT /images/ingest/external%2F33fcec765d43a85e136fd6940d500d2f2b175638.jpg 200 OK (58ms)
[wrangler:inf] PUT /images/ingest/external%2Fe370ade01f60a304007529ae07169fec9c8327e0.jpg 200 OK (68ms)
[wrangler:inf] PUT /images/ingest/external%2Fdd6da6434db154bdd3b01bc0f6bd9b739191a0b2.png 200 OK (84ms)
[wrangler:inf] PUT /images/ingest/external%2F29def27e8274e798ce30ed3cee528fc4dbc6af8b.png 200 OK (97ms)
[wrangler:inf] PUT /images/ingest/external%2Fe74c6a5b947bbea1dca4ef4f46ec9cc9bba6267d.png 200 OK (109ms)
[wrangler:inf] PUT /images/ingest/external%2F2eba4fd44055e092e2bb5c26487b34bd5102435f.png 200 OK (71ms)
[wrangler:inf] PUT /images/ingest/external%2F2b6d7f18d87b7e6791734e6f35bcd1318449e231.png 200 OK (31ms)
[wrangler:inf] PUT /images/ingest/external%2F6148bc19a722b1ef0cb750066a2cd937df9a994c.png 200 OK (40ms)
[wrangler:inf] PUT /images/ingest/external%2Fa7315ffec07ab5f72a34dcc656fc2cb355aa3f8d.png 200 OK (34ms)
[wrangler:inf] PUT /images/ingest/external%2Ff51791241c10b9d82489538f90b83be517842148.png 200 OK (19ms)
[wrangler:inf] PUT /images/ingest/external%2F34e3d0d40e2346ad83a0ed7ede8662747f5db5ab.png 200 OK (15ms)
[wrangler:inf] PUT /images/ingest/external%2F5324f1cb6163cda8c08d7d96bb85348c26f5aea8.png 200 OK (23ms)
[wrangler:inf] PUT /images/ingest/external%2Fd1b9607c95c704b600aa0aa2c1ffbe67de2a9b2c.png 200 OK (13ms)
[wrangler:inf] PUT /images/ingest/external%2Fbf36f5f08ea337007d984e2824bdee2d9addc769.png 200 OK (13ms)
[wrangler:inf] PUT /images/ingest/external%2Febc1993c2fa04858a41c89b920737ed78088a565.png 200 OK (24ms)
[wrangler:inf] PUT /images/ingest/external%2F360863e575a7203a6cfdc3b8a0449cdc78721515.png 200 OK (35ms)
[wrangler:inf] PUT /images/ingest/external%2Fa35262a8b6f364d260087b9d28fa9651387ccf7a.png 200 OK (36ms)
[wrangler:inf] PUT /images/ingest/external%2Fdd765ecfedf6d1cb413760ebe9d2bc59c0b1d2a9.png 200 OK (51ms)
[wrangler:inf] PUT /images/ingest/external%2Fb005b39b499f00bde4c18c011d367ae92a164930.png 200 OK (54ms)
[wrangler:inf] PUT /images/ingest/external%2F7ff18ae9075e6c9f7b04368f13afc78c60ce404d.png 200 OK (68ms)
[wrangler:inf] PUT /images/ingest/external%2F98cb23628aa8c6b7028c28559803384ab763032d.png 200 OK (81ms)
[wrangler:inf] PUT /images/ingest/external%2Fac5fac9b6d7775d6a43344a75c3875b443be6fcc.jpg 200 OK (56ms)
[wrangler:inf] PUT /images/ingest/external%2Fc6bd0b4a38b1c3b85108e25286d2b38dea7af0fc.png 200 OK (50ms)
[wrangler:inf] PUT /images/ingest/external%2F2b8548d0a56352bb9719e825383a1ab54dc42dcd.png 200 OK (73ms)
[wrangler:inf] PUT /images/ingest/external%2F3be107e69a6804bf111cff6ceba64ff64a1592fb.png 200 OK (38ms)
[wrangler:inf] PUT /images/ingest/external%2Ff2a59021a5cf5d80b0748ea67aacd8f01a975f27.jpg 200 OK (49ms)
[wrangler:inf] PUT /images/ingest/external%2Fa77938cf4992c30410a2f51d5683bf7b4d45357e.jpg 200 OK (27ms)
[wrangler:inf] PUT /images/ingest/external%2F8d1a651b5d3963c7e8d86c5843112f99975dbe16.jpg 200 OK (39ms)
[wrangler:inf] PUT /images/ingest/external%2Fea88d27c530395f85bfee405d85f7971c6c5ab8d.jpg 200 OK (43ms)
[wrangler:inf] PUT /images/ingest/external%2F645c6922ed9451cbc4e86ed8f8038dbc47073b58.jpg 200 OK (45ms)
[wrangler:inf] PUT /images/ingest/external%2F0f3a345d02dc44ae3a9c681785394cb12bf8c09b.jpg 200 OK (51ms)
[wrangler:inf] PUT /images/ingest/external%2F5680fb463e95ea3acf6eb7f4f27c2e7e1a05ff35.png 200 OK (48ms)
[wrangler:inf] PUT /images/ingest/external%2F048acf2690c88c5c615fe9c875b35ffe139d83b0.jpg 200 OK (12ms)
[wrangler:inf] PUT /images/ingest/external%2F3b15e4167f9dd4240bfaa2b2cec8f7e07d417b74.jpg 200 OK (18ms)
[wrangler:inf] PUT /images/ingest/external%2Ff8561b24386fafc3e14f02f72b8eff9bdf198043.png 200 OK (49ms)
[wrangler:inf] PUT /images/ingest/external%2Fe8e646f26be2477c6064b9b61ddde54a5a77b3ea.jpg 200 OK (56ms)
[wrangler:inf] PUT /images/ingest/external%2F0289e0244a66771960d4f3f79b00ee8d083fb1bf.jpg 200 OK (66ms)
[wrangler:inf] PUT /images/ingest/external%2Ff841eba95735af25a620c5f01e2c1201203cff45.jpg 200 OK (75ms)
[wrangler:inf] PUT /images/ingest/external%2F9c94e39c3f4f053822bce5a3a8d6427c31a37b8a.jpg 200 OK (87ms)
[wrangler:inf] PUT /images/ingest/external%2Fd7ce93839e6666e78da75da58ff81ae2f93c96dc.jpg 200 OK (101ms)
[wrangler:inf] PUT /images/ingest/external%2F66e16caf4441c4148ccef506225ce5b7cdc59ebe.jpg 200 OK (111ms)
[wrangler:inf] PUT /images/ingest/external%2Fc26cf3f973d87b5e10cb7b975105f20f72ac2b70.jpg 200 OK (99ms)
[wrangler:inf] PUT /images/ingest/external%2F818e897af8b4390613a6db6dfca0fee6251f7996.jpg 200 OK (106ms)
[wrangler:inf] PUT /images/ingest/external%2F4cacdbdb0987b68df4c4a96564f3a1a0a8f2694e.jpg 200 OK (39ms)
[wrangler:inf] PUT /images/ingest/external%2F48612d3c4c8d2e352fa37cea8ac49640cb38d93f.jpg 200 OK (55ms)
[wrangler:inf] PUT /images/ingest/external%2F707bd6e2287852f48cda53a50013d1affe8fe547.jpg 200 OK (22ms)
[wrangler:inf] PUT /images/ingest/external%2F8fcd3e75b2517e7443d9e2a0cf37cdef7d2553d7.jpg 200 OK (47ms)
[wrangler:inf] PUT /images/ingest/external%2F252f3ff1dbb0abbb334d1f9bcb2c9639bda79e7c.png 200 OK (29ms)
[wrangler:inf] PUT /images/ingest/external%2F9f43fd99e70693e2e6cf2bb9cd0800d91adda8e3.png 200 OK (19ms)
[wrangler:inf] PUT /images/ingest/external%2F4d3d2ff80b8e4fc1c45362f242f2eb992dc06173.png 200 OK (33ms)
[wrangler:inf] PUT /images/ingest/external%2Fc963323705859de36b52dad8ef880bee6981e33f.png 200 OK (14ms)
[wrangler:inf] PUT /images/ingest/external%2Ffba2480ed6487c2113c0f10cf18bbb87dcc865e2.png 200 OK (19ms)
[wrangler:inf] PUT /images/ingest/external%2F31b140e9b643bfbf112e95b1b16ac5fbac5ab6bb.png 200 OK (29ms)
[wrangler:inf] PUT /images/ingest/external%2Ff63b34e0e2c55031d5b609c89723ce348dfe000e.png 200 OK (23ms)
[wrangler:inf] PUT /images/ingest/external%2F8938394a44865d5f1593181d6db6c1f924921eea.png 200 OK (29ms)
[wrangler:inf] PUT /images/ingest/external%2F97a0e3ed50c37aeb8b466644b5c57b5c70e52c6b.png 200 OK (30ms)
[wrangler:inf] PUT /images/ingest/external%2Fdf5181ec09f7cd48e7ab41484dc0f2cda00e7a1b.jpg 200 OK (30ms)
[wrangler:inf] PUT /images/ingest/external%2Fc1e1c9de31cbf0a77a62514b1f94bcd148778a6e.jpg 200 OK (39ms)
[wrangler:inf] PUT /images/ingest/external%2F2e97da5a4f9f7c6cacfceccbd79474c8f8e6a70a.jpg 200 OK (33ms)
[wrangler:inf] PUT /images/ingest/external%2F9dc783b05bc626b0c481547e0987dcb81395574b.jpg 200 OK (35ms)
[wrangler:inf] PUT /images/ingest/external%2Fc46780d7c8f96a877a17ed709b55491acde15326.png 200 OK (50ms)
[wrangler:inf] PUT /images/ingest/external%2F02942059efa8aa15e5c67a65aa8ddff1dff99b15.png 200 OK (21ms)
[wrangler:inf] PUT /images/ingest/external%2F03ccf94e4c31f82b18bf70af73a3cf7c876ae692.png 200 OK (34ms)
[wrangler:inf] PUT /images/ingest/external%2F12306716307f15b1a7c7ef09b145339bb72afcc6.png 200 OK (45ms)
[wrangler:inf] PUT /images/ingest/external%2Fcb3da19c37d4eaa2cce83842613378b4944afd16.jpg 200 OK (15ms)
[wrangler:inf] PUT /images/ingest/external%2F2a818c04da2963af2c7c59e070229069e4317bbc.png 200 OK (14ms)
[wrangler:inf] PUT /images/ingest/external%2Febdaf2ba02068710cfba526f28ba607cbad0402c.jpg 200 OK (18ms)
[wrangler:inf] PUT /images/ingest/external%2F13599eac88c3ab2e2324c620ce86ca6a866bef3a.jpg 200 OK (18ms)
[wrangler:inf] PUT /images/ingest/external%2F9e799aac791bb452645f0c14885622c725ce949c.jpg 200 OK (17ms)
[wrangler:inf] PUT /images/ingest/external%2F05536d96a916d16c49ac573cd15263143207d178.png 200 OK (26ms)
[wrangler:inf] PUT /images/ingest/external%2F431077f3cf1626c09380b553b6b30b488c319152.png 200 OK (36ms)
[wrangler:inf] PUT /images/ingest/external%2F33a2ff7fc9766895d4c0217104c31199f79378d3.jpg 200 OK (13ms)
[wrangler:inf] PUT /images/ingest/external%2Ff3350654517725807ea8e141ddabda3d5f8755a8.png 200 OK (25ms)
[wrangler:inf] PUT /images/ingest/external%2Fb1c579b776cdc32958df299f692e22db76b65be6.png 200 OK (18ms)
[wrangler:inf] PUT /images/ingest/external%2Fea07068b43e7d0f82810b8f72b94cfe6491a9b4e.png 200 OK (28ms)
[wrangler:inf] PUT /images/ingest/external%2Fa2f51c7e68a507cd3aeed8ebc291415e2781815e.png 200 OK (47ms)
[wrangler:inf] PUT /images/ingest/external%2F453b4dd30f661f6df1a0268daf40dde569979710.png 200 OK (29ms)
[wrangler:inf] PUT /images/ingest/external%2F09af9e7f37f1cefe7c3c4fa69abb5ae2f95a640d.png 200 OK (30ms)
[wrangler:inf] PUT /images/ingest/external%2F20a5b7acbdb41e02cce50e35b9d4787fc8046306.png 200 OK (30ms)
[wrangler:inf] PUT /images/ingest/external%2F3883cbe594ab05714c705fc5a75f332b08bd9474.png 200 OK (44ms)
[wrangler:inf] PUT /images/ingest/external%2Fa8868ed5bec0ffae1a2e939d14601ddfb10029ff.png 200 OK (51ms)
[wrangler:inf] PUT /images/ingest/external%2F77f5f26693c64ea3529150ccc833f52a6f786bde.jpg 200 OK (59ms)
[wrangler:inf] PUT /images/ingest/external%2F54c67e3198259299306f90f30c4a44b393dbe434.jpg 200 OK (68ms)
[wrangler:inf] PUT /images/ingest/external%2F80e19783fa5bacc2f1c45286391e6d84b00b52de.jpg 200 OK (76ms)
[wrangler:inf] PUT /images/ingest/external%2Fa13563f4968dbe7e1db41627854ac60ed491ff25.png 200 OK (67ms)
[wrangler:inf] PUT /images/ingest/external%2Fdb9d0ce2699dfe7f8bf7612a760b5f59066770d1.jpg 200 OK (76ms)
[wrangler:inf] PUT /images/ingest/external%2F788dfc04f4574af81fd8775cca54c764b3fa1c30.jpg 200 OK (19ms)
[wrangler:inf] PUT /images/ingest/external%2F125a2ed423afbb03024a35b3aad21b699329118b.jpg 200 OK (31ms)
[wrangler:inf] PUT /images/ingest/external%2Fa83b6b50b23e20ac075d78c7cfce83631ebf110b.jpg 200 OK (38ms)
[wrangler:inf] PUT /images/ingest/external%2F6b349e60d7b42f05633e297f020115e197ed5973.jpg 200 OK (13ms)
[wrangler:inf] PUT /images/ingest/external%2Fa3938ea3c25eba5823bed0c412bf3c85ae07627f.png 200 OK (20ms)
[wrangler:inf] PUT /images/ingest/external%2F2ed1d8f03ce1d1d72f09a46e0debee4daf691de2.png 200 OK (24ms)
[wrangler:inf] PUT /images/ingest/external%2Fc56a0944831086bfd03db2e0b764cc252f9071ac.png 200 OK (30ms)
[wrangler:inf] PUT /images/ingest/external%2F929f5f24496166b6ee18392c17799513f39dc90b.png 200 OK (40ms)
[wrangler:inf] PUT /images/ingest/external%2F0d171cf063b539990ac9f707f69a5aded70fa0fb.png 200 OK (25ms)
[wrangler:inf] PUT /images/ingest/external%2Ffe80fc277271088131b49de1ba31b47ab3da8076.png 200 OK (15ms)
[wrangler:inf] PUT /images/ingest/external%2F710440b6c3979c09a31cb3afcaebbfc56167441a.png 200 OK (80ms)
[wrangler:inf] PUT /images/ingest/external%2Fd97a824d6981af9b88c72b3a15e2270e18aa495e.png 200 OK (13ms)
[wrangler:inf] PUT /images/ingest/external%2F320e5932fe85219c39c88a7f55bdbd82157f11f0.png 200 OK (19ms)
[wrangler:inf] PUT /images/ingest/external%2F35b79fdcf8e873233ba2665a00343e59e68bc27f.png 200 OK (19ms)
[wrangler:inf] PUT /images/ingest/external%2Fa845140de1258305b6adcf3c1f0692046fbaaeaf.png 200 OK (15ms)
[wrangler:inf] PUT /images/ingest/external%2Fc0040b7dea534e9e1f345e94c145a05238db1daa.png 200 OK (25ms)
[wrangler:inf] PUT /images/ingest/external%2Fb40b6d3f5fed7fc479dc6869d3de7d33d5595fd3.png 200 OK (57ms)
[wrangler:inf] PUT /images/ingest/external%2F0ef73229a1be992ac5e1e7ff7e9bd9d0b6aff398.png 200 OK (17ms)
[wrangler:inf] PUT /images/ingest/external%2F004fbeb9d6724dffc09586dfe6f7f535d5496067.png 200 OK (22ms)
[wrangler:inf] PUT /images/ingest/external%2F1d5c28693c57354556c5f97b8a0d6e3f793afa26.png 200 OK (14ms)
[wrangler:inf] PUT /images/ingest/external%2Fd91d1e8269376dabe4774cb9d8e9caa0bf36c16b.png 200 OK (12ms)
[wrangler:inf] PUT /images/ingest/external%2F268419fd826c7200b42fffc0883930f3bc7a3773.png 200 OK (13ms)
[wrangler:inf] PUT /images/ingest/external%2Ff3cff7a7fb78e54090f89bc1e62e4c7b25012162.png 200 OK (13ms)
[wrangler:inf] PUT /images/ingest/external%2Fb30c8ae157f36477207e4818fb348cbaed028949.png 200 OK (14ms)
[wrangler:inf] PUT /images/ingest/external%2Fd322e0f65602a1a76dc4855c7e08891e5d05152c.png 200 OK (14ms)
[wrangler:inf] PUT /images/ingest/external%2Fa2c30873699db3e21588cf79092f8bc7a8c076a4.png 200 OK (16ms)
[wrangler:inf] PUT /images/ingest/external%2F9e5405de7712c4d5b04597561b1a710537658cfa.png 200 OK (14ms)
[wrangler:inf] PUT /images/ingest/external%2F0cf533c07c5abd2491f3bfd2fd7eebded3634775.png 200 OK (24ms)
[wrangler:inf] PUT /images/ingest/external%2F52b74a85d32a3dcb056a53779c88657109461439.png 200 OK (21ms)
[wrangler:inf] PUT /images/ingest/external%2F13ecf7e681d98d393fe3c64cddbcd8e97e22f990.png 200 OK (14ms)
[wrangler:inf] PUT /images/ingest/external%2Fbaabc3d24b2a5f92b00c2dc29fe5c7f16c3f9d0e.png 200 OK (16ms)
[wrangler:inf] PUT /images/ingest/external%2F37c8930cadc9afe356e9aec089f4aaf168198fc3.png 200 OK (19ms)
[wrangler:inf] PUT /images/ingest/external%2Fdabcdb58cd95ad67a0ddda35b8c9a2d0f82d04e0.png 200 OK (20ms)
[wrangler:inf] PUT /images/ingest/external%2Fa95780045de81125af0d034f59f36fa4c46bdd02.png 200 OK (22ms)
[wrangler:inf] PUT /images/ingest/external%2F8264f62c4c2b6ec3f2496f7a46bdc653a0f0487f.png 200 OK (21ms)
[wrangler:inf] PUT /images/ingest/external%2Fdb5edaa754ed9304a5a978fe7b6ed6457c4d9bfc.png 200 OK (20ms)
[wrangler:inf] PUT /images/ingest/external%2Fec623dc00f398a9e18f7e3276fbbb3fb8975ed6f.png 200 OK (17ms)
[wrangler:inf] PUT /images/ingest/external%2Fb89c5d2a9978c3e856962305b221ca071e6df498.png 200 OK (17ms)
[wrangler:inf] PUT /images/ingest/external%2F2c3c0602b7ba87a1b8813490db877961b58667a0.png 200 OK (26ms)
[wrangler:inf] PUT /images/ingest/external%2F44db3a1533fce0b29b7de37926400694bf3772ef.png 200 OK (29ms)
[wrangler:inf] PUT /images/ingest/external%2F2b664119fc2f8441b02c5cd98e4047f714bea933.png 200 OK (57ms)
[wrangler:inf] PUT /images/ingest/external%2F8595b31ac3f0f49e69263b52447e657266a005da.png 200 OK (81ms)
[wrangler:inf] PUT /images/ingest/external%2Fc522978fcb9de1b0becf3daf31f4cc7d8e68ee62.png 200 OK (19ms)
[wrangler:inf] PUT /images/ingest/external%2Fdad7a433d57cd58a68cdc9fa584b20a061259a6b.png 200 OK (19ms)
[wrangler:inf] PUT /images/ingest/external%2F2cb7c3e3b077d8fbef7820aa893898266b796b71.png 200 OK (28ms)
[wrangler:inf] PUT /images/ingest/external%2F32bbe5bdde82ef051ff017cf6469a703eba61237.png 200 OK (48ms)
[wrangler:inf] PUT /images/ingest/external%2F45e39786a9fc36b003d2a69984f6f721804d2c8a.png 200 OK (23ms)
[wrangler:inf] PUT /images/ingest/external%2Fc4ef49da9bc816d599b1e18bea17b5c061aa0d50.png 200 OK (19ms)
[wrangler:inf] PUT /images/ingest/external%2F45545b1052a08a4eae0bb0317381184e236030ca.png 200 OK (15ms)
[wrangler:inf] PUT /images/ingest/external%2F17d64f851132cb6801ebebb334521295c8aea122.png 200 OK (14ms)
[wrangler:inf] PUT /images/ingest/external%2F8cad5db046828e9532c226c8463fd9a17fa9f18a.png 200 OK (19ms)
[wrangler:inf] PUT /images/ingest/external%2Fe97e1b6e482a6e32ac665fd05e98fd94b96e92f8.png 200 OK (12ms)
[wrangler:inf] PUT /images/ingest/external%2Fae412a0cd33af44d739ae4b8996a09bab716750d.png 200 OK (13ms)
[wrangler:inf] PUT /images/ingest/external%2F8218785c0e8f1dda4a28684de3ea1fa6bcf247bf.png 200 OK (21ms)
[wrangler:inf] PUT /images/ingest/external%2F43bed0488c169c4033ac23999e9ab6e8dd2f6565.png 200 OK (36ms)
[wrangler:inf] PUT /images/ingest/external%2F3a54bc363f19dd7c63704ce61ed200a66113f59a.png 200 OK (29ms)
[wrangler:inf] PUT /images/ingest/external%2F62225697f40e479c66551ec4f8e5370880f7574c.png 200 OK (77ms)
[wrangler:inf] PUT /images/ingest/external%2F85ca6eb420b149fa2da6928ad6006fddfa2992f9.png 200 OK (16ms)
[wrangler:inf] PUT /images/ingest/external%2F698e7fed74e904d0ef8b30c1075fcbda58d9561d.png 200 OK (26ms)
[wrangler:inf] PUT /images/ingest/external%2Fc02a2d2215a4078d5dd24dcceb5be0f1488218f6.png 200 OK (32ms)
[wrangler:inf] PUT /images/ingest/external%2F7b54fdb46603bb8901ec6aaeb68982081f7ddd0e.png 200 OK (20ms)
[wrangler:inf] PUT /images/ingest/external%2F4cf6d8e0fdad5034ae05eb6a2d1a0d9342406e83.png 200 OK (69ms)
[wrangler:inf] PUT /images/ingest/external%2F5e92831b3f275e795eda8458fef58141d9c2f0f7.png 200 OK (15ms)
[wrangler:inf] PUT /images/ingest/external%2F81ddf53d07bfe357cb4337ea87084d21d0d2fb85.jpg 200 OK (20ms)
[wrangler:inf] PUT /images/ingest/external%2F97bc03695dbd7e23cc4d8cf73e8696e57eeab873.jpg 200 OK (20ms)
[wrangler:inf] PUT /images/ingest/external%2F57fc3497945b84ef0ccafd1f09fe6afcad249e2c.png 200 OK (17ms)
[wrangler:inf] PUT /images/ingest/external%2F49ad8cec9e79f0d4237d572c71b2e0b25fc8e339.jpg 200 OK (12ms)
[wrangler:inf] PUT /images/ingest/external%2F87fd6bd689b8c0f7e0490e2a3ff081746bb65e0e.jpg 200 OK (17ms)
[wrangler:inf] PUT /images/ingest/external%2F842afa41ce8c64bd59764c1a3fce17d47badb35d.jpg 200 OK (14ms)
[wrangler:inf] PUT /images/ingest/external%2Fa40b6f053f0489de409916194f75fcc84dd81826.jpg 200 OK (14ms)
[wrangler:inf] PUT /images/ingest/external%2F6817aa7593d9dbefef01c50ad545c57ba6056f73.jpg 200 OK (13ms)
[wrangler:inf] PUT /images/ingest/external%2Feb40d57cd2ecd9cf2c5fd58325cb502308a94c5e.jpg 200 OK (16ms)
[wrangler:inf] PUT /images/ingest/external%2Ff8f180960e528b71ceecb9e14476676a90dcd8d7.png 200 OK (21ms)
[wrangler:inf] PUT /images/ingest/external%2Fb0cc316f7599e6e124af0e1052edbecbb265bbc6.jpg 200 OK (22ms)
[wrangler:inf] PUT /images/ingest/external%2F7779919c0201751b7f1b7bbf869df60a07fc4326.jpg 200 OK (32ms)
[wrangler:inf] PUT /images/ingest/external%2Fa1190a00ff1b97e66d5cd54166df30dd82476d9c.jpg 200 OK (29ms)
[wrangler:inf] PUT /images/ingest/external%2F4da1ed05129f7dc9ec38267342b41bee9ea2b652.jpg 200 OK (40ms)
[wrangler:inf] PUT /images/ingest/external%2F3bf782789b315eeade714c28114783b3a7b00171.png 200 OK (37ms)
[wrangler:inf] PUT /images/ingest/external%2F03c0cd45e05feaf752b884930ba5a80d24654bf1.png 200 OK (15ms)
[wrangler:inf] PUT /images/ingest/external%2F832837369a8d26d27a5c0cd02125505dc644f59d.png 200 OK (16ms)
[wrangler:inf] PUT /images/ingest/external%2F8d4dc3917ba871ed9885c1909ab8bedf015aa167.png 200 OK (22ms)
[wrangler:inf] PUT /images/ingest/external%2Fdfea531d61534b2f311c8e36a6ff0a094c6d551c.png 200 OK (18ms)
[wrangler:inf] PUT /images/ingest/external%2F2df05d0b262eef92419bea1aed814072926065d9.png 200 OK (14ms)
[wrangler:inf] PUT /images/ingest/external%2F337dcfaafd9cc82f24d10b24f0e4f9877e92d72d.png 200 OK (21ms)
[wrangler:inf] PUT /images/ingest/external%2F5839e4ef630b851c4b6285e51ec970b60ef3e844.png 200 OK (24ms)
[wrangler:inf] PUT /images/ingest/external%2F9def5f3a517ce3efb3641edd84e5effedb5f8f52.jpg 200 OK (22ms)
[wrangler:inf] PUT /images/ingest/external%2F66119aef9cdf740f544e0775460060bd0902f3fb.png 200 OK (15ms)
[wrangler:inf] PUT /images/ingest/external%2F8a30984300d058c80630d507734e12a4cd182bd8.png 200 OK (12ms)
[wrangler:inf] PUT /images/ingest/external%2F989d4a3d8c66812b0aa8fc840fa3787c97a5bd62.png 200 OK (14ms)
[wrangler:inf] PUT /images/ingest/external%2Fde9c3eabc2b90af3de30d905acf3fbd432c0478f.jpg 200 OK (16ms)
[wrangler:inf] PUT /images/ingest/external%2Fd75a72ef1fd5c6b2094633fc3a5d701f499db3aa.png 200 OK (36ms)
[wrangler:inf] PUT /images/ingest/external%2F015e9a65a568e39f3c625f170e1c7d6f6c5937eb.png 200 OK (41ms)
[wrangler:inf] PUT /images/ingest/external%2Fb20c5ef70229e31a5d54ce8c26b03289dcdd2a04.png 200 OK (46ms)
[wrangler:inf] PUT /images/ingest/external%2F259db6c0c8f8b5c0472a79e42788f6a017f65fe5.png 200 OK (51ms)
[wrangler:inf] PUT /images/ingest/external%2F6e4739f28ad5f67b6ea17aaa050b0a49cef18622.png 200 OK (59ms)
[wrangler:inf] PUT /images/ingest/external%2F5c05ca65f2b6087467771f1607798a16c9cf8e2a.png 200 OK (59ms)
[wrangler:inf] PUT /images/ingest/external%2F3af7e10d1a4adbec1d3e16b3dd59f2221e8529b3.png 200 OK (68ms)
[wrangler:inf] PUT /images/ingest/external%2F9db9dfadc60e53d7333d0134b887ae3b35443919.jpg 200 OK (75ms)
[wrangler:inf] PUT /images/ingest/external%2Fe24a6e332b4901627fd5e6ecf39bb4e3c0fc1c99.jpg 200 OK (60ms)
[wrangler:inf] PUT /images/ingest/external%2Fb54f6011b3a4a39744282fc7c7a3ac2e33b2db3d.jpg 200 OK (51ms)
[wrangler:inf] PUT /images/ingest/external%2F985c5b2ebc6a8ed67f264c0091bb73e7822e97a0.jpg 200 OK (13ms)
[wrangler:inf] PUT /images/ingest/external%2F84538a648c906197401ce4abeb8e1b7fa6638a8a.jpg 200 OK (13ms)
[wrangler:inf] PUT /images/ingest/external%2F89b9e291cad934779c3508bad7f7df8525ed8a1b.png 200 OK (22ms)
[wrangler:inf] PUT /images/ingest/external%2Fa272f637048039464072211d4072a6ae2db9a7e3.png 200 OK (30ms)
[wrangler:inf] PUT /images/ingest/external%2F6de796d839c74337b0d27ccb7f213c4d9a4ea37f.png 200 OK (19ms)
[wrangler:inf] PUT /images/ingest/external%2F94a0a0c7a01222f5d35f5212563ef0446ff58242.jpg 200 OK (31ms)
[wrangler:inf] PUT /images/ingest/external%2Fa3c4f3830be594f405e280a0168d5f3a7d4b5ac7.jpg 200 OK (42ms)
[wrangler:inf] PUT /images/ingest/external%2F2b5152dc076861e570643f7d81e1963bfa98a93e.jpg 200 OK (43ms)
[wrangler:inf] PUT /images/ingest/external%2Faf71a15e6cd1449e4642e366bc83ca79fe1d7d49.jpg 200 OK (44ms)
[wrangler:inf] PUT /images/ingest/external%2Ffc9d7f035b960281f84df62c35e881dabeb5e589.png 200 OK (62ms)
[wrangler:inf] PUT /images/ingest/external%2F028e98ae98d3b4ed690690b4d602325673f46814.png 200 OK (32ms)
[wrangler:inf] PUT /images/ingest/external%2F19ad0641ec00759baf704b5f2725b8d18122c191.png 200 OK (14ms)
[wrangler:inf] PUT /images/ingest/external%2F20fdfa1f53cfb0d2dac371d0a1b6e3ff143fb8bc.png 200 OK (23ms)
[wrangler:inf] PUT /images/ingest/external%2Fcc5e7751fce4ad7181142fbb7d3383b9f1debe9c.png 200 OK (33ms)
[wrangler:inf] PUT /images/ingest/external%2F85fa73069a6ec8cb1366a007b1db905b13b38866.png 200 OK (37ms)
[wrangler:inf] PUT /images/ingest/external%2F35bbe4579a67d12a4c27644fcceeaf34ebfeac11.png 200 OK (47ms)
[wrangler:inf] PUT /images/ingest/external%2Fbd2a192a8e7ec1536ca5f43239b4554c7426efa1.png 200 OK (21ms)
[wrangler:inf] PUT /images/ingest/external%2F89e53179cd0ba990ab31712d23446e05ca94efb1.png 200 OK (33ms)
[wrangler:inf] PUT /images/ingest/external%2F60db9e2699d0df9ca83ee54c57c04df4b63e5928.png 200 OK (44ms)
[wrangler:inf] PUT /images/ingest/external%2F94866a56fd52605a819e60e248c66125c75270d4.png 200 OK (50ms)
[wrangler:inf] PUT /images/ingest/external%2F9c9d65a33fbf543f61c52093257c1e0f214e5cc8.png 200 OK (13ms)
[wrangler:inf] PUT /images/ingest/external%2F0803d05724059bed25567aab48019d7d4407b837.jpg 200 OK (40ms)
[wrangler:inf] PUT /images/ingest/external%2F4d5de05c7f0af5f72c9c77a5166160882d830a0a.jpg 200 OK (47ms)
[wrangler:inf] PUT /images/ingest/external%2F38c61936babcf530724749a292f3ccb51fa760ff.jpg 200 OK (57ms)
[wrangler:inf] PUT /images/ingest/external%2Fe2d9326feb407fa0b61b62843f3777f8b7f86617.jpg 200 OK (66ms)
[wrangler:inf] PUT /images/ingest/external%2Ff7e37891a505b6da5c4c631d28da488ea8de854b.png 200 OK (81ms)
[wrangler:inf] PUT /images/ingest/external%2F27b02ee5d9acf05857364ef0e349ff2bca95a22b.jpg 200 OK (68ms)
[wrangler:inf] PUT /images/ingest/external%2F9d85e96cb314edd2606177070db828b9241477e5.png 200 OK (14ms)
[wrangler:inf] PUT /images/ingest/external%2Fae9005e1d3f2d976537339109fe96a9d693329fd.png 200 OK (25ms)
[wrangler:inf] PUT /images/ingest/external%2F99b66006a3cc13fb34c1db30bd1b0d0ed3e0c36e.png 200 OK (24ms)
[wrangler:inf] PUT /images/ingest/external%2F5de2d8e1c625fa32dea4c3b37f5988aeae6991aa.png 200 OK (18ms)
[wrangler:inf] PUT /images/ingest/external%2F234bb35ab93bcd57952a0bceb53e86b07901f77e.png 200 OK (22ms)
[wrangler:inf] PUT /images/ingest/external%2Fda398a2b1d6fa686fdc76519df0959828354024b.png 200 OK (42ms)
[wrangler:inf] PUT /images/ingest/external%2F366b9f6d45f7457ffde34c87e632d4bbf34ae62e.png 200 OK (59ms)
[wrangler:inf] PUT /images/ingest/external%2F5b41d84cc73d8885f34130de5a1d9ad0da4a1376.png 200 OK (65ms)
[wrangler:inf] PUT /images/ingest/external%2Ff28e8c27297361859b2030a41f50fc0252fd7aa8.png 200 OK (66ms)
[wrangler:inf] PUT /images/ingest/external%2F78561869622612bc213c18f42808ddf0372f8091.png 200 OK (64ms)
[wrangler:inf] PUT /images/ingest/external%2F444bf5dda5ea01807348eda05bf9d67158918259.png 200 OK (73ms)
[wrangler:inf] PUT /images/ingest/external%2F7253fb8d24c3f16c150262c81abdafe9549da2be.png 200 OK (55ms)
[wrangler:inf] PUT /images/ingest/external%2F4fcba8906cec3265ef217473feecd44d776a4740.png 200 OK (85ms)
[wrangler:inf] PUT /images/ingest/external%2F6063288c105fe145a52fae771ff9c953ed7b2b7e.jpg 200 OK (41ms)
[wrangler:inf] PUT /images/ingest/external%2F7dfc92256b7ed6ea161afb58f9e866c2ce9ba6be.jpg 200 OK (51ms)
[wrangler:inf] PUT /images/ingest/external%2F4365ddde2d08d15ececc9714973f2d497fefc653.png 200 OK (59ms)
[wrangler:inf] PUT /images/ingest/external%2Fb5ed79619763f32413db7c2b0a3e9df9fda58fd5.jpg 200 OK (30ms)
[wrangler:inf] PUT /images/ingest/external%2F4c7ec371be7589d6d76c625548429e2c26da38f0.jpg 200 OK (49ms)
[wrangler:inf] PUT /images/ingest/external%2F75fada9685f766d16efab91d65ccc3b017b9147c.png 200 OK (80ms)
[wrangler:inf] PUT /images/ingest/external%2F195345be6c49e5764242de6ae20e12e23f0315f0.png 200 OK (69ms)
[wrangler:inf] PUT /images/ingest/external%2Fda0c410ac3fd22a67b657506ae50c358607a00b5.png 200 OK (83ms)
[wrangler:inf] PUT /images/ingest/external%2Fed74c18294d0f4357fcd6bd81d27fc066d5444ba.png 200 OK (182ms)
[wrangler:inf] PUT /images/ingest/external%2F418eb7a29747927f381ccadbc3498d592a3db0d0.png 200 OK (26ms)
[wrangler:inf] PUT /images/ingest/external%2Ff118811dca3357a783f4b086f9431af81aa48b91.png 200 OK (17ms)
[wrangler:inf] PUT /images/ingest/external%2F5822996a5ef9e89c42df2e644bce813138cda6ee.png 200 OK (14ms)
[wrangler:inf] PUT /images/ingest/external%2F29012eaeedd5a3d634ae689a7962a573a1fcd2cf.png 200 OK (23ms)
[wrangler:inf] PUT /images/ingest/external%2Fd9778a7fb668017fc66a36f762690c95aca9eee1.png 200 OK (34ms)
[wrangler:inf] PUT /images/ingest/external%2F313449d327c15c68901ea08130a5c2ca1621244b.png 200 OK (42ms)
[wrangler:inf] PUT /images/ingest/external%2F8ad454bd0d51c4243bcf132e3c996173d62be144.png 200 OK (55ms)
[wrangler:inf] PUT /images/ingest/external%2F7a2087fe91312c8bd46bcd83ebcae711a3a662a7.png 200 OK (64ms)
[wrangler:inf] PUT /images/ingest/external%2F30ac4a003a0ff5138032c3e14d45b6b2aa70b67f.jpg 200 OK (37ms)
[wrangler:inf] PUT /images/ingest/external%2F17cf2dc646c3fb2ec3ab2fbcc2c9d5fde15c1aaa.png 200 OK (22ms)
[wrangler:inf] PUT /images/ingest/external%2Fca39092f9c004d2d30abda1441ab8edf1396ecdd.png 200 OK (38ms)
[wrangler:inf] PUT /images/ingest/external%2Fd90e99f8cd3cc773f17b8fa352203db312fc7c13.jpg 200 OK (39ms)
[wrangler:inf] PUT /images/ingest/external%2F070032e73cb9d2ce75013462f321391fe41333ff.jpg 200 OK (44ms)
[wrangler:inf] PUT /images/ingest/external%2F86d65423093c5d222fd272d46ff6f31d19684cba.png 200 OK (45ms)
[wrangler:inf] PUT /images/ingest/external%2F69d04f435318e7431d4e80c3db0c03e5fdbafdbf.jpg 200 OK (38ms)
[wrangler:inf] PUT /images/ingest/external%2F07858e0a1a4a551f36f725a57e97f57f0ee9f35c.jpg 200 OK (42ms)
[wrangler:inf] PUT /images/ingest/external%2F42760d0a15a3867f517f63af67bf9a863f0fcd09.jpg 200 OK (43ms)
[wrangler:inf] PUT /images/ingest/external%2Fc9ca21ff496dbaf761f9816682b5852f5340f531.jpg 200 OK (49ms)
[wrangler:inf] PUT /images/ingest/external%2Fecdb7af036e2a676a6dd51092e1f8d7ab14c8182.jpg 200 OK (14ms)
[wrangler:inf] PUT /images/ingest/external%2F94069935d23776d61e9ac56291593e9b76c76d7a.png 200 OK (12ms)
[wrangler:inf] PUT /images/ingest/external%2F4b7cdc2c4278f006bbd40080f61790523c604dc3.png 200 OK (23ms)
[wrangler:inf] PUT /images/ingest/external%2F1b6ce425e6910fc81f645d19fd26666647af6305.png 200 OK (14ms)
[wrangler:inf] PUT /images/ingest/external%2F94c965f120cf61e9e90eaea52d24be278c3559fb.jpg 200 OK (20ms)
[wrangler:inf] PUT /images/ingest/external%2F24a8000a875fcabdd02ca8588067b6ebc30b494b.jpg 200 OK (32ms)
[wrangler:inf] PUT /images/ingest/external%2F1aa57ed5aebeb539590219d15e3da1002334eef3.jpg 200 OK (16ms)
[wrangler:inf] PUT /images/ingest/external%2F76492bff55cd789e872df20badba99a9a74a3b81.png 200 OK (17ms)
[wrangler:inf] PUT /images/ingest/external%2Fd1986ad4c27d11b99a717f366e4cc1d2f2813654.png 200 OK (27ms)
[wrangler:inf] PUT /images/ingest/external%2F901cc1c98af62ddf9b8bcb51a864c6cc5274b110.jpg 200 OK (18ms)
[wrangler:inf] PUT /images/ingest/external%2F9f527f8aea66e3204142ae607335776ca20ed846.png 200 OK (23ms)
[wrangler:inf] PUT /images/ingest/external%2F0f90c9434ba0f0a755fd9c91b3f82053cabd01ea.png 200 OK (36ms)
[wrangler:inf] PUT /images/ingest/external%2Fc4a03e70c3a54cb039fccd77974ceb910b0edc90.png 200 OK (64ms)
[wrangler:inf] PUT /images/ingest/external%2F102d9f1b647347b2caa8553c8b1fc344aeb01698.png 200 OK (29ms)
[wrangler:inf] PUT /images/ingest/external%2F392bbdb5208a92128ca132b42ab5f0ec191ac780.png 200 OK (18ms)
[wrangler:inf] PUT /images/ingest/external%2Fcd0b2dbc2ed1ac8ddf04cd1cdb879848a2865378.png 200 OK (32ms)
[wrangler:inf] PUT /images/ingest/external%2F2d34bc5ed164136c1c817d0edcbba6c915864465.png 200 OK (28ms)
[wrangler:inf] PUT /images/ingest/external%2Fd97e1067513c718223381b6fc9df50e5cf2ea829.png 200 OK (38ms)
[wrangler:inf] PUT /images/ingest/external%2F2099c253b492faca911a0bbb4330754d9f7368df.png 200 OK (59ms)
[wrangler:inf] PUT /images/ingest/external%2F8e68b52224fa33adcdca6f56fbe3794801abac53.png 200 OK (29ms)
[wrangler:inf] PUT /images/ingest/external%2Fe0217867ff452ffbf0b172689160adf3ad4cc2b7.png 200 OK (37ms)
[wrangler:inf] PUT /images/ingest/external%2F818f4260d20539ecf43aee62c8356ead052f7f74.png 200 OK (46ms)
[wrangler:inf] PUT /images/ingest/external%2F451ef6f0ba314a4dc2eee2e1339f8c60a4709e6a.png 200 OK (52ms)
[wrangler:inf] PUT /images/ingest/external%2Fdefee53c3c0f14fca80d03dfd81ef6ddf6e55426.png 200 OK (56ms)
[wrangler:inf] PUT /images/ingest/external%2F3370034b1715745a43359e60937f9adabd48bf3e.png 200 OK (47ms)
[wrangler:inf] PUT /images/ingest/external%2F5cd1e50756a71ba9cfea93bd0f87ae75c584f708.png 200 OK (35ms)
[wrangler:inf] PUT /images/ingest/external%2F0b299490331eba8761688d504be2200d54fa566d.png 200 OK (24ms)
[wrangler:inf] PUT /images/ingest/external%2Fb2c8b4adab7f11db9f6898a5914c5f00dba509fd.png 200 OK (20ms)
[wrangler:inf] PUT /images/ingest/external%2Fd1f4f2db51842fa6c7cccf6ac06192cf5f40c1b4.png 200 OK (15ms)
[wrangler:inf] PUT /images/ingest/external%2F0a4ec5370096c640a1715cd93cf05adb964268eb.png 200 OK (14ms)
[wrangler:inf] PUT /images/ingest/external%2F84356fc11b8af242d4401d7cb62a6169b3b2d2e2.png 200 OK (16ms)
[wrangler:inf] PUT /images/ingest/external%2Ff782d8cc60f77c40dcdaffe9457aaef365da3e04.png 200 OK (24ms)
[wrangler:inf] PUT /images/ingest/external%2F26d0a654636171f2d2e7ff9991daa9437389a909.png 200 OK (14ms)
[wrangler:inf] PUT /images/ingest/external%2F799a9edf2868ed4f6e55ee141a4d71c12e4d1b0a.png 200 OK (15ms)
[wrangler:inf] PUT /images/ingest/external%2F58c5d2461ad375d72fd2e2508653de665eeeedef.png 200 OK (23ms)
[wrangler:inf] PUT /images/ingest/external%2Fd6370381d050f718014e99357d2b26e2c4605c31.png 200 OK (26ms)
[wrangler:inf] PUT /images/ingest/external%2F5d9d2d3613f807e16cd1b5f920271fe3c2c6aa78.png 200 OK (34ms)
[wrangler:inf] PUT /images/ingest/external%2F5cb60ec07bbb0c9eb3b018430ec568dcd9dd0111.png 200 OK (23ms)
[wrangler:inf] PUT /images/ingest/external%2F758989f71eccfb21b9bc20da6ab8524188c699b0.png 200 OK (13ms)
[wrangler:inf] PUT /images/ingest/external%2F4d40948436ff37e62db19eecd1afb3230931f510.png 200 OK (14ms)
[wrangler:inf] PUT /images/ingest/external%2F12c7cae18c57d3763ef43622ce402593c163d7d5.png 200 OK (14ms)
[wrangler:inf] PUT /images/ingest/external%2Fc4ae52d9aa3ff0996c8b03d2812cc6786396b6da.png 200 OK (14ms)
[wrangler:inf] PUT /images/ingest/external%2F7b45d24efd8ea400494b577ef6c98daac1cc970f.png 200 OK (22ms)
[wrangler:inf] PUT /images/ingest/external%2F2261fc15edac6243fee956f1b7242d7693ced76f.png 200 OK (12ms)
[wrangler:inf] PUT /images/ingest/external%2F7238289285bdddddb8709f04e5c1585454a3f6df.png 200 OK (14ms)
[wrangler:inf] PUT /images/ingest/external%2F3141f186d1b0f961588992f316654f53678371e7.png 200 OK (29ms)
[wrangler:inf] PUT /images/ingest/external%2F4a6f4b860d5e316f5e3bef0073d1d4be49b00944.png 200 OK (29ms)
[wrangler:inf] PUT /images/ingest/external%2Fa114239b68575c423e5dee8fb12ae26567673d68.png 200 OK (41ms)
[wrangler:inf] PUT /images/ingest/external%2Ff6b5256a263a54deeeb75d7b5babb3c1ed7c71b6.png 200 OK (66ms)
[wrangler:inf] PUT /images/ingest/external%2Fe9e64f437104d58032f9b5b740fb0e95afdf568a.png 200 OK (42ms)
[wrangler:inf] PUT /images/ingest/external%2F05aa731c2480f0f5c9e08194d27a188e296a0313.png 200 OK (54ms)
[wrangler:inf] PUT /images/ingest/external%2Fac000247fc7163252e674e7644fb889bf9654279.png 200 OK (21ms)
[wrangler:inf] PUT /images/ingest/external%2Fac772b231e8821ef0d9978acf2f29ee2695bdd6d.png 200 OK (14ms)
[wrangler:inf] PUT /images/ingest/external%2F7793efa355706d1b5ef0dcaa57af054ff9c03aa8.png 200 OK (15ms)
[wrangler:inf] PUT /images/ingest/external%2F22e07d9d74cf9ddea3c5a98801462f37c4acc443.jpg 200 OK (14ms)
[wrangler:inf] PUT /images/ingest/external%2F0a7c3329a4f47525dff6ad15d2ff0f9e0b303717.png 200 OK (13ms)
[wrangler:inf] PUT /images/ingest/external%2F1348f3b58ebeeed9305ef7bf0bdbcaa96f6e7d9c.png 200 OK (14ms)
[wrangler:inf] PUT /images/ingest/external%2Ff09eea8cf26841222d47d31a913dc9ddb989c390.png 200 OK (17ms)
[wrangler:inf] PUT /images/ingest/external%2F55bf3e5c64f1a5e22b555302bf85eb62a29b56f4.jpg 200 OK (14ms)
[wrangler:inf] PUT /images/ingest/external%2Fd9c20919d28e989918dd89226b7f28bd2278a223.png 200 OK (17ms)
[wrangler:inf] PUT /images/ingest/external%2F346f7535e93cd1ccf29dfeafd36a6428a7efe254.jpg 200 OK (24ms)
[wrangler:inf] PUT /images/ingest/external%2F44e4c0b665707d86247d10ee92d248cfa5cf2722.png 200 OK (12ms)
[wrangler:inf] PUT /images/ingest/external%2F31caf0143d9e501aa7388b8c789f16fbecba1f8b.jpg 200 OK (22ms)
[wrangler:inf] PUT /images/ingest/external%2Fe05f4fae4accff3a4947ebbe697a6ac720a563de.jpg 200 OK (28ms)
[wrangler:inf] PUT /images/ingest/external%2F3f28a64653ab0bdff0151f5f8fe41a623e763d5a.png 200 OK (13ms)
[wrangler:inf] PUT /images/ingest/external%2F4ab8a5a8c8338ff93a13884eaed155d6459d8f38.png 200 OK (16ms)
[wrangler:inf] PUT /images/ingest/external%2Fcca5d2484ba43ed79d4e4f73f8937ddb024ce095.jpg 200 OK (16ms)
[wrangler:inf] PUT /images/ingest/external%2F197b7033af8266141408f0277c8facda9b3ad9e7.png 200 OK (28ms)
[wrangler:inf] PUT /images/ingest/external%2Ff8d0fc4fb4ddb99d3fd4d550c553c004d047314c.jpg 200 OK (28ms)
[wrangler:inf] PUT /images/ingest/external%2F4e766d8f2bb9914c5b018fcb0c46a0e1e9a69eed.png 200 OK (33ms)
[wrangler:inf] PUT /images/ingest/external%2F6de84f6d7a94035756dfb55ab8eddd201ef89908.png 200 OK (21ms)
[wrangler:inf] PUT /images/ingest/external%2F750e8f846255ea403feea4f577ff647c20fd31e5.jpg 200 OK (14ms)
[wrangler:inf] PUT /images/ingest/external%2F757d0978f894c2db8b43395523c34160b15d73af.png 200 OK (18ms)
[wrangler:inf] PUT /images/ingest/external%2Fc840926041abe11fcab5045388d9ce7d84df9df7.png 200 OK (39ms)
[wrangler:inf] PUT /images/ingest/external%2Fb285366a2b6b4bc453632c0deb4f60321d125f6f.png 200 OK (52ms)
[wrangler:inf] PUT /images/ingest/external%2Fdf874a500303f6b341aad65f1b567355fbfdb9a0.png 200 OK (50ms)
[wrangler:inf] PUT /images/ingest/external%2F6da6c34a90f7a7e32b3ada8e700ea4cbba8eeeb3.png 200 OK (55ms)
[wrangler:inf] PUT /images/ingest/external%2F705febc45accd373c7c4db86c041bad3a2d79dfd.png 200 OK (67ms)
[wrangler:inf] PUT /images/ingest/external%2Ff2351ba0950cf35d562432746bbd6ac78b0d0ba1.png 200 OK (14ms)
[wrangler:inf] PUT /images/ingest/external%2F4f1407f13b5c7fd103dcf0bc6b5b9999e392a491.png 200 OK (23ms)
[wrangler:inf] PUT /images/ingest/external%2F0f136bbd8378f276caa30d503374b2cec51f26f2.jpg 200 OK (35ms)
[wrangler:inf] PUT /images/ingest/external%2F58b4a5dafc4378a59ea085b130bfdc7ab86e6106.png 200 OK (19ms)
[wrangler:inf] PUT /images/ingest/external%2Fcd0ef4fc03fccc4d2c50f4f1eccf262e2a963f00.png 200 OK (16ms)
[wrangler:inf] PUT /images/ingest/external%2Fe70f6e231d58e7ad25cbc64a20b91c13fd21666c.png 200 OK (28ms)
[wrangler:inf] PUT /images/ingest/external%2F411785973493aae045276bf60489f21a17ec6182.png 200 OK (21ms)
[wrangler:inf] PUT /images/ingest/external%2F18f4083921218982ac88dc6872584bc04e5a01ab.png 200 OK (14ms)
[wrangler:inf] PUT /images/ingest/external%2Fbf363a2f05e58b06d4c591841c4c55610c822a2d.jpg 200 OK (23ms)
[wrangler:inf] PUT /images/ingest/external%2Fdc6d4e53e6410659b36cf05507fbd08929af2384.png 200 OK (34ms)
[wrangler:inf] PUT /images/ingest/external%2Fae8e37a7e10b2d9268bade5ee57951681429e34b.png 200 OK (22ms)
[wrangler:inf] PUT /images/ingest/external%2F20c8e57d2e943c51085c7fffb8e5b016199e5f83.png 200 OK (24ms)
[wrangler:inf] PUT /images/ingest/external%2Ffa93e8491970d94ac8a48c5c0bc20fd2cc7850b1.png 200 OK (35ms)
[wrangler:inf] PUT /images/ingest/external%2Fbb9ff9acc509677cbf111a0d20256399898fbcb1.png 200 OK (50ms)
[wrangler:inf] PUT /images/ingest/external%2F66b0704a573eb407dc6e54293a07d4c16a3d2170.png 200 OK (49ms)
[wrangler:inf] PUT /images/ingest/external%2F4b486b40e3dd8e19e32b61393cc07e6dc42705a0.png 200 OK (48ms)
[wrangler:inf] PUT /images/ingest/external%2F19dc3dbcf44a2e66c39bc854449d7e0db240172b.png 200 OK (54ms)
[wrangler:inf] PUT /images/ingest/external%2F21884e9fe84b012e2545d1d2cf4ef702c879d8da.png 200 OK (17ms)
[wrangler:inf] PUT /images/ingest/external%2Fd3d24d58592dc46a56fba8b2230eb561c02d1899.jpg 200 OK (16ms)
[wrangler:inf] PUT /images/ingest/external%2F36f1051dce11a9d40732cc4bad4fc22c5e760947.png 200 OK (27ms)
[wrangler:inf] PUT /images/ingest/external%2Fc12219bc21bb49adaac7d02cbb13ce3dc8d9d766.jpg 200 OK (29ms)
[wrangler:inf] PUT /images/ingest/external%2Fb9e1f7f3a626c576fe66121d3be0bd409e588d8d.jpg 200 OK (41ms)
[wrangler:inf] PUT /images/ingest/external%2F2c2e9bed52439bc45b9d1d6860ee0d194e015022.png 200 OK (20ms)
[wrangler:inf] PUT /images/ingest/external%2Fd1d356a50dc048f7f9c731ab1f4e9a1858f28675.jpg 200 OK (13ms)
[wrangler:inf] PUT /images/ingest/external%2Fd4f7fc46a36d2da8dc069d43f3b375b1e7d7a500.png 200 OK (22ms)
[wrangler:inf] PUT /images/ingest/external%2Fcc04edbd55e9911bcd441f3eea1a378d9d8b7110.jpg 200 OK (14ms)
[wrangler:inf] PUT /images/ingest/external%2Fda5c0a7c9d8ca6728369b096d8184d09e7ac492f.png 200 OK (30ms)
[wrangler:inf] PUT /images/ingest/external%2F61eedc0cc51101484479f828d498988da01d30f6.png 200 OK (36ms)
[wrangler:inf] PUT /images/ingest/external%2Ff894345372385afbb17b948e43436a7661e8c95c.png 200 OK (40ms)
[wrangler:inf] PUT /images/ingest/external%2F5febe08cca8a6cf101f5c061dd7c67bca0617617.png 200 OK (42ms)
[wrangler:inf] PUT /images/ingest/external%2Fb421b0f97900639f8e2380c21a533ebed143c588.png 200 OK (23ms)
[wrangler:inf] PUT /images/ingest/external%2Fabb875e83a94819fd0d069d32de760cf68813014.png 200 OK (33ms)
[wrangler:inf] PUT /images/ingest/external%2F13d78f670d3d42f810e85c080e9d9bf2986350f8.png 200 OK (36ms)
[wrangler:inf] PUT /images/ingest/external%2F83104c87a62ca1554db38bd3a1a73770d508f19d.png 200 OK (26ms)
[wrangler:inf] PUT /images/ingest/external%2F51b3e7151b532da59c346d5d0cc1a13a7296f907.png 200 OK (14ms)
[wrangler:inf] PUT /images/ingest/external%2F5f0123f24abd747cdb2e52e6cfda438bce43c25d.png 200 OK (17ms)
[wrangler:inf] PUT /images/ingest/external%2Fbb47539040b7d917c67d9bae3509838eca3a8fb3.png 200 OK (30ms)
[wrangler:inf] PUT /images/ingest/external%2F105b2631289edad1e1bc9563b500c68a90c25c04.jpg 200 OK (15ms)
[wrangler:inf] PUT /images/ingest/external%2Fa50c246697171b45ac47415d89998254cbd1e1be.png 200 OK (12ms)
[wrangler:inf] PUT /images/ingest/external%2F7b2bf9cc947d76fe4103f02f39677f429b176848.png 200 OK (22ms)
[wrangler:inf] PUT /images/ingest/external%2Feb02e94c76e0ca57d42b6e3134fbeb8257e03db9.png 200 OK (26ms)
[wrangler:inf] PUT /images/ingest/external%2F46e5372c938a373ff7530c3065007027ce48f5aa.png 200 OK (32ms)
[wrangler:inf] PUT /images/ingest/external%2Fa248070aa0d77870063742c4f4e08994b6ee6c25.png 200 OK (30ms)
[wrangler:inf] PUT /images/ingest/external%2Fc4ad18609f1eaabf5a69c2d7a25e0f3c3a25c011.jpg 200 OK (28ms)
[wrangler:inf] PUT /images/ingest/external%2Fae06955a48eec43cf0ffd72421d3d41cee6f01e8.png 200 OK (38ms)
[wrangler:inf] PUT /images/ingest/external%2F320a4f6bab6b6e039ba2b9829f6bde346875b113.png 200 OK (33ms)
[wrangler:inf] PUT /images/ingest/external%2F74714ec4c8791bf10353b5320ee883a1fbed6115.png 200 OK (43ms)
[wrangler:inf] PUT /images/ingest/external%2F0ae171f4188592d9f74a882f1bda80bb01532d1e.jpg 200 OK (52ms)
[wrangler:inf] PUT /images/ingest/external%2F07d19ada3c10390fd03eb7cba56b8bc190528eac.png 200 OK (62ms)
[wrangler:inf] PUT /images/ingest/external%2Fb13f235e2d6696577905a6355dc96315df2ae6d8.png 200 OK (70ms)
[wrangler:inf] PUT /images/ingest/external%2Fa79159acd79c2528aa87335d4df616579449cd92.png 200 OK (77ms)
[wrangler:inf] PUT /images/ingest/external%2Fcdf5c981b63c839cf2c2568a66cb5ab6b90a12ff.png 200 OK (51ms)
[wrangler:inf] PUT /images/ingest/external%2F3950c675db606c0e5c59417fbd9a08eaa5525be4.png 200 OK (14ms)
[wrangler:inf] PUT /images/ingest/external%2Ff20b0aaf7a25e6c7becc88ac576cbbecbb54a00c.png 200 OK (14ms)
[wrangler:inf] PUT /images/ingest/external%2F186f3a608920486568808ea0222c07fdeaa2fea9.png 200 OK (24ms)
[wrangler:inf] PUT /images/ingest/external%2F9a463c4146b64aa49a081969651d3d1e8a636b26.png 200 OK (14ms)
[wrangler:inf] PUT /images/ingest/external%2F48a1ca13e6e0d72f7b6d317acaae8dda73a38437.png 200 OK (13ms)
[wrangler:inf] PUT /images/ingest/external%2Ffca8f7d03a2c48caf6d426f83a4b9e3f9a3cd54c.jpg 200 OK (12ms)
[wrangler:inf] PUT /images/ingest/external%2F663a8aa18bd8cd52109df78686561b22636d15c9.jpg 200 OK (14ms)
[wrangler:inf] PUT /images/ingest/external%2Fec4656486b06710f39aba6f818ee66f510e7c65b.jpg 200 OK (23ms)
[wrangler:inf] PUT /images/ingest/external%2F3155bba8db415a1ee8718dd6ef76bcc13f730823.jpg 200 OK (15ms)
[wrangler:inf] PUT /images/ingest/external%2F9899d93dbfc3cb07e1e8fedaa56169536d19a314.jpg 200 OK (21ms)
[wrangler:inf] PUT /images/ingest/external%2F0605980f0f93a3cd2ecd2b94687a319eedcddc76.png 200 OK (12ms)
[wrangler:inf] PUT /images/ingest/external%2Fecedc553aba17bc50563b7204492fb1cd38fde44.png 200 OK (22ms)
[wrangler:inf] PUT /images/ingest/external%2F9c8da2ad9bc6226362f9e3a3cd91b5f8b23a3c1e.png 200 OK (27ms)
[wrangler:inf] PUT /images/ingest/external%2F3a3f891cbf1ec57999272accc54e7b85ebae015a.jpg 200 OK (62ms)
[wrangler:inf] PUT /images/ingest/external%2Fe97e231131f7187968ff3a9793d65d27b3b2aa93.jpg 200 OK (31ms)
[wrangler:inf] PUT /images/ingest/external%2F57843e966b7c9f7337a670d0f64088dd82fab202.png 200 OK (39ms)
[wrangler:inf] PUT /images/ingest/external%2F2bddbac121317b18753cf5920bd4f4c492963633.png 200 OK (16ms)
[wrangler:inf] PUT /images/ingest/external%2Fbb1499cfe5df017584a88d9831616606b48b1c8d.png 200 OK (29ms)
[wrangler:inf] PUT /images/ingest/external%2F6f8dab65d7b619bf3eaf221396cb1df201f4c453.png 200 OK (32ms)
[wrangler:inf] PUT /images/ingest/external%2F7515381a72dc6cf61dfdd1bb442040dc0e97700a.png 200 OK (13ms)
[wrangler:inf] PUT /images/ingest/external%2F749a4667eb11aa8be5086e580138630d2db941d4.png 200 OK (20ms)
[wrangler:inf] PUT /images/ingest/external%2F31f9910b690efcc3f9527179c5f46a52afb92a84.png 200 OK (14ms)
[wrangler:inf] PUT /images/ingest/external%2F07f0b59a9e9e4543e58c9d58682035724882a633.png 200 OK (15ms)
[wrangler:inf] PUT /images/ingest/external%2Fd33a42cb9287f3e5e043792d274a613bf975791a.png 200 OK (36ms)
[wrangler:inf] PUT /images/ingest/external%2F9951adb1c9f912e7de4df051acc7098007838436.png 200 OK (46ms)
[wrangler:inf] PUT /images/ingest/external%2Fd4f20114af70aff0179437d04aab0f0ed2478cad.png 200 OK (54ms)
[wrangler:inf] PUT /images/ingest/external%2Fce9ca12482ff8d11ded017de5c00272880c59122.png 200 OK (78ms)
[wrangler:inf] PUT /images/ingest/external%2F247577e60ac41a306f75a1701f3ef8fe3ed6394c.jpg 200 OK (67ms)
[wrangler:inf] PUT /images/ingest/external%2F7312ad226b27a411d1d2d652aa9da364ca3e7215.png 200 OK (83ms)
[wrangler:inf] PUT /images/ingest/external%2F8ee58e0381f2198ecc534565e4ab00ccec98586e.png 200 OK (77ms)
[wrangler:inf] PUT /images/ingest/external%2F83581c0181507b6e936be29e416307f360189f51.png 200 OK (115ms)
[wrangler:inf] PUT /images/ingest/external%2F31a71df981cf8c15cd566be2dee4c73aa037fbc5.png 200 OK (95ms)
[wrangler:inf] PUT /images/ingest/external%2F6d58762b95c21539e062e57d6ab2ecf9e2ddebfb.png 200 OK (108ms)
[wrangler:inf] PUT /images/ingest/external%2F48111fb9011ee0773b4c08a15c11d093049786f2.jpg 200 OK (163ms)
[wrangler:inf] PUT /images/ingest/external%2F24b85a6243e92d815c14c8120cf67c4ecb821798.png 200 OK (16ms)
[wrangler:inf] PUT /images/ingest/external%2F6b134201f01dfad6ac7cbd110108157370aaef4c.png 200 OK (17ms)
[wrangler:inf] PUT /images/ingest/external%2F76dbf5b805887ccd1628c1008f346a2945ddefd5.png 200 OK (28ms)
[wrangler:inf] PUT /images/ingest/external%2F44f850850385e5413740217d57e594f4a8a2e568.png 200 OK (49ms)
[wrangler:inf] PUT /images/ingest/external%2Fcc4cca7287d7f7d13cd2be8e5fa56d30153d6dba.png 200 OK (58ms)
[wrangler:inf] PUT /images/ingest/external%2F2bf4dee4f6fb70e8c13c019e0dfec13f71faeb42.jpg 200 OK (69ms)
[wrangler:inf] PUT /images/ingest/external%2Fea7aded096f7c2997cdd8af4767d5463e85cfb7a.png 200 OK (78ms)
[wrangler:inf] PUT /images/ingest/external%2F9c865690aa47b3d28942145aaf9e191f063bf45a.png 200 OK (90ms)
[wrangler:inf] PUT /images/ingest/external%2Fec47f9beb98b823126eb330022d96eee8c9a0136.png 200 OK (89ms)
[wrangler:inf] PUT /images/ingest/external%2Fe1a8d2dfa02d2a0902446f8c44dca0f82edaa856.png 200 OK (84ms)
[wrangler:inf] PUT /images/ingest/external%2Fe5a3ac3c30b00c65b5b606df78b67e13a67d9739.png 200 OK (44ms)
[wrangler:inf] PUT /images/ingest/external%2F6cdd586de33b1a8550adfd1dd174f1a1ac4a8ea5.png 200 OK (38ms)
[wrangler:inf] PUT /images/ingest/external%2Fe2a5d8cbc069e87a695d2b6eb64c2b2d1fa687aa.jpg 200 OK (15ms)
[wrangler:inf] PUT /images/ingest/external%2F77f616eb07c89f319b2f68604acfdfac1427b63c.jpg 200 OK (30ms)
[wrangler:inf] PUT /images/ingest/external%2F04614784105bfb6b2ce68c5eb2d7c8b9a6efa5c5.png 200 OK (39ms)
[wrangler:inf] PUT /images/ingest/external%2F3679fd2c81f41942b52b4995df61798e70a5dd26.png 200 OK (25ms)
[wrangler:inf] PUT /images/ingest/external%2F8f4cde7fdade9ba85109fcc19bb383e3daf18ef9.jpg 200 OK (37ms)
[wrangler:inf] PUT /images/ingest/external%2F429117ea5f6a22df9cd707d71dffd2aea44c2768.jpg 200 OK (27ms)
[wrangler:inf] PUT /images/ingest/external%2F6c6c307cd49e76d827edd4219fd3f4e824e5d675.jpg 200 OK (64ms)
[wrangler:inf] PUT /images/ingest/external%2Fd45bf85d8df7c23947487d8210a3208c3ba709d3.png 200 OK (17ms)
[wrangler:inf] PUT /images/ingest/external%2F4b9af3525ba313550c38ac44ab65cdbff3c03e8d.png 200 OK (25ms)
[wrangler:inf] PUT /images/ingest/external%2Fe9a34a58f1ceab8ee9ab110b7d044fafcd1844d8.png 200 OK (24ms)
[wrangler:inf] PUT /images/ingest/external%2F991df1ccf3fb79f9de05a19acda6436aaaabfaef.png 200 OK (30ms)
[wrangler:inf] PUT /images/ingest/external%2Fb02c8a194c93c6cd011c84e41e195911bcd12a9f.png 200 OK (43ms)
[wrangler:inf] PUT /images/ingest/external%2Fd4c0d92bd757bf10677322065db0892a06fb142d.jpg 200 OK (48ms)
[wrangler:inf] PUT /images/ingest/external%2Ffc602162938377df0d0aab06f8f1430cacd08591.png 200 OK (53ms)
[wrangler:inf] PUT /images/ingest/external%2F78b8396cb45ab7cb879f91dad8105b8b9d988b36.png 200 OK (66ms)
[wrangler:inf] PUT /images/ingest/external%2Ffef3d568f5cb82f5478d99b0329298cd5ad951ac.png 200 OK (34ms)
[wrangler:inf] PUT /images/ingest/external%2Fa747a927532478f89aa47d3b92d046aeec07878a.png 200 OK (14ms)
[wrangler:inf] PUT /images/ingest/external%2F71bb507d1ef726ad40b68e660012f0872717a26f.png 200 OK (15ms)
[wrangler:inf] PUT /images/ingest/external%2F7eb6878dfd1f92c1cacfb488fe8c0fa8db323c3d.png 200 OK (28ms)
[wrangler:inf] PUT /images/ingest/external%2F2ce26e6b4f660ce99ccc0ee63b284ddefb50bc73.png 200 OK (35ms)
[wrangler:inf] PUT /images/ingest/external%2Faaa37b00053d1c3e7fc9df029d6927455bbfdb94.png 200 OK (36ms)
[wrangler:inf] PUT /images/ingest/external%2Fa77e5cfabe343e72ee0def667af6b795bc24f1a1.png 200 OK (39ms)
[wrangler:inf] PUT /images/ingest/external%2F183694d958ce06174157982a8bd2d031e0e6dd93.png 200 OK (43ms)
[wrangler:inf] PUT /images/ingest/external%2Fa0f83960392b8d3afcb0a32c7435889fb0754349.png 200 OK (49ms)
[wrangler:inf] PUT /images/ingest/external%2F8b0b750cfb2151dac1eb1c635611b81249554783.png 200 OK (51ms)
[wrangler:inf] PUT /images/ingest/external%2Fddd308b87db4bef1302467501c031f8f1149e7ec.png 200 OK (29ms)
[wrangler:inf] PUT /images/ingest/external%2F50ee634604415627bd0a81a9451ada1e5d0ecc44.png 200 OK (51ms)
[wrangler:inf] PUT /images/ingest/external%2F83b6f5cda2becb6c7f86b2aab8192c5502d9d9e5.png 200 OK (61ms)
[wrangler:inf] PUT /images/ingest/external%2Fdd484cdfeec6ab5a5b61286952d75d542b4dc8f4.png 200 OK (69ms)
[wrangler:inf] PUT /images/ingest/external%2Fd21208bec6c8f31fa2314d8fa99b473afe4eca58.png 200 OK (36ms)
[wrangler:inf] PUT /images/ingest/external%2F8dcd26ad5717418e6aeb99d63b77377fabb1c2dc.png 200 OK (54ms)
[wrangler:inf] PUT /images/ingest/external%2Fb599f824e32818954b23a041e59e4b38ea46ac13.png 200 OK (67ms)
[wrangler:inf] PUT /images/ingest/external%2Ffc4ab55c53ee712d19a443ceeb01799f98aff8d6.png 200 OK (61ms)
[wrangler:inf] PUT /images/ingest/external%2F47fb689f584a2df9e18e886a79a47ec77ede652f.png 200 OK (95ms)
[wrangler:inf] PUT /images/ingest/external%2Ffd20cf7ef5f2fa881e8a3cd957928834a9026bd2.png 200 OK (100ms)
[wrangler:inf] PUT /images/ingest/external%2F2b133bd2c302d21d25b08ca7d062f5fe810ee226.png 200 OK (71ms)
[wrangler:inf] PUT /images/ingest/external%2F0b2534eecb47ecc91d030366f5b89c583b076b57.png 200 OK (38ms)
[wrangler:inf] PUT /images/ingest/external%2F81885a6ae3d525066afb0c529ef1d9338ed82f52.png 200 OK (27ms)
[wrangler:inf] PUT /images/ingest/external%2F5eb38c29dd90216a391eae56f1fc837b27d4b699.png 200 OK (21ms)
[wrangler:inf] PUT /images/ingest/external%2Fd9f74544663c926bce8c2d8eb0742a61d58d0b96.png 200 OK (26ms)
[wrangler:inf] PUT /images/ingest/external%2F88d0e62cc366784c770dc18a6e726fb8759efcb5.jpg 200 OK (35ms)
[wrangler:inf] PUT /images/ingest/external%2Fa175c361177e61484d4e3976b546b8e58e527499.png 200 OK (25ms)
[wrangler:inf] PUT /images/ingest/external%2F0f3bccba1173e662eaf5b262fb4175d41c75cf17.png 200 OK (48ms)
[wrangler:inf] PUT /images/ingest/external%2Fe1b5de5cedce93800b60bc0d8f261badb8d93c56.png 200 OK (63ms)
[wrangler:inf] PUT /images/ingest/external%2F64ee745cb16adae2b69e623953f55b65f4ef7791.png 200 OK (74ms)
[wrangler:inf] PUT /images/ingest/external%2Faeed77da0bbb233c07922b2fce0ac5930282cdc2.png 200 OK (70ms)
[wrangler:inf] PUT /images/ingest/external%2Fb8236d8f97c21f96c8e1b532b145722bfd23b5f9.jpg 200 OK (75ms)
[wrangler:inf] PUT /images/ingest/external%2Fc44751ad450ed1cdb7502ada7680534e15f4a2ad.png 200 OK (110ms)
[wrangler:inf] PUT /images/ingest/external%2Fb13c94c5034528c9e38250ca1ac036da582594ef.png 200 OK (48ms)
[wrangler:inf] PUT /images/ingest/external%2F73bf4f468ada9006a936c4f7f10e15f5b1f937ee.jpg 200 OK (47ms)
[wrangler:inf] PUT /images/ingest/external%2F44e497dfb7c994ae5d4b97fa78a87020cb201fd8.jpg 200 OK (57ms)
[wrangler:inf] PUT /images/ingest/external%2Fa688ab5d9d1bda5f3e31bc8a623c231fbfdedbc1.jpg 200 OK (39ms)
[wrangler:inf] PUT /images/ingest/external%2Fe682f31dff9bc59637cb5c4b3677384f5124a6f6.jpg 200 OK (64ms)
[wrangler:inf] PUT /images/ingest/external%2Fd5d7e2450aecf786a91397a0d9fd3548183af073.jpg 200 OK (15ms)
[wrangler:inf] PUT /images/ingest/external%2F5878fa992e5d526f4e3d269dd9bdfd89f5667c0e.jpg 200 OK (13ms)
[wrangler:inf] PUT /images/ingest/external%2Fbc6694bd23cf48d1b5272180f83fa1e45a0ae021.jpg 200 OK (21ms)
[wrangler:inf] PUT /images/ingest/external%2F6788e67dbd98889874d5e836028bcf9aaea0d14a.png 200 OK (33ms)
[wrangler:inf] PUT /images/ingest/external%2F49836de1711b13cfdeb1c2446aa65236f39ca416.png 200 OK (12ms)
[wrangler:inf] PUT /images/ingest/external%2F02dfeb4cfec7ef4365026c5abe7f07bcef476dab.jpg 200 OK (20ms)
[wrangler:inf] PUT /images/ingest/external%2F1dacb1d75f78c7c0090c8776701d6910dbfecc59.png 200 OK (19ms)
[wrangler:inf] PUT /images/ingest/external%2F4acbe0256d67bb2504714af26a37c607426baac1.png 200 OK (19ms)
[wrangler:inf] PUT /images/ingest/external%2F0d0e58aecb9aeae763303d5ea564247994e48f7c.png 200 OK (49ms)
[wrangler:inf] PUT /images/ingest/external%2F0642a67e1fc335d2f0d31c021b4f78249ae31513.jpg 200 OK (61ms)
[wrangler:inf] PUT /images/ingest/external%2Fab7c618bf259a17d493e763a9bad2ea97ef69eac.png 200 OK (26ms)
[wrangler:inf] PUT /images/ingest/external%2F8365158c0caddf862c189adb240dd074aa3d253d.png 200 OK (23ms)
[wrangler:inf] PUT /images/ingest/external%2F63f7a961ad1caf8cb6ebc04e14d4613bfefb8227.png 200 OK (13ms)
[wrangler:inf] PUT /images/ingest/external%2Ff47143640fcd2109b90108bf6cee748ff3759e04.png 200 OK (18ms)
[wrangler:inf] PUT /images/ingest/external%2Fe6e9b9ebf35c3c97abe9fe7f0dd6098ad5f1f003.png 200 OK (18ms)
[wrangler:inf] PUT /images/ingest/external%2Fafc416f1f3808719972b676e7e81ceab811906a6.png 200 OK (20ms)
[wrangler:inf] PUT /images/ingest/external%2Fc87d9f979af400e43ce4ca9b2f1e451a1b84f3b9.png 200 OK (13ms)
[wrangler:inf] PUT /images/ingest/external%2F418c13363c6bd07e1d0d0b81a5a58b6e0c463ae4.jpg 200 OK (24ms)
[wrangler:inf] PUT /images/ingest/external%2F940506f7c9597e0cc14de28afa388984a84cfb84.png 200 OK (35ms)
[wrangler:inf] PUT /images/ingest/external%2Fb27f675e748bccb51d7d87a16df3a7bab039e18b.jpg 200 OK (25ms)
[wrangler:inf] PUT /images/ingest/external%2Fed3b1b97688ce1118e04d7b29b156f3d2ca8d519.jpg 200 OK (35ms)
[wrangler:inf] PUT /images/ingest/external%2Fe81cd320043f1767007ed2d10d599c81020651f6.jpg 200 OK (15ms)
[wrangler:inf] PUT /images/ingest/external%2F7a5a858bd28f4b6c4ecdd79375b1f24fee11c3f0.png 200 OK (15ms)
[wrangler:inf] PUT /images/ingest/external%2F5a8efdbf6ad3dd33ded6ae7599f07909b76d7a21.png 200 OK (30ms)
[wrangler:inf] PUT /images/ingest/external%2F0e59abe564f2d7ba2a47812133eb5155ce6f76f1.png 200 OK (35ms)
[wrangler:inf] PUT /images/ingest/external%2F8e72105d386491f19d55c5e293ea1835141ece4a.png 200 OK (34ms)
[wrangler:inf] PUT /images/ingest/external%2Fc8fee49d09c9ac95a32e6e98b29c509067d526eb.png 200 OK (15ms)
[wrangler:inf] PUT /images/ingest/external%2Fdfbd670179feb61d8587dc7de37b1695e05a272c.png 200 OK (15ms)
[wrangler:inf] PUT /images/ingest/external%2Fa21c62c7a4f5fa1cba59a4661c3a971fdd95b828.png 200 OK (28ms)
[wrangler:inf] PUT /images/ingest/external%2Ff05087dbf386c9ef608a5e80681c31cb787bdc2d.png 200 OK (44ms)
[wrangler:inf] PUT /images/ingest/external%2F480a28450215b128f84358c237e545b772c742e3.png 200 OK (63ms)
[wrangler:inf] PUT /images/ingest/external%2F32b63cd3fe60a56796addece9ee50aa063ad4b96.png 200 OK (58ms)
[wrangler:inf] PUT /images/ingest/external%2F0dc315ea5f35bc883299ba5aa0d348a240808da4.png 200 OK (65ms)
[wrangler:inf] PUT /images/ingest/external%2F22651727298ae4102aaf4d63ff6f259c0693f6b9.png 200 OK (73ms)
[wrangler:inf] PUT /images/ingest/external%2F7cd48d1d16d9a79523a49952169ca7b8d1fd7be4.png 200 OK (54ms)
[wrangler:inf] PUT /images/ingest/external%2F5123656dca7de1e89ffab9e35fd8acad37bff721.png 200 OK (50ms)
[wrangler:inf] PUT /images/ingest/external%2F8b971dd969e141ae5e1c7d2c9a830a3ef507a907.png 200 OK (37ms)
[wrangler:inf] PUT /images/ingest/external%2F2d0aea7a983dfad7c906cc9f64140592e5fcaf0a.png 200 OK (15ms)
[wrangler:inf] PUT /images/ingest/external%2F05b94c248dbc1cf1618d7ca0f107b0d69f4c8bfb.png 200 OK (17ms)
[wrangler:inf] PUT /images/ingest/external%2Fdb883ad96885378b93fee9f546f61a2ce6f51432.png 200 OK (14ms)
[wrangler:inf] PUT /images/ingest/external%2F8e5e26d7c39977ee857dd0fdf9ec338e095f7f2c.png 200 OK (16ms)
[wrangler:inf] PUT /images/ingest/external%2F8b5a786eb897e4cd04a3592bf2a1361566e47dd9.png 200 OK (21ms)
[wrangler:inf] PUT /images/ingest/external%2F3673cc54893e752360ed3b18f79ec06d4209a657.png 200 OK (31ms)
[wrangler:inf] PUT /images/ingest/external%2Fd55b9fd29670e4f364ccddac4d451014dba59565.png 200 OK (14ms)
[wrangler:inf] PUT /images/ingest/external%2F00f44a7d50c061254140bf65db9b9221df63e999.png 200 OK (13ms)
[wrangler:inf] PUT /images/ingest/external%2Fb5b2240b7e3c9837e07319a8cd423b5ef209e45b.png 200 OK (14ms)
[wrangler:inf] PUT /images/ingest/external%2F6abe51debcec72136aad3626452dae9061eba3a8.png 200 OK (19ms)
[wrangler:inf] PUT /images/ingest/external%2Fccd39c6d6a95e5d7a32f5f5f278716dcf3dc4fef.png 200 OK (17ms)
[wrangler:inf] PUT /images/ingest/external%2F55f1e2f1f827d8dce64526b301a0a5c91db1fc4c.png 200 OK (39ms)
[wrangler:inf] PUT /images/ingest/external%2F9361a45459922a6d4efc7124290defb026178510.png 200 OK (49ms)
[wrangler:inf] PUT /images/ingest/external%2F0b326f0b8de0bfd5eaf34908a970275735c3b85d.png 200 OK (57ms)
[wrangler:inf] PUT /images/ingest/external%2Fce944b9dad2a9d2183a7a6a9e709d78d3e7867bf.png 200 OK (66ms)
[wrangler:inf] PUT /images/ingest/external%2F1db32b956e9167923e0c3a68e5a4af6431034994.png 200 OK (70ms)
[wrangler:inf] PUT /images/ingest/external%2F78876f91339e19680f3f8ce332120833b930c83b.png 200 OK (78ms)
[wrangler:inf] PUT /images/ingest/external%2F14ebcbb6262c8c2865b03977181cb1e9db9407df.png 200 OK (94ms)
[wrangler:inf] PUT /images/ingest/external%2F5c08ba0eb16f4754f49b283d930e4e345bf0fc06.png 200 OK (37ms)
[wrangler:inf] PUT /images/ingest/external%2Fb0fedd9b8c8f81de592aa9b09f5ce9e22a23249c.png 200 OK (14ms)
[wrangler:inf] PUT /images/ingest/external%2F1e6b9338ec3f12f8b51b0e3b85bd686d169538a7.png 200 OK (22ms)
[wrangler:inf] PUT /images/ingest/external%2F5a62f0d93f2b38b65133a67734eafca33ca230bb.png 200 OK (31ms)
[wrangler:inf] PUT /images/ingest/external%2Fbe15f9d3a0b605723e8f0f03008adf8155a7eee5.png 200 OK (14ms)
[wrangler:inf] PUT /images/ingest/external%2F477f50e6776902403c5389119a08dd66eec05855.png 200 OK (25ms)
[wrangler:inf] PUT /images/ingest/external%2F53d98cd51927f89bf353910e16f0e47241b3af52.png 200 OK (41ms)
[wrangler:inf] PUT /images/ingest/external%2F7c0d36ce87875d5c2a232eca248174fc400d20da.png 200 OK (41ms)
[wrangler:inf] PUT /images/ingest/external%2Ff6e0168d856daf6477becf85b02c63e73232d83a.png 200 OK (52ms)
[wrangler:inf] PUT /images/ingest/external%2Fd4bff59777915e6d9f49a561f613f48395aabdc3.png 200 OK (61ms)
[wrangler:inf] PUT /images/ingest/external%2F637f01c30e66ddac39c3abc45bebfbf1d2821e89.png 200 OK (70ms)
[wrangler:inf] PUT /images/ingest/external%2F558a06c2b99555dac6fc777e3510c8b70b5aec1b.png 200 OK (76ms)
[wrangler:inf] PUT /images/ingest/external%2F26594b62bd54fa91b1ad5c88093e4d47ea6fe626.png 200 OK (80ms)
[wrangler:inf] PUT /images/ingest/external%2Fed327f8837a1a53b327e532819644e045448f126.png 200 OK (40ms)
[wrangler:inf] PUT /images/ingest/external%2F3bc784f5cded4e322d2252f491bbddcd36433f8f.png 200 OK (43ms)
[wrangler:inf] PUT /images/ingest/external%2F90be3192e5f8ddbf08534bf3e4dd6afd83afd2f4.png 200 OK (12ms)
[wrangler:inf] PUT /images/ingest/external%2Fe57e0b94c33e045a16d6450cb24c8cb8beb535f2.png 200 OK (19ms)
[wrangler:inf] PUT /images/ingest/external%2F9dee66730c6deb5b6874728d08002c2114cff3e0.png 200 OK (28ms)
[wrangler:inf] PUT /images/ingest/external%2F449de845114cfa477237b4f81b1edf4d7931b367.png 200 OK (38ms)
[wrangler:inf] PUT /images/ingest/external%2F445e16a017a11081e0b3cc4cae4162bc6c393c52.png 200 OK (35ms)
[wrangler:inf] PUT /images/ingest/external%2F5ff37c077f7c24100a10772e25b4acd72d0960ce.png 200 OK (32ms)
[wrangler:inf] PUT /images/ingest/external%2F7c029782090b866676521d4ce0d6b7a230a93bae.jpg 200 OK (12ms)
[wrangler:inf] PUT /images/ingest/external%2F98732dfc62440f12436ba30ac3d363a9c2f8eef5.png 200 OK (14ms)
[wrangler:inf] PUT /images/ingest/external%2Fe37d5b7bf0faf8cddcc95f5a7266902d160aef42.png 200 OK (25ms)
[wrangler:inf] PUT /images/ingest/external%2Fe3b2754afa0dc8529e332d5475d7c6239fcbb17f.png 200 OK (36ms)
[wrangler:inf] PUT /images/ingest/external%2F6f4652447096d11b56e403f05ca5023d6bc02cfb.png 200 OK (52ms)
[wrangler:inf] PUT /images/ingest/external%2F284357aa107712fcf2af96562bc664cd18f1bdd4.png 200 OK (45ms)
[wrangler:inf] PUT /images/ingest/external%2F27fe5db248f68aa79080e35dc7d8ae94e50c2a65.jpg 200 OK (16ms)
[wrangler:inf] PUT /images/ingest/external%2F84b54c237dbebc457dfbf6f30c3b07697a7bec7e.jpg 200 OK (14ms)
[wrangler:inf] PUT /images/ingest/external%2F265256f3afa8db004a236d80dacd8e3900cdcaca.jpg 200 OK (21ms)
[wrangler:inf] PUT /images/ingest/external%2F7918537fa1a20b398c56d92f2c647f650827392b.jpg 200 OK (13ms)
[wrangler:inf] PUT /images/ingest/external%2F82e4a6c192eb40380dfa80a20f8382e2a5f48b16.png 200 OK (34ms)
[wrangler:inf] PUT /images/ingest/external%2F168565be73bba872b2afbf0317262c8926d4797c.jpg 200 OK (45ms)
[wrangler:inf] PUT /images/ingest/external%2F905398d4e4809ba349141bd2278316de57b67e88.png 200 OK (53ms)
[wrangler:inf] PUT /images/ingest/external%2F18a392d2a911fd41fdbb754314cec7e8cd748a3e.png 200 OK (30ms)
[wrangler:inf] PUT /images/ingest/external%2F25b169ad9abe61f1ddd70dc4704a6baa3d424d5a.jpg 200 OK (26ms)
[wrangler:inf] PUT /images/ingest/external%2F41ff9ebb79fbab40ae278f58a483325b50034316.png 200 OK (13ms)
[wrangler:inf] PUT /images/ingest/external%2Febc2abd4624e93a593b2ffa51e5c7c66f4319c22.jpg 200 OK (15ms)
[wrangler:inf] PUT /images/ingest/external%2F17b67579a2c89101dc9f88058e3ff827890337fa.jpg 200 OK (23ms)
[wrangler:inf] PUT /images/ingest/external%2F0cdabbde148b81b6ff420c479264aa790e4a180a.jpg 200 OK (12ms)
[wrangler:inf] PUT /images/ingest/external%2F969445c7fc865692431702f99557cb4961a42a6a.png 200 OK (12ms)
[wrangler:inf] PUT /images/ingest/external%2F282fdbe4a8515195477f489a46a9eb6ce0e8a501.png 200 OK (17ms)
[wrangler:inf] PUT /images/ingest/external%2F9aec0efb0d0de04de2dc3b2a100f9d258a091d3b.jpg 200 OK (26ms)
[wrangler:inf] PUT /images/ingest/external%2F4780b379be4ff08206e2576ca040896b3501e86c.jpg 200 OK (34ms)
[wrangler:inf] PUT /images/ingest/external%2Ff977a128f0ebad58ff0f5979aae13114d88ae31f.png 200 OK (45ms)
[wrangler:inf] PUT /images/ingest/external%2F9cfe867678b2a9c2e4ce74294bd88889ddb0e8a6.png 200 OK (24ms)
[wrangler:inf] PUT /images/ingest/external%2F79d79d6266bd462b97c08e040f41d053aa389c34.jpg 200 OK (15ms)
[wrangler:inf] PUT /images/ingest/external%2Fb414c9285f5a7fcb6e6bc8a41bdb72a3c7926423.jpg 200 OK (16ms)
[wrangler:inf] PUT /images/ingest/external%2F08a34f0f66ddda5e54c397c6ab73e20048eb04eb.png 200 OK (28ms)
[wrangler:inf] PUT /images/ingest/external%2F02f958d047885fdadb6f43d97be0dc529446ea6e.png 200 OK (106ms)
[wrangler:inf] PUT /images/ingest/external%2F28b2a7e91d4e8f6efb49349b0ab88a37cf07779c.jpg 200 OK (40ms)
[wrangler:inf] PUT /images/ingest/external%2F9011f6617f632885d51726f32ff8278a93d17e56.jpg 200 OK (46ms)
[wrangler:inf] PUT /images/ingest/external%2F670c6aed380295ebccb618fcc7f52fb33d7488a9.jpg 200 OK (13ms)
[wrangler:inf] PUT /images/ingest/external%2F1d09e22fdbe54d4b278f293e97fa390d4b53294c.png 200 OK (13ms)
[wrangler:inf] PUT /images/ingest/external%2F063f9f6ae54294d66f54af38759f609fc6d828b3.png 200 OK (19ms)
[wrangler:inf] PUT /images/ingest/external%2Fe81866b1d8dcd7c1f9e862f7e0bcf6d0823941f7.png 200 OK (26ms)
[wrangler:inf] PUT /images/ingest/external%2F69f8a904b9e535eaf77649cda121ae49f31293aa.png 200 OK (13ms)
[wrangler:inf] PUT /images/ingest/external%2Fca0efca0d54519c411c30469322bfe8daa99ac03.png 200 OK (15ms)
[wrangler:inf] PUT /images/ingest/external%2F8f22d7b8a6d2e216e3ebc8432ce2f66986949246.png 200 OK (22ms)
[wrangler:inf] PUT /images/ingest/external%2Fcfd349ca8aa3e9f496147189a16689df5f32d29b.png 200 OK (30ms)
[wrangler:inf] PUT /images/ingest/external%2Fe1937a1e1cdf7467c0094db23d314093e667e355.png 200 OK (23ms)
[wrangler:inf] PUT /images/ingest/external%2Fbec6d2531cb392eaed59ad6bd28478466727f5b4.jpg 200 OK (28ms)
[wrangler:inf] PUT /images/ingest/external%2F2d595cff58bfcf511874ac8da2008fcd26222de2.png 200 OK (13ms)
[wrangler:inf] PUT /images/ingest/external%2F75e926c70a5532038ec11e80ef5edc0180f46850.jpg 200 OK (26ms)
[wrangler:inf] PUT /images/ingest/external%2F8793a842112d054d280e85b7c89da591af6672ea.png 200 OK (28ms)
[wrangler:inf] PUT /images/ingest/external%2F8af725ba1913255b07c8607973df9f839e083d95.jpg 200 OK (29ms)
[wrangler:inf] PUT /images/ingest/external%2F3dc33c73a6ce2ea286802da6459d64cf0577670a.jpg 200 OK (34ms)
[wrangler:inf] PUT /images/ingest/external%2Ff67840e991be9bc9ff1d882a1b3451cba5691f91.png 200 OK (13ms)
[wrangler:inf] PUT /images/ingest/external%2Fd6d7d8e409d893c480166ff8052ebd831957fddc.jpg 200 OK (13ms)
[wrangler:inf] PUT /images/ingest/external%2Fe8d485eb26080c8d65318b256ce4b7b9d9672254.jpg 200 OK (18ms)
[wrangler:inf] PUT /images/ingest/external%2F3c71d8d848bd334d9eb42a09a5a5a0a53db7dbb4.jpg 200 OK (25ms)
[wrangler:inf] PUT /images/ingest/external%2F4d4a4926adb7db759b37da62629403a6c0ee29d1.png 200 OK (17ms)
[wrangler:inf] PUT /images/ingest/external%2Faf4528d58a17b1379adf2c26b2874a30352d6922.jpg 200 OK (14ms)
[wrangler:inf] PUT /images/ingest/external%2Ffca9f023f7e669af2bc2d54e0267d1ffc11bbb28.png 200 OK (13ms)
[wrangler:inf] PUT /images/ingest/external%2F8215f01fd258b4de9ec02955e78dc7a6b7177200.jpg 200 OK (21ms)
[wrangler:inf] PUT /images/ingest/external%2F6a8af771fe0253ea88fa306c8330f20ba671434e.jpg 200 OK (29ms)
[wrangler:inf] PUT /images/ingest/external%2F7cc048dba8931635d3c7fb21ba6d21f0ddf23403.jpg 200 OK (28ms)
[wrangler:inf] PUT /images/ingest/external%2F673cef2edcae8443b71016e681692b02d1e02094.png 200 OK (36ms)
[wrangler:inf] PUT /images/ingest/external%2F64728f2dd890e7cbe5579e00ee3960f8c6852c16.png 200 OK (11ms)
[wrangler:inf] PUT /images/ingest/external%2Faf8c221a0ac5eda240486493e934d75a97d24d26.jpg 200 OK (15ms)
[wrangler:inf] PUT /images/ingest/external%2Fc9f85ef357c6c536c38bda5d2afc3d668b41be8d.jpg 200 OK (17ms)
[wrangler:inf] PUT /images/ingest/external%2F5442a65a828d7a30dfc75dbfb2fd57a51cae94e5.jpg 200 OK (14ms)
[wrangler:inf] PUT /images/ingest/external%2F984a2c84ee337b7a746f6c76e865ec4d98eee4e3.jpg 200 OK (24ms)
[wrangler:inf] PUT /images/ingest/external%2Faea4aa44da4058e35a42486748ab9417ec0284a3.jpg 200 OK (14ms)
[wrangler:inf] PUT /images/ingest/external%2Fc3e9098f60fdf40395c30ca6d931445a0b395b81.png 200 OK (17ms)
[wrangler:inf] PUT /images/ingest/external%2F0b565228e81a7813e5852804c66f9b6e5e3294f1.png 200 OK (25ms)
[wrangler:inf] PUT /images/ingest/external%2F9e3b3ea9d9683afd53fe31a4d92224ac32803a34.png 200 OK (15ms)
[wrangler:inf] PUT /images/ingest/external%2F2b30b016bb66599624bf88b8810e96fddc299e9f.png 200 OK (33ms)
[wrangler:inf] PUT /images/ingest/external%2Fdcc1ff1464444bf982bc703a3f3b97ad4a8dbe68.png 200 OK (42ms)
[wrangler:inf] PUT /images/ingest/external%2Fcbf46f5831d7b0a789b13346044990a6b6a80d78.jpg 200 OK (57ms)
[wrangler:inf] PUT /images/ingest/external%2F025698c189ef22d2e351cdda027eca2d5a0a91bf.jpg 200 OK (57ms)
[wrangler:inf] PUT /images/ingest/external%2F74d0b27be5cffea1945b3d75a5d1bde95f756d82.png 200 OK (54ms)
[wrangler:inf] PUT /images/ingest/external%2Fb5301737d3a1eba8bd884715000c8b5b7abc7231.png 200 OK (60ms)
[wrangler:inf] PUT /images/ingest/external%2F17f351ef0dcc82aab70b31191293652329346b35.png 200 OK (63ms)
[wrangler:inf] PUT /images/ingest/external%2Fdb95ee7456069e43eb4bd4e669b82c62a2516dd4.jpg 200 OK (58ms)
[wrangler:inf] PUT /images/ingest/external%2F1f1e3bb4e42001464b84ae82c52577bf55f950c0.png 200 OK (50ms)
[wrangler:inf] PUT /images/ingest/external%2F1e5bc7be02fe365036bc2ab8ffbcf5b604c4b577.png 200 OK (35ms)
[wrangler:inf] PUT /images/ingest/external%2F19095d5451acf62606be36d4ae4d3d7bb13b8331.png 200 OK (73ms)
[wrangler:inf] PUT /images/ingest/external%2F5ffb02f71fb5d8c15914e71d44b05a3d596a053c.png 200 OK (14ms)
[wrangler:inf] PUT /images/ingest/external%2Fae70e2b45393957b7ef28523cee36f879863f100.png 200 OK (16ms)
[wrangler:inf] PUT /images/ingest/external%2F38088140741d1d0f968fa1fff87af5839ba0335a.png 200 OK (16ms)
[wrangler:inf] PUT /images/ingest/external%2Fa038ac11d10528855db2ac451404cced7e084875.png 200 OK (12ms)
[wrangler:inf] PUT /images/ingest/external%2F0d55fd33f4f14f713f413cdc4fef5e4f88cc39cb.png 200 OK (20ms)
[wrangler:inf] PUT /images/ingest/external%2Fd5ba30c051ea729eacb6061c28d912558555a8b0.png 200 OK (17ms)
[wrangler:inf] PUT /images/ingest/external%2F4e7aad413c9b66ae719259bbf6fc96ce49848d65.png 200 OK (20ms)
[wrangler:inf] PUT /images/ingest/external%2F3009681da818b190ccf4d90273c568592d4a1d2d.png 200 OK (26ms)
[wrangler:inf] PUT /images/ingest/external%2Fe6e8c35b1f10a6af861ad14b1a201f4673715e8f.png 200 OK (16ms)
[wrangler:inf] PUT /images/ingest/external%2Fd30e9ac9c5235b21ab83abf5e9c64699637260be.jpg 200 OK (24ms)
[wrangler:inf] PUT /images/ingest/external%2F2a921740a9f72e745d5072367b8ea8ccefda1d9b.png 200 OK (37ms)
[wrangler:inf] PUT /images/ingest/external%2F447814972b0b223aea58958edc384376f6ab4b42.jpg 200 OK (48ms)
[wrangler:inf] PUT /images/ingest/external%2F3593d734798b6b57e0358397163cb9db6a888baf.jpg 200 OK (61ms)
[wrangler:inf] PUT /images/ingest/external%2F1f2a1ddfd05b52a3a40a8866c63cdca69d841e41.jpg 200 OK (57ms)
[wrangler:inf] PUT /images/ingest/external%2F6cb2a33070a389ea5829ab6ab4756a64b3bb9225.jpg 200 OK (62ms)
[wrangler:inf] PUT /images/ingest/external%2Fced1a1ab3041d5a61e2c1004a9a2733272440983.jpg 200 OK (40ms)
[wrangler:inf] PUT /images/ingest/external%2F8c155bb18e4287efb1a619671a9706cef94348e6.jpg 200 OK (12ms)
[wrangler:inf] PUT /images/ingest/external%2F5d04c52ff39de52b9251b47ed5918f8717ddbd6d.jpg 200 OK (13ms)
[wrangler:inf] PUT /images/ingest/external%2F12578811def2a9d43c81a8d68b190589509c76d3.png 200 OK (16ms)
[wrangler:inf] PUT /images/ingest/external%2F06a339fab6cedde086b91b040cc01e02693aae46.png 200 OK (19ms)
[wrangler:inf] PUT /images/ingest/external%2Fce72fe93a937f1e9ac710dbad34e0d280bf1a342.png 200 OK (21ms)
[wrangler:inf] PUT /images/ingest/external%2F169507d113b75034d5f03bdf4649ff1cccee5ff7.png 200 OK (13ms)
[wrangler:inf] PUT /images/ingest/external%2Fc31a94771db9b2503faaf1ab4cbf9de195c5fb25.png 200 OK (15ms)
[wrangler:inf] PUT /images/ingest/external%2Fce752672ed20280699a6abcc82f4edb120e3e23e.png 200 OK (15ms)
[wrangler:inf] PUT /images/ingest/external%2Ff8dc68b4804fdbe48eb5a352dfb6f1bae7c74467.png 200 OK (12ms)
[wrangler:inf] PUT /images/ingest/external%2F22ab72e961b414271f9e0b95c6471798fe04cd2b.png 200 OK (13ms)
[wrangler:inf] PUT /images/ingest/external%2Faaf9ea7eb5efbfe3c2d1ef949e16f6ab9431d7dd.png 200 OK (12ms)
[wrangler:inf] PUT /images/ingest/external%2F1d6f2709ce9f38618ac05e39a4bc4afffd762be4.png 200 OK (14ms)
[wrangler:inf] PUT /images/ingest/external%2Fe815a9d06bb13187d6a5dd86aea5383353fcd082.png 200 OK (21ms)
[wrangler:inf] PUT /images/ingest/external%2Fe6332804b062d9d2116ef9891e3bf5f0385f1981.png 200 OK (26ms)
[wrangler:inf] PUT /images/ingest/external%2F76afd5325ea8125bb1924720c6af9a40d6a1f425.jpg 200 OK (26ms)
[wrangler:inf] PUT /images/ingest/external%2F4ccd14cd5b91320e585660982b8adc5ec10569ea.png 200 OK (33ms)
[wrangler:inf] PUT /images/ingest/external%2F5357a816f7e3c9f43df38479f988ba8acdda8284.jpg 200 OK (30ms)
[wrangler:inf] PUT /images/ingest/external%2Fcc877bad8049e6b635c62c88ee81e1ffc57b1d81.png 200 OK (15ms)
[wrangler:inf] PUT /images/ingest/external%2F3b6c9125d9c1977fbe2cb0986b56ff0fc66de804.jpg 200 OK (20ms)
[wrangler:inf] PUT /images/ingest/external%2Fe5f222b80ab777ae797fb9e1aeda6e1133bc520b.png 200 OK (15ms)
[wrangler:inf] PUT /images/ingest/external%2F15e04ccc6b5966fe0b8bf6a318e0dec889c76375.png 200 OK (12ms)
[wrangler:inf] PUT /images/ingest/external%2Feea67bdf27c15216e9c72b75fb96c910c89e39d6.jpg 200 OK (16ms)
[wrangler:inf] PUT /images/ingest/external%2F0dbcbede298b24e1498bf255e479211e5024175c.png 200 OK (16ms)
[wrangler:inf] PUT /images/ingest/external%2Fd1db5d72f90f94e64bccffd23b072a3703543c76.jpg 200 OK (14ms)
[wrangler:inf] PUT /images/ingest/external%2F549caf0c1fb134762ca3a541026c10e3749d460a.png 200 OK (28ms)
[wrangler:inf] PUT /images/ingest/external%2F55b3039a0a2a9ef636f8a3c71f8ac7d396f22003.png 200 OK (25ms)
[wrangler:inf] PUT /images/ingest/external%2Fc17dae8831f19fda8d04738d3863169ad33340db.png 200 OK (19ms)
[wrangler:inf] PUT /images/ingest/external%2F27a5401c8889ead79e547c2b3407cc8b599ae920.png 200 OK (29ms)
[wrangler:inf] PUT /images/ingest/external%2Fbebc8b070283e6246da4ac898e7de858f96f55dd.png 200 OK (30ms)
[wrangler:inf] PUT /images/ingest/external%2F8f51d425acf305388de3b44022c4d68438485c3c.png 200 OK (16ms)
[wrangler:inf] PUT /images/ingest/external%2F4c7ffe73ed33b2f0da5709ed4752807d290b002f.png 200 OK (13ms)
[wrangler:inf] PUT /images/ingest/external%2F14f27ce35155dd988d95f894718b26e24a7e4d11.png 200 OK (14ms)
[wrangler:inf] PUT /images/ingest/external%2F77830b42e57f6ee662061c536d52de1645c50050.png 200 OK (15ms)
[wrangler:inf] PUT /images/ingest/external%2Fb72774d3ef579fd738759cfc0f4480460a0185f1.png 200 OK (24ms)
[wrangler:inf] PUT /images/ingest/external%2F04642ff3087ec9fa7b2365c1d982487480ba24f2.jpg 200 OK (38ms)
[wrangler:inf] PUT /images/ingest/external%2Ffeac062591ac4bdcabf22189822877bdda288111.png 200 OK (53ms)
[wrangler:inf] PUT /images/ingest/external%2Fb04ca6432d7b3f482ecbf1c5a4c38bb3fb6ebab3.jpg 200 OK (65ms)
[wrangler:inf] PUT /images/ingest/external%2Ff516e95ed12518708848265a473b5f6052eac808.jpg 200 OK (76ms)
[wrangler:inf] PUT /images/ingest/external%2F195b43d854d2eebca64d41076ef0b76e39e9928c.jpg 200 OK (95ms)
[wrangler:inf] PUT /images/ingest/external%2Ff6f921f71429d6b9bfe29cc2fbd495a2408ef037.jpg 200 OK (71ms)
[wrangler:inf] PUT /images/ingest/external%2Fafb50bb71b9cb09d29b1fcb9e7cf71e7f107cb02.jpg 200 OK (77ms)
[wrangler:inf] PUT /images/ingest/external%2Fd84d3fa01cf7b9897766a7f0672c50844aab8743.jpg 200 OK (64ms)
[wrangler:inf] PUT /images/ingest/external%2F3eb4e21a219a0ac324ef9c9bb20591036e6dab95.png 200 OK (17ms)
[wrangler:inf] PUT /images/ingest/external%2Fb21adeac654363239d33290d1b58ee608c40cda3.png 200 OK (25ms)
[wrangler:inf] PUT /images/ingest/external%2Fd4c3897ffa99227d0bd0f6e3d11b733b5c0a9cd9.png 200 OK (14ms)
[wrangler:inf] PUT /images/ingest/external%2Fbd50ab52975a717d4faa29851b704c7f11d7607b.png 200 OK (17ms)
[wrangler:inf] PUT /images/ingest/external%2Fc6755492b8526d8c5479a689d56c8d0951c488c6.png 200 OK (18ms)
[wrangler:inf] PUT /images/ingest/external%2Ff773332b7f1c5b8ae9cb34ec5171ce6eb60fb2bc.png 200 OK (25ms)
[wrangler:inf] PUT /images/ingest/external%2F7dabae24f0b193899baad08475ff7d216cc31eef.png 200 OK (39ms)
[wrangler:inf] PUT /images/ingest/external%2Fb67b4b258c994d07d68b32167ed8ef4750d40bb9.png 200 OK (53ms)
[wrangler:inf] PUT /images/ingest/external%2Fb90d965f4cea8849b629b02815b9dc03c5731d98.png 200 OK (59ms)
[wrangler:inf] PUT /images/ingest/external%2F09d81eacb2442469168c01ed76be3932ab2a5eec.png 200 OK (63ms)
[wrangler:inf] PUT /images/ingest/external%2Fb2d000f0734afe085b8a26027dc09afb426c3972.png 200 OK (68ms)
[wrangler:inf] PUT /images/ingest/external%2Fbe444b422313458e513dd11c150cccafc027496d.png 200 OK (69ms)
[wrangler:inf] PUT /images/ingest/external%2Ff26d6e62b80a1ec058351538c6fc945e48f393b0.jpg 200 OK (64ms)
[wrangler:inf] PUT /images/ingest/external%2F90070803c49db3fcd45eca7fa8b9f54a43442366.png 200 OK (54ms)
[wrangler:inf] PUT /images/ingest/external%2F5f093efbfd181d9993c06afaf1fdb48edd4b33d7.png 200 OK (143ms)
[wrangler:inf] PUT /images/ingest/external%2F02d4c8a33959b8998ca55162eb21c5df590076bd.jpg 200 OK (18ms)
[wrangler:inf] PUT /images/ingest/external%2Fdfaebe92696e44d05432ab84c19ac30992d1606b.jpg 200 OK (24ms)
[wrangler:inf] PUT /images/ingest/external%2F95bbe9fc4f4c5fb072c581480bc1b684ca655f65.png 200 OK (39ms)
[wrangler:inf] PUT /images/ingest/external%2Fe722e5f90bc73d36f59b881885fd83dbf7c64e56.png 200 OK (13ms)
[wrangler:inf] PUT /images/ingest/external%2Fa67e22b37e31edf043abcb0f6ae2bdf1003b4c97.png 200 OK (23ms)
[wrangler:inf] PUT /images/ingest/external%2Fc7dc4726a0852c637594362c84c5f6242e276bae.png 200 OK (18ms)
[wrangler:inf] PUT /images/ingest/external%2Fd45131191e1acbc0cfbb61655264a80e86620ec3.png 200 OK (16ms)
[wrangler:inf] PUT /images/ingest/external%2Fe97d400c8e9e77b872f8f7b75c72f73fb456f3b7.png 200 OK (18ms)
[wrangler:inf] PUT /images/ingest/external%2Fa7b51c0aaf59909aa678687615590197c9530728.png 200 OK (16ms)
[wrangler:inf] PUT /images/ingest/external%2Fe78b83f35f913d3d43d546d22adc4383b3d65bb7.png 200 OK (16ms)
[wrangler:inf] PUT /images/ingest/external%2F3d62891f1f9e343b6a7d7593d11acfd725b528ad.png 200 OK (17ms)
[wrangler:inf] PUT /images/ingest/external%2F9f3f14d28ea4fced3282cbb706a31e0cd9548e2c.png 200 OK (20ms)
[wrangler:inf] PUT /images/ingest/external%2F124e5d7136776f57cfdad56fbb2b8d0e75e9cb73.png 200 OK (31ms)
[wrangler:inf] PUT /images/ingest/external%2F1375e9021e0dcf392328ffe837ad71b0452e7bf2.png 200 OK (38ms)
[wrangler:inf] PUT /images/ingest/external%2Ff584f1d85c89fe1b8dbf7e0e964b49a9034b33cd.jpg 200 OK (17ms)
[wrangler:inf] PUT /images/ingest/external%2F0466bca0e3ddb889176768366df52bef073e3842.png 200 OK (29ms)
[wrangler:inf] PUT /images/ingest/external%2Fe3bcb44157ce0dfb5280e9a79e7a70a2d2b5447c.png 200 OK (18ms)
[wrangler:inf] PUT /images/ingest/external%2Fdf8979a0a743d61ebba0642be7be2adc1218da09.png 200 OK (14ms)
[wrangler:inf] PUT /images/ingest/external%2F369f4fe14f8b649e9ff5d1c1d00bfadaaa8f92bb.png 200 OK (14ms)
[wrangler:inf] PUT /images/ingest/external%2F603f56e37594e5addae41380cf7c55ba5323e910.png 200 OK (13ms)
[wrangler:inf] PUT /images/ingest/external%2Fd1ec23f9b8618742092a26889b8a7a0bcfd3a499.png 200 OK (12ms)
[wrangler:inf] PUT /images/ingest/external%2Ff6bac5e80d645706a7104f19267f3a6086a3179c.png 200 OK (16ms)
[wrangler:inf] PUT /images/ingest/external%2F8b9572216f80574fa2190344920aa57a8f72c1b3.png 200 OK (26ms)
[wrangler:inf] PUT /images/ingest/external%2Fa07debd22f2abbe62c959323bd34ea1be21f058a.png 200 OK (18ms)
[wrangler:inf] PUT /images/ingest/external%2F516679fd72d1caeb8ad09163cc0a2c4a37c408c1.png 200 OK (13ms)
[wrangler:inf] PUT /images/ingest/external%2F72b84f4319c460227a16a51f75c8177a3ea416c6.png 200 OK (14ms)
[wrangler:inf] PUT /images/ingest/external%2Fedb5c4129223d91c78ceb8e213239236900cf817.png 200 OK (14ms)
[wrangler:inf] PUT /images/ingest/external%2F6759c762ace1cf97a1a3ca34de27a6992636b469.png 200 OK (20ms)
[wrangler:inf] PUT /images/ingest/external%2F27957167d523b1c67e55942bbf0eed8240f96682.png 200 OK (14ms)
[wrangler:inf] PUT /images/ingest/external%2F75b46cd5b8f9610d357c037d72b070db499e3fe5.png 200 OK (19ms)
[wrangler:inf] PUT /images/ingest/external%2Fcf0296306a910ab9bed8c8749a910b8201465d76.png 200 OK (21ms)
[wrangler:inf] PUT /images/ingest/external%2Ff9aff90e6a2a98617266057efc2043f777972041.png 200 OK (18ms)
[wrangler:inf] PUT /images/ingest/external%2Fd948d17f3af142aa03c170f58a7255175ad6ded4.png 200 OK (17ms)
[wrangler:inf] PUT /images/ingest/external%2F36ce0bc1002eeb4444a7e93214f3f130dbfca988.png 200 OK (14ms)
[wrangler:inf] PUT /images/ingest/external%2Fe47594da69de8a123859d43e128ee28c61bfa6b0.png 200 OK (26ms)
[wrangler:inf] PUT /images/ingest/external%2F0f23f24f95aa4adad7df3b7e0f835e21931f6100.png 200 OK (31ms)
[wrangler:inf] PUT /images/ingest/external%2F25a860bac1c827c9b4d3ca6bda4479935621b0ef.png 200 OK (14ms)
[wrangler:inf] PUT /images/ingest/external%2Fbbff84ada3e245566d8fc28db02dd687073a3d1b.png 200 OK (20ms)
[wrangler:inf] PUT /images/ingest/external%2F8e9491eb44d0f84e5321976fa7fa056f7f1f05e5.png 200 OK (21ms)
[wrangler:inf] PUT /images/ingest/external%2F3094db87249539e5b960dfcd4e724d42e2b5cf20.png 200 OK (30ms)
[wrangler:inf] PUT /images/ingest/external%2Ff7609c9d32bf6232c71a4d5c35912c4c6eeafba7.png 200 OK (20ms)
[wrangler:inf] PUT /images/ingest/external%2F715899e74f59357045e7b05ed330e0c8f0a48d1d.png 200 OK (14ms)
[wrangler:inf] PUT /images/ingest/external%2Fae0d7e8de47c3eb30a69c2c48141fe3752db895c.png 200 OK (14ms)
[wrangler:inf] PUT /images/ingest/external%2F72b185fb3b8bba0c61d7fa2f92066449b3b6e104.png 200 OK (13ms)
[wrangler:inf] PUT /images/ingest/external%2Fc9eb3d974eb1759230cbb7d4c4a75283ed5a5789.png 200 OK (13ms)
[wrangler:inf] PUT /images/ingest/external%2F211fe4416add23afd4e78addf164c97b983ea37d.png 200 OK (20ms)
[wrangler:inf] PUT /images/ingest/external%2F49cb9ae3f0c1c7ca6f03102292752acadcbebcd6.png 200 OK (16ms)
[wrangler:inf] PUT /images/ingest/external%2Fa1dd5ba2592d5112e4cc88575965a2a3078e123a.png 200 OK (13ms)
[wrangler:inf] PUT /images/ingest/external%2F79dddfb7a50bf07f3593726928f93d13eed865d4.png 200 OK (20ms)
[wrangler:inf] PUT /images/ingest/external%2Fba038ccb8fa3b2d65058e7e11bc8343672a633f7.png 200 OK (16ms)
[wrangler:inf] PUT /images/ingest/external%2F2fb67d2e1d782d2d51cdf92e8453ee4a0c01cf17.png 200 OK (46ms)
[wrangler:inf] PUT /images/ingest/external%2F09ccd4e1bac9cb86f6648f72419fa37e3d1df113.png 200 OK (23ms)
[wrangler:inf] PUT /images/ingest/external%2Ff9259c56fceb0df683f2b33f9d876848524ec8ec.png 200 OK (29ms)
[wrangler:inf] PUT /images/ingest/external%2F2dd479461d81c68288f674a9eb388b4a3f00ada0.png 200 OK (14ms)
[wrangler:inf] PUT /images/ingest/external%2Fc9bf84c637e1f2033d80ca42688f502d6572bcc1.png 200 OK (24ms)
[wrangler:inf] PUT /images/ingest/external%2F6f9dd0738e71d026d2eb76d7a00e032ba4f587e2.jpg 200 OK (27ms)
[wrangler:inf] PUT /images/ingest/external%2F999532f4b12cff757086e6c38c337ef8fbbcfd23.png 200 OK (66ms)
[wrangler:inf] PUT /images/ingest/external%2F09142db08faa739f8bfd814c84edfb54e8e0f1b2.jpg 200 OK (80ms)
[wrangler:inf] PUT /images/ingest/external%2F1be4bfa42cc1eb96f28fa6a9c1cc08e1e2b23663.png 200 OK (31ms)
[wrangler:inf] PUT /images/ingest/external%2F9616b85348bc9171988ad63819e75b8f4951cf64.png 200 OK (55ms)
[wrangler:inf] PUT /images/ingest/external%2Fe5b13906eaab0af7b1cddb2308c2b4ab6658d7c2.png 200 OK (95ms)
[wrangler:inf] PUT /images/ingest/external%2F44e619956b2a5de2b33f8c0c2ac8a3056c19ed72.png 200 OK (56ms)
[wrangler:inf] PUT /images/ingest/external%2F4bd645e14369c3c5af0d44dfc2d8559b068798ef.png 200 OK (174ms)
[wrangler:inf] PUT /images/ingest/external%2Fcf735a5f6bb8fe621a644c8e34a763abcbad4027.png 200 OK (29ms)
[wrangler:inf] PUT /images/ingest/external%2F564c3df218080a39653bc5ff4bea3ed44045e073.png 200 OK (17ms)
[wrangler:inf] PUT /images/ingest/external%2Fa5e661790f98e6433d0b469db87f57df2c8df72a.png 200 OK (22ms)
[wrangler:inf] PUT /images/ingest/external%2F4c39d9093627fbd8b95fb8f5747c404a0a0d242f.png 200 OK (33ms)
[wrangler:inf] PUT /images/ingest/external%2F29b08de0959408091884cec742ac7a9cba660b50.png 200 OK (40ms)
[wrangler:inf] PUT /images/ingest/external%2F92fbe387ad2179a6b08c6e81f3c835adf2981988.png 200 OK (40ms)
[wrangler:inf] PUT /images/ingest/external%2F9c8b1b92b4dafc31e182fb2d6ff54251fc00e5f1.png 200 OK (40ms)
[wrangler:inf] PUT /images/ingest/external%2Ffd92f8d1b105d9293ba82ca4670e1ec1f4f9ff2e.png 200 OK (43ms)
[wrangler:inf] PUT /images/ingest/external%2Fa7a4a68f7a61dd8ffc2ed874e8b074a466bf5145.png 200 OK (18ms)
[wrangler:inf] PUT /images/ingest/external%2F698119df1b18add8f16ce46a3ceaf22bd074b680.png 200 OK (15ms)
[wrangler:inf] PUT /images/ingest/external%2F7b45d1ff9967b9462e752ad4c66296911b3a925d.png 200 OK (19ms)
[wrangler:inf] PUT /images/ingest/external%2F0b516dddb3b36c513f74cecf1a2296d9e7a26172.jpg 200 OK (29ms)
[wrangler:inf] PUT /images/ingest/external%2F024ad8b4ab53d4094ccc0c1f307bab3eeb2417ea.png 200 OK (16ms)
[wrangler:inf] PUT /images/ingest/external%2Ffd4913b5afb56a7a92962f3a636090a8421a5e77.png 200 OK (26ms)
[wrangler:inf] PUT /images/ingest/external%2F2279d16198aafbc40f1b4583267ebf62f895e538.png 200 OK (21ms)
[wrangler:inf] PUT /images/ingest/external%2Ffc486a6011141ebd7fa28b1798b3afdc7460bbf0.png 200 OK (26ms)
[wrangler:inf] PUT /images/ingest/external%2Ff6a6a156b0fa1081438b48a36e2267fe85f3a39b.png 200 OK (38ms)
[wrangler:inf] PUT /images/ingest/external%2Fd0559ec0af1f450bd34f1d014bd0ee655ce04cde.jpg 200 OK (19ms)
[wrangler:inf] PUT /images/ingest/external%2Fed0d3682487204645ad14b744e1f806e3d5deff0.jpg 200 OK (13ms)
[wrangler:inf] PUT /images/ingest/external%2Ff5644523ecb90ebb8def22d6675501bf2acb1dac.jpg 200 OK (20ms)
[wrangler:inf] PUT /images/ingest/external%2F24a36d80967e03609c510d82f152841925976131.png 200 OK (15ms)
[wrangler:inf] PUT /images/ingest/external%2F658cc76fe414439f4e0c4f2bd3952483d78e9918.png 200 OK (13ms)
[wrangler:inf] PUT /images/ingest/external%2F6a983f4f7e69cd7fb7c90e8e938e0191fe896de8.png 200 OK (17ms)
[wrangler:inf] PUT /images/ingest/external%2F003796e4d56a2797c4e8b286340f68d0d63b98bc.png 200 OK (23ms)
[wrangler:inf] PUT /images/ingest/external%2F1fe70961359eb504f6daa433d90578f6afa9447e.png 200 OK (15ms)
[wrangler:inf] PUT /images/ingest/external%2F64b4147c9e13833ef04c7f4b80278d2cfec2f706.png 200 OK (26ms)
[wrangler:inf] PUT /images/ingest/external%2Faeae7a99eeb830a62b27b1601859fd22e462ccb0.png 200 OK (26ms)
[wrangler:inf] PUT /images/ingest/external%2F343cc70e95e8c6f0f1a19f3aec198eae15c674fc.png 200 OK (12ms)
[wrangler:inf] PUT /images/ingest/external%2Fcc899af783959ed8aad3ed9a6073932a0c18be7a.png 200 OK (15ms)
[wrangler:inf] PUT /images/ingest/external%2F1ab479bdf87174a6bb8e8100bc90d539a5122239.png 200 OK (30ms)
[wrangler:inf] PUT /images/ingest/external%2Fdd15080eba14f36b662257e86bee6062b5792653.png 200 OK (33ms)
[wrangler:inf] PUT /images/ingest/external%2F232835dc7c03c2db85f6970bc4ebb3530c1019cf.png 200 OK (13ms)
[wrangler:inf] PUT /images/ingest/external%2Fb5566ed9b82c8a9552bf6cd5f0f51a110a20eb86.jpg 200 OK (21ms)
[wrangler:inf] PUT /images/ingest/external%2F0f409508ba4c2eecf5eddb04e0f9732b253f14f9.png 200 OK (29ms)
[wrangler:inf] PUT /images/ingest/external%2F3145059309dfccf24d27860d6db2974effcdd5c7.png 200 OK (31ms)
[wrangler:inf] PUT /images/ingest/external%2F1d871cd5733ec914522f8a99d44873d9f6e18879.png 200 OK (51ms)
[wrangler:inf] PUT /images/ingest/external%2F7313111598d0cd9c894161ff82bfc2bdb30350ff.png 200 OK (79ms)
[wrangler:inf] PUT /images/ingest/external%2Fceb40502d976eb5ceaafbd190f3c39136664bd6c.png 200 OK (103ms)
[wrangler:inf] PUT /images/ingest/external%2Ffad4829351c47469746b66a840822d233465921a.png 200 OK (20ms)
[wrangler:inf] PUT /images/ingest/external%2F309335f575b162cbd5226978345dc3ef36d00ef9.png 200 OK (28ms)
[wrangler:inf] PUT /images/ingest/external%2Fd07d05ca6df78a9bded586f3c27433e41439789e.png 200 OK (36ms)
[wrangler:inf] PUT /images/ingest/external%2F3928ee042a79f5621d31789f0e282207c33a4eb3.png 200 OK (19ms)
[wrangler:inf] PUT /images/ingest/external%2Fd80251c887afe9ef510281984d8d41b708a9fe77.png 200 OK (27ms)
[wrangler:inf] PUT /images/ingest/external%2F2371ecaaff84e1ec82dab731769f25fc36332c20.png 200 OK (21ms)
[wrangler:inf] PUT /images/ingest/external%2F2299d4538b19643fc8f9e99c47ceb6c823db5933.png 200 OK (26ms)
[wrangler:inf] PUT /images/ingest/external%2Fc6e245629280d429ee6cf3ebfb9309dd706a0707.png 200 OK (36ms)
[wrangler:inf] PUT /images/ingest/external%2F8147056eda923026b23c5b590f88864b3435f7d6.png 200 OK (30ms)
[wrangler:inf] PUT /images/ingest/external%2Fb820ef62bf5eef9d70befa4ce531b2029282001a.png 200 OK (21ms)
[wrangler:inf] PUT /images/ingest/external%2F01bf68f4a4039167c1579aee046f963045d7d484.png 200 OK (10ms)
[wrangler:inf] PUT /images/ingest/external%2Fa7831636aab800f59794d86135c1a702d2261b0c.png 200 OK (17ms)
[wrangler:inf] PUT /images/ingest/external%2Fe88d015776593bfe36a28b44c0e798913870e18c.png 200 OK (22ms)
[wrangler:inf] PUT /images/ingest/external%2Fa62a6a743276af5bbd20d91cf36af5b1cab20842.png 200 OK (28ms)
[wrangler:inf] PUT /images/ingest/external%2F0ee4a2b59c73d81bba8fabc7c87e6e9d9a47dbed.png 200 OK (15ms)
[wrangler:inf] PUT /images/ingest/external%2Fd6ca51e15414316ca89d81d9633a2680e367260b.png 200 OK (26ms)
[wrangler:inf] PUT /images/ingest/external%2Fef43d5b18d554f45f9f8bf04eebd74441c5c8ed5.png 200 OK (34ms)
[wrangler:inf] PUT /images/ingest/external%2F6d284c02c47b99346fb6a408b8e7b90f8fe141bd.png 200 OK (37ms)
[wrangler:inf] PUT /images/ingest/external%2F5f755c7b854f56fbbaf7dfe6ec451630184e8b21.png 200 OK (34ms)
[wrangler:inf] PUT /images/ingest/external%2Fafa6052a235eaa873296bb575e381c18a8ecfeee.png 200 OK (47ms)
[wrangler:inf] PUT /images/ingest/external%2F24afb24f0a06703513c21801840ced6b820a419b.png 200 OK (43ms)
[wrangler:inf] PUT /images/ingest/external%2F310988a429b786447765fc5855220795acba143c.png 200 OK (43ms)
[wrangler:inf] PUT /images/ingest/external%2F739045f364fda45807600db3353101e74228fd52.png 200 OK (12ms)
[wrangler:inf] PUT /images/ingest/external%2Fad9e75bb845df5afbc4ecd4d8c23a6cf86ad48c4.png 200 OK (20ms)
[wrangler:inf] PUT /images/ingest/external%2F0aa367469743c5c33bd4de81be9e710e27b4ceb2.jpg 200 OK (43ms)
[wrangler:inf] PUT /images/ingest/external%2F76dfe89801ce53d537303988e681f5b4622d223f.png 200 OK (54ms)
[wrangler:inf] PUT /images/ingest/external%2Fdf29e9c01ef84c6a90f7656433de6dff0ad4c5c0.png 200 OK (54ms)
[wrangler:inf] PUT /images/ingest/external%2Ff6438c02ec870fd9450f254c79d079a9451b652d.jpg 200 OK (37ms)
[wrangler:inf] PUT /images/ingest/external%2Fbd811f836a61566bfc40ef2b83354c1e873f3874.jpg 200 OK (15ms)
[wrangler:inf] PUT /images/ingest/external%2F9724532f83e21f3d6c43b4eca021de9e1f61c23e.png 200 OK (25ms)
[wrangler:inf] PUT /images/ingest/external%2F9127a8d25105467dcfba3deaeb897d4dc9ff092a.jpg 200 OK (21ms)
[wrangler:inf] PUT /images/ingest/external%2F3f2a26733f85c1b673245dffe3f10eedf8cb5618.jpg 200 OK (32ms)
[wrangler:inf] PUT /images/ingest/external%2F963c7791dc4c7e9c70e775e59611ba39c212036f.png 200 OK (39ms)
[wrangler:inf] PUT /images/ingest/external%2F6800257a3f281e6d1fbd02fe10d2da8ecfd6bc2a.png 200 OK (43ms)
[wrangler:inf] PUT /images/ingest/external%2Fb7513e991c6a833e6b11fff1a343feae1489d140.jpg 200 OK (20ms)
[wrangler:inf] PUT /images/ingest/external%2Fc04321107167276a0259fde13bdce278a16fff27.png 200 OK (22ms)
[wrangler:inf] PUT /images/ingest/external%2F12ce5b6d7988305cc5c6965295506d2300a8d15e.jpg 200 OK (15ms)
[wrangler:inf] PUT /images/ingest/external%2F3b43a35aed6772b70891bf25dc1020797d74a9c2.png 200 OK (14ms)
[wrangler:inf] PUT /images/ingest/external%2F8e2596b50043ce747eada117249cb3a5f6d0a22d.jpg 200 OK (18ms)
[wrangler:inf] PUT /images/ingest/external%2F57b610ffba4cec451da0926aef70bd48d9b5f507.jpg 200 OK (39ms)
[wrangler:inf] PUT /images/ingest/external%2F4999e94a34258130378b3e38e00e45b84620b411.jpg 200 OK (46ms)
[wrangler:inf] PUT /images/ingest/external%2F2e144ffbe7ddfca3a56565085db589f999973e01.jpg 200 OK (56ms)
[wrangler:inf] PUT /images/ingest/external%2Fa2403d598a0ed2515a593f3b4890b357eeffe67b.jpg 200 OK (56ms)
[wrangler:inf] PUT /images/ingest/external%2F7333e93e62d949306644b4820010cde076f56e93.jpg 200 OK (53ms)
[wrangler:inf] PUT /images/ingest/external%2Fd761e91953d5f82dcac2824c2019594de7c154cc.jpg 200 OK (43ms)
[wrangler:inf] PUT /images/ingest/external%2F9a63a76207e61857ba6ae82faafe2cfe8ee7e32e.jpg 200 OK (17ms)
[wrangler:inf] PUT /images/ingest/external%2Fd91db7ef744814b6f9f1ca5151006ba01b186d89.jpg 200 OK (13ms)
[wrangler:inf] PUT /images/ingest/external%2F72b47c3ec7df742fabbe9931328bba786d4e34a4.jpg 200 OK (14ms)
[wrangler:inf] PUT /images/ingest/external%2Fa1c7e6a9f9e849b41eb2f081cd708b512d1c6c3a.jpg 200 OK (13ms)
[wrangler:inf] PUT /images/ingest/external%2F9a8cd9baf5fed188f4e42571b0fef142fa039a5b.png 200 OK (18ms)
[wrangler:inf] PUT /images/ingest/external%2Fcbb94caac78f1b7fe5fd5c61c9dd25c6f6736aeb.png 200 OK (26ms)
[wrangler:inf] PUT /images/ingest/external%2F5fd18b433a63799c3ec248f50e812986e9a2862c.png 200 OK (23ms)
[wrangler:inf] PUT /images/ingest/external%2Fe085970347a604732fb8dd6969e8d6766516597e.png 200 OK (14ms)
[wrangler:inf] PUT /images/ingest/external%2F8ab6d543842ddff8bb13fb10bd11b8a3ed0de523.jpg 200 OK (16ms)
[wrangler:inf] PUT /images/ingest/external%2F9ceba0743e9ed7fef822d9422cb19a59ba9b4c75.jpg 200 OK (23ms)
[wrangler:inf] PUT /images/ingest/external%2F4a6d33672c788c88243836fdaa18b8de41784971.jpg 200 OK (12ms)
[wrangler:inf] PUT /images/ingest/external%2F0c0b8f4a3a3e776aba087c4cb966cae3f819c1ee.jpg 200 OK (12ms)
[wrangler:inf] PUT /images/ingest/external%2F8dda85951ac40c587a8cf224eff4180e8b0b2b73.jpg 200 OK (13ms)
[wrangler:inf] PUT /images/ingest/external%2F3bea4f677c324564f4f83c34d4c9b89611ba82fc.jpg 200 OK (23ms)
[wrangler:inf] PUT /images/ingest/external%2F36f57325e28d05b0395dd570a46549b83d73722b.jpg 200 OK (25ms)
[wrangler:inf] PUT /images/ingest/external%2F50096471126d7d186bb898b4dbba50e28c97435a.jpg 200 OK (16ms)
[wrangler:inf] PUT /images/ingest/external%2Fc55f5b7f4825cf4249bfc2acaab86d7fcafd97a9.png 200 OK (17ms)
[wrangler:inf] PUT /images/ingest/external%2Fd175f46b77c7f61feb10e93b40b1b53424a79b5e.jpg 200 OK (24ms)
[wrangler:inf] PUT /images/ingest/external%2Ff184bbed05a4408bc676c0592ac5d1bec6e6cc18.png 200 OK (33ms)
[wrangler:inf] PUT /images/ingest/external%2F51c2f943beb00426a947a289bf4c8885507453ee.jpg 200 OK (23ms)
[wrangler:inf] PUT /images/ingest/external%2Fe154fa8590c84c4a4729d559fc4ad4ab17223032.jpg 200 OK (30ms)
[wrangler:inf] PUT /images/ingest/external%2Fa8a3b052b3af2b5c565db4f59f1725754f76cf27.jpg 200 OK (18ms)
[wrangler:inf] PUT /images/ingest/external%2Fcbbb09d4a66a2051c6eec3df20d70bc5bc5f2dd4.png 200 OK (27ms)
[wrangler:inf] PUT /images/ingest/external%2F5e09173e39327f235094ebd99db68aa580668212.png 200 OK (13ms)
[wrangler:inf] PUT /images/ingest/external%2F472d828cc908f9a2eae56191cb720618ef41e14e.jpg 200 OK (15ms)
[wrangler:inf] PUT /images/ingest/external%2F2a4ca740a8a39cfce9f141b7c2f166f10fdfcab3.jpg 200 OK (25ms)
[wrangler:inf] PUT /images/ingest/external%2Fa1f56a52aafc3cf42640aad6324afc6178868131.jpg 200 OK (22ms)
[wrangler:inf] PUT /images/ingest/external%2F07871d4a13a0f808e6ff7960f179ccf0f96aa0ac.png 200 OK (34ms)
[wrangler:inf] PUT /images/ingest/external%2F1c1f0c5b42258d4291589107d0c734c0a33b87db.png 200 OK (34ms)
[wrangler:inf] PUT /images/ingest/external%2F8ac1b6802f49ca9d247b2e42d097c9c25e732492.png 200 OK (17ms)
[wrangler:inf] PUT /images/ingest/external%2Fece58582e3edd02ec07c1af0836bff122c15bd13.jpg 200 OK (19ms)
[wrangler:inf] PUT /images/ingest/external%2F0315aaa4dfe7f4d2a9135435cf8b83fad08ed125.png 200 OK (16ms)
[wrangler:inf] PUT /images/ingest/external%2F68fbb65df611d484ba5bf5268d6c4e2c70690d52.png 200 OK (16ms)
[wrangler:inf] PUT /images/ingest/external%2F9b00dea421f4aaf88655ecd8008bc8c3532aafcd.jpg 200 OK (16ms)
[wrangler:inf] PUT /images/ingest/external%2F54a0dbb4112e58cb1ac36d361343578264df0b6b.png 200 OK (15ms)
[wrangler:inf] PUT /images/ingest/external%2Fd3027356917a82d1eace70b857007d2cdf40d61d.jpg 200 OK (17ms)
[wrangler:inf] PUT /images/ingest/external%2F167dd50bde4e2edca44ce82a59f2fe1c7836e372.png 200 OK (22ms)
[wrangler:inf] PUT /images/ingest/external%2Fdd9bb68436563be9c41dc1b3fec6e5a7debc2ed6.jpg 200 OK (40ms)
[wrangler:inf] PUT /images/ingest/external%2F263b54bdbac026e28e954868ff9f5e9b33b14848.png 200 OK (49ms)
[wrangler:inf] PUT /images/ingest/external%2Fd719e3f91d7767223b07da97832af7b691967f79.png 200 OK (58ms)
[wrangler:inf] PUT /images/ingest/external%2Fafb1b81ef26850d05017a4a1f37e09f3869cc588.png 200 OK (68ms)
[wrangler:inf] PUT /images/ingest/external%2F6b3021a2a8abec2a000cbab62ff1f433751deb68.png 200 OK (68ms)
[wrangler:inf] PUT /images/ingest/external%2F84d20277bf75af03890743dcc63d7fc29c4d09fe.png 200 OK (76ms)
[wrangler:inf] PUT /images/ingest/external%2F5def18d5ec947302e94a6b50229f61129263f32f.png 200 OK (78ms)
[wrangler:inf] PUT /images/ingest/external%2F8aa976c0d152b7e2f4b66bb7e4448c8e9453f288.png 200 OK (88ms)
[wrangler:inf] PUT /images/ingest/external%2F7d7b9aab96a156661fb6f2f271cd211edf7f40ce.jpg 200 OK (77ms)
[wrangler:inf] PUT /images/ingest/external%2F06b52e265a8b27c6e165d2de32f58eaf129cceb2.jpg 200 OK (15ms)
[wrangler:inf] PUT /images/ingest/external%2F1d14b210007aca1c4813d82310c850031bd757a4.jpg 200 OK (22ms)
[wrangler:inf] PUT /images/ingest/external%2F6efc8fd8871012bb06ddeaa1af0bb6e0272110dc.png 200 OK (35ms)
[wrangler:inf] PUT /images/ingest/external%2F112b5ec39e78bae8320df102feefd32ae76ff5f5.jpg 200 OK (46ms)
[wrangler:inf] PUT /images/ingest/external%2F51d9692e2b56e5c0cd46cc42b60252f5734a2283.png 200 OK (15ms)
[wrangler:inf] PUT /images/ingest/external%2Fdfa5c6537fe572a33c2f0c8352d38f9be4266384.png 200 OK (17ms)
[wrangler:inf] PUT /images/ingest/external%2F32fa14b41a3b17d73cdd071dc35130d00f552699.png 200 OK (25ms)
[wrangler:inf] PUT /images/ingest/external%2F877583d7b5ccefe7a2e76db6262bf84e8333ed66.png 200 OK (13ms)
[wrangler:inf] PUT /images/ingest/external%2F4cdb5c230647e258ada39c798b1f45c3bb8639e6.png 200 OK (19ms)
[wrangler:inf] PUT /images/ingest/external%2F3a20cd165f43c2062967a48f5b32abd1efaf536c.png 200 OK (30ms)
[wrangler:inf] PUT /images/ingest/external%2F214a3f05bd9312e59f8e220e1cbf191efbeae249.png 200 OK (28ms)
[wrangler:inf] PUT /images/ingest/external%2Fc8a83ea2114b04812bfbe63e4c0c566d7ce77e1f.png 200 OK (40ms)
[wrangler:inf] PUT /images/ingest/external%2Fe35f685af9bef6620475390cfad6e394adc0a2d8.jpg 200 OK (35ms)
[wrangler:inf] PUT /images/ingest/external%2F899c776a0b326ff3e56c543877b61bd141ea58a2.png 200 OK (22ms)
[wrangler:inf] PUT /images/ingest/external%2F8c78c2c15b76750e77a0ac5e5d6a8d08d369e8f8.png 200 OK (14ms)
[wrangler:inf] PUT /images/ingest/external%2Fddc4bc77c94742940614f66fab197ddf5368c579.png 200 OK (17ms)
[wrangler:inf] PUT /images/ingest/external%2Fda5f58c2445e8f6f719d0795b5eabdca9aa554f3.png 200 OK (18ms)
[wrangler:inf] PUT /images/ingest/external%2F8ba2d1d2a465e8a003ee306fd430a987748779c3.png 200 OK (35ms)
[wrangler:inf] PUT /images/ingest/external%2Fb66d71eb8ee5fa19aea6fe0a4034aca1d0085a54.jpg 200 OK (38ms)
[wrangler:inf] PUT /images/ingest/external%2F71c25e91c06c912d267fd8ffb15e7abf16bd1400.png 200 OK (48ms)
[wrangler:inf] PUT /images/ingest/external%2F0035da6288335830a6598ba161cbfe021a01c008.jpg 200 OK (49ms)
[wrangler:inf] PUT /images/ingest/external%2F293828773665954ec277ee4e2d54bbd3742b76c1.jpg 200 OK (40ms)
[wrangler:inf] PUT /images/ingest/external%2F74e7a82b765311a8e85d7a3c81ebf5a840561138.png 200 OK (20ms)
[wrangler:inf] PUT /images/ingest/external%2F47610457560e2d169d602869e578d8ac9c25f68e.png 200 OK (34ms)
[wrangler:inf] PUT /images/ingest/external%2Fa19d4edb26e4dcf5b8ab9dff20b00818ba648123.png 200 OK (14ms)
[wrangler:inf] PUT /images/ingest/external%2Ffa20ebd357d5c702c5aaadc4e216917249afa71c.png 200 OK (13ms)
[wrangler:inf] PUT /images/ingest/external%2F5b9686bcfd21cabb675295997ff4cfed4254846b.png 200 OK (14ms)
[wrangler:inf] PUT /images/ingest/external%2F406ae8e76a85dd35c19702972ab617ff9d74be02.png 200 OK (29ms)
[wrangler:inf] PUT /images/ingest/external%2F7f79b1b1c2f853ee4f7ba0a24fb678400b565c92.png 200 OK (37ms)
[wrangler:inf] PUT /images/ingest/external%2Fcb9786ae237fce7e818a5bebb0e055052d4e3005.png 200 OK (47ms)
[wrangler:inf] PUT /images/ingest/external%2Fcb587ebb2c70d22a0f0fa5d2bf50fad6dc3f94c7.png 200 OK (55ms)
[wrangler:inf] PUT /images/ingest/external%2F0471b9857c5973a464ba12dc301ce7085adc79a6.png 200 OK (60ms)
[wrangler:inf] PUT /images/ingest/external%2F100ca69a20c3706d54f853305cc4642f11650e8a.png 200 OK (49ms)
[wrangler:inf] PUT /images/ingest/external%2F842c1213eef497cd55ec4431da7ebeba1e3e329e.png 200 OK (59ms)
[wrangler:inf] PUT /images/ingest/external%2F9c4dc8d6e1a8d5120bc6b0b6170c95f85080cb89.jpg 200 OK (23ms)
[wrangler:inf] PUT /images/ingest/external%2Fba63b90e463398bf3065fd57c969ceb491c5e07a.jpg 200 OK (37ms)
[wrangler:inf] PUT /images/ingest/external%2Fe7b02f525bd96c8aa7b878480096028387f37e4b.png 200 OK (22ms)
[wrangler:inf] PUT /images/ingest/external%2Fabcd6172c266ee8f69de9b2676f59c72c7599035.jpg 200 OK (19ms)
[wrangler:inf] PUT /images/ingest/external%2F0a03b6c905e51bf1cdc699e2242e29eff649f25d.jpg 200 OK (15ms)
[wrangler:inf] PUT /images/ingest/external%2Fd68c86501b08e12e2857399e88f61692203e8c47.jpg 200 OK (26ms)
[wrangler:inf] PUT /images/ingest/external%2F5df23d50bf8d485b6daf2a5a86a28457b0d74770.jpg 200 OK (35ms)
[wrangler:inf] PUT /images/ingest/external%2F71d2f26a519d83305ece31823c355c1d2d54be8b.jpg 200 OK (12ms)
[wrangler:inf] PUT /images/ingest/external%2Fedee56f0fff2e2a845ab507bf3285f4d486b6560.jpg 200 OK (24ms)
[wrangler:inf] PUT /images/ingest/external%2F129d3e3ecc8eead011c589fd29666e0a93cb326d.jpg 200 OK (16ms)
[wrangler:inf] PUT /images/ingest/external%2F25b79563782b323b519430b9ad9c449c7f783f8b.jpg 200 OK (21ms)
[wrangler:inf] PUT /images/ingest/external%2Fcd5a53f9a0c671ec69eeead80f921a367667d9d2.png 200 OK (16ms)
[wrangler:inf] PUT /images/ingest/external%2F0fa617ec216b937556687f1943aeeed0c0ee9f07.png 200 OK (16ms)
[wrangler:inf] PUT /images/ingest/external%2F6952ed744d96d4e7660926948645cb34ef365ae2.jpg 200 OK (13ms)
[wrangler:inf] PUT /images/ingest/external%2F83665e21abaaedfc74801e308e352c63c2f4d3e5.png 200 OK (13ms)
[wrangler:inf] PUT /images/ingest/external%2F2b2dc88c4983b8f3ea654cea4ce5a96135f61f4c.jpg 200 OK (14ms)
[wrangler:inf] PUT /images/ingest/external%2F54c3b8b29b28dd84baf7c3cd9bab90f297461ff5.jpg 200 OK (14ms)
[wrangler:inf] PUT /images/ingest/external%2F6a69e630265e4c12479b21cbe0bd215b4af90ecb.png 200 OK (16ms)
[wrangler:inf] PUT /images/ingest/external%2F06a20239fff0c7f21aad32311b03acf3bdc8cd84.jpg 200 OK (29ms)
[wrangler:inf] PUT /images/ingest/external%2F95a431eeda3b837ea2360fbbf35a18ea78f9ded3.jpg 200 OK (35ms)
[wrangler:inf] PUT /images/ingest/external%2F760cc0a46270c9925b166838899b23404c040e8c.jpg 200 OK (41ms)
[wrangler:inf] PUT /images/ingest/external%2Ff3cac7cbb3a3c4bf232350efdab9c6008ff52312.jpg 200 OK (54ms)
[wrangler:inf] PUT /images/ingest/external%2F34a1dd0fa9d6495187a20ac5631e9c76563a553f.jpg 200 OK (64ms)
[wrangler:inf] PUT /images/ingest/external%2Fe67c916b3f4a85b5f45bdaeb81ec6b2aacf2d54b.png 200 OK (39ms)
[wrangler:inf] PUT /images/ingest/external%2F5fd3b7d30f1601e7222941486389abd0d3bf5b8c.png 200 OK (19ms)
[wrangler:inf] PUT /images/ingest/external%2F57d94f48bbf0408877d4ed1b2c8e574b5b0151d4.png 200 OK (16ms)
[wrangler:inf] PUT /images/ingest/external%2Fe6f15fdad6d22a347b664a09ce5381c16aedc3ae.png 200 OK (15ms)
[wrangler:inf] PUT /images/ingest/external%2Fde20e391aa55e611e2def98b6c9ffb46dce89350.png 200 OK (28ms)
[wrangler:inf] PUT /images/ingest/external%2F34cd1cd3cd380c4d19f762b25c5c705ce346e32e.png 200 OK (38ms)
[wrangler:inf] PUT /images/ingest/external%2F98264ae61de24b5e727a925ba63a93197f654997.jpg 200 OK (14ms)
[wrangler:inf] PUT /images/ingest/external%2F233e0ee8c7e39158d651b978f46dd267e767a4e7.png 200 OK (41ms)
[wrangler:inf] PUT /images/ingest/external%2Fc452d9c82c7999e93cc41af767ddd59e6832bbdf.jpg 200 OK (41ms)
[wrangler:inf] PUT /images/ingest/external%2F0307b2677d4222ce5706a1a1c003ae5fed3dfc75.jpg 200 OK (42ms)
[wrangler:inf] PUT /images/ingest/external%2F246a468ba6e81ec3f4798fc42216ddbaa8b462b9.png 200 OK (73ms)
[wrangler:inf] PUT /images/ingest/external%2F4bdb2e2fdc7c1b3b254fa267ac3fff0016ac5163.png 200 OK (81ms)
[wrangler:inf] PUT /images/ingest/external%2F7fbe06c70d27aeb6624df3d5130de37dba79910a.png 200 OK (52ms)
[wrangler:inf] PUT /images/ingest/external%2Fc704c060c4e784369342f5bf5f8ebcfc42d55866.png 200 OK (14ms)
[wrangler:inf] PUT /images/ingest/external%2Fec3d85cc9616831ef36da51a40ca0bec79fb89e6.png 200 OK (14ms)
[wrangler:inf] PUT /images/ingest/external%2F87726b827efcbac987d5310623b96f9fafd73e1c.png 200 OK (27ms)
[wrangler:inf] PUT /images/ingest/external%2Febb3ae377f2fabe72cef7d9a3f8dd802cf8d4727.png 200 OK (28ms)
[wrangler:inf] PUT /images/ingest/external%2F3b37e8969c6101cf965e07546f78cb58dee7af60.png 200 OK (18ms)
[wrangler:inf] PUT /images/ingest/external%2Fd52e99d49b59bb5fee141892215f9243e2b119f9.png 200 OK (16ms)
[wrangler:inf] PUT /images/ingest/external%2F18112e2bc95aa745d793cf81896d1d9539c6262d.png 200 OK (14ms)
[wrangler:inf] PUT /images/ingest/external%2F5e269415460018f9a36a5df536a65199fce7d3c8.png 200 OK (15ms)
[wrangler:inf] PUT /images/ingest/external%2Ffbeefe4ace34ade07fb109fe50828ce1d79df8b6.png 200 OK (15ms)
[wrangler:inf] PUT /images/ingest/external%2F55ca3bd13368a37b8801db16262245de65499d92.png 200 OK (29ms)
[wrangler:inf] PUT /images/ingest/external%2Fe7641a52a54b74e00e38a1b3297f4dd52e4074e4.png 200 OK (37ms)
[wrangler:inf] PUT /images/ingest/external%2F937d6f70faa916b23cdd14f2144f828a4334ea9f.png 200 OK (41ms)
[wrangler:inf] PUT /images/ingest/external%2Fdb8a3dd9b6f0486b96a2ad31d660eae0d6cd7b24.png 200 OK (35ms)
[wrangler:inf] PUT /images/ingest/external%2F67efe1ae81ce9259bff0d7bcc887f9cb6d345f74.png 200 OK (37ms)
[wrangler:inf] PUT /images/ingest/external%2F06cd153ad7e24541231e991f5ec1d0f451f03515.png 200 OK (44ms)
[wrangler:inf] PUT /images/ingest/external%2Fe2b22a8731d02e40581bfdcd1649b9482ce119f7.png 200 OK (43ms)
[wrangler:inf] PUT /images/ingest/external%2Facd666d835e306eb89b9742c6464ff32a4d3fd8e.jpg 200 OK (38ms)
[wrangler:inf] PUT /images/ingest/external%2F32b2b142ecfabe8012bd6ca32389fd67eeacafbf.jpg 200 OK (49ms)
[wrangler:inf] PUT /images/ingest/external%2F3b4a97751826090731968482152e4e77b6b8e302.jpg 200 OK (28ms)
[wrangler:inf] PUT /images/ingest/external%2F27f339019e14cb9c00572e57cfcbbdc90a32d566.jpg 200 OK (26ms)
[wrangler:inf] PUT /images/ingest/external%2Fdb1b944eec8ffa55491ac839f53e9037da18b147.png 200 OK (14ms)
[wrangler:inf] PUT /images/ingest/external%2F9eb649ff725a8be4fc8ad0eac4bb27656f153684.png 200 OK (20ms)
[wrangler:inf] PUT /images/ingest/external%2Fec9af0b4e18e2282d3f23c961d10fa9cf0585834.png 200 OK (23ms)
[wrangler:inf] PUT /images/ingest/external%2Ffdddf9290d12d4f92717f1db486c136b019c878d.jpg 200 OK (14ms)
[wrangler:inf] PUT /images/ingest/external%2Fcc0f93ede84502ab0cdc4564e596635d72937ce0.jpg 200 OK (25ms)
[wrangler:inf] PUT /images/ingest/external%2F5774d79b89cf7f3fd7704fc2cd663817c604c28e.jpg 200 OK (31ms)
[wrangler:inf] PUT /images/ingest/external%2F46492992223e526ac13fd93a37281267553e9d4e.png 200 OK (50ms)
[wrangler:inf] PUT /images/ingest/external%2Fcb0fa6b6cc2c55ec8d77908276d7ec351df1b81a.png 200 OK (59ms)
[wrangler:inf] PUT /images/ingest/external%2Fd9ac4cde5b09329b137cc320cfdd4115054b5814.png 200 OK (49ms)
[wrangler:inf] PUT /images/ingest/external%2F4b2fd1bcf3431c6190b297cc88551b98319d3b3b.png 200 OK (57ms)
[wrangler:inf] PUT /images/ingest/external%2F367b5738e465e3a55f0bac612a61630ae42d0ea2.png 200 OK (16ms)
[wrangler:inf] PUT /images/ingest/external%2F3ae0eb199f286365cad6f1998865303b76cb555c.png 200 OK (32ms)
[wrangler:inf] PUT /images/ingest/external%2F7035d6d0b7bbced8922d90416ba055e9dac23c66.png 200 OK (44ms)
[wrangler:inf] PUT /images/ingest/external%2Ff20e7a70b356e3f4eac45b5d5eaf21a089e789df.png 200 OK (54ms)
[wrangler:inf] PUT /images/ingest/external%2F9154e8f2f7e2becb0b91f437c0b04b7c6b3cf658.png 200 OK (46ms)
[wrangler:inf] PUT /images/ingest/external%2F1307b33d0aa76379696c3f2ecb550a0aeb0017e4.png 200 OK (19ms)
[wrangler:inf] PUT /images/ingest/external%2F0358a8773b449958d6599c336d304a4eb3568d0c.png 200 OK (35ms)
[wrangler:inf] PUT /images/ingest/external%2F5097ee73a8a9af69e02b0d909603bd7728a2ae31.png 200 OK (45ms)
[wrangler:inf] PUT /images/ingest/external%2F39dbe4bc55536f189ae98b6fcdf245122d7a9926.png 200 OK (56ms)
[wrangler:inf] PUT /images/ingest/external%2F7ddf6344c2da138276c8858bb0e2317ddc200221.png 200 OK (44ms)
[wrangler:inf] PUT /images/ingest/external%2F859ad1dbc2effddefe28f58441fcb27907c408d1.png 200 OK (18ms)
[wrangler:inf] PUT /images/ingest/external%2Fb6965a6fee7447c276ca882ebc18250527f22134.png 200 OK (13ms)
[wrangler:inf] PUT /images/ingest/external%2Fa0f680cfebaae399b613c3da3c62e0f5d98ce555.png 200 OK (14ms)
[wrangler:inf] PUT /images/ingest/external%2F67b7edb2b0dbcc9abefac67c2136c3a11c0bb353.png 200 OK (26ms)
[wrangler:inf] PUT /images/ingest/external%2F785cc580539bb0068996a4e8dcff6ebf941ad265.png 200 OK (30ms)
[wrangler:inf] PUT /images/ingest/external%2F82a875fa3dc0785ad902291f11dd1dd0f3b46a88.png 200 OK (14ms)
[wrangler:inf] PUT /images/ingest/external%2Fec6bd908dd9909c5c22711c2a4255c263dae8aa1.png 200 OK (14ms)
[wrangler:inf] PUT /images/ingest/external%2F9c7dcae40970d522990ad3b8edc4ac15ce52de50.png 200 OK (22ms)
[wrangler:inf] PUT /images/ingest/external%2Fd72d080d4438d7ab0aacb5e185509875861bc6c7.png 200 OK (32ms)
[wrangler:inf] PUT /images/ingest/external%2F9ac981fda7239906e75002f1bfe196501c6bd72f.png 200 OK (33ms)
[wrangler:inf] PUT /images/ingest/external%2F3363b46d5932d9e872e47914d6080462b5eb5a81.png 200 OK (28ms)
[wrangler:inf] PUT /images/ingest/external%2F88aaf8d5aef84cb53c17ecf1590524f873cb12ec.png 200 OK (26ms)
[wrangler:inf] PUT /images/ingest/external%2F54a328a970cb2122e32397efe176e248054293cc.png 200 OK (20ms)
[wrangler:inf] PUT /images/ingest/external%2F56e09be89839dd214db72b8b3a0e6c0d42472f0e.png 200 OK (26ms)
[wrangler:inf] PUT /images/ingest/external%2Fc2ddd47af46342b8fb494f5cb6c5a67dab01d997.png 200 OK (13ms)
[wrangler:inf] PUT /images/ingest/external%2F7a4fe6ea8405517d89af2210993bca703e8fe47a.png 200 OK (18ms)
[wrangler:inf] PUT /images/ingest/external%2Fe3e5d39fa4f004ee1aa93514e4c844f5cbc949e5.png 200 OK (27ms)
[wrangler:inf] PUT /images/ingest/external%2F118577d841e0fe1813e31c12c1b62b45200f99f6.png 200 OK (24ms)
[wrangler:inf] PUT /images/ingest/external%2F533b9c856956185cb2be46e86649fad744981244.jpg 200 OK (33ms)
[wrangler:inf] PUT /images/ingest/external%2F368dbfec51231b48cc4fb92a1b0dc14e43a2b2ee.png 200 OK (15ms)
[wrangler:inf] PUT /images/ingest/external%2F8dd31df2f2624da7d25094cf134740f8ddd5ca15.png 200 OK (27ms)
[wrangler:inf] PUT /images/ingest/external%2F46cd6fd7c66301d056d0826a2f0b0591bab9f202.jpg 200 OK (14ms)
[wrangler:inf] PUT /images/ingest/external%2Ff705986e2ca759f05c9c9eef944895b52c7234e1.png 200 OK (13ms)
[wrangler:inf] PUT /images/ingest/external%2Fd6095cdd53efb253f22e35362f0bdbf0177482b2.png 200 OK (13ms)
[wrangler:inf] PUT /images/ingest/external%2F8c14c1f199832e287cfcfce3f9f81ad34de4d566.png 200 OK (14ms)
[wrangler:inf] PUT /images/ingest/external%2Fc490aaece4dfe3ec35da7d24cb1773dcbe183163.png 200 OK (12ms)
[wrangler:inf] PUT /images/ingest/external%2F2b03921f5f574aed57d67d87706804d9f1260e56.png 200 OK (20ms)
[wrangler:inf] PUT /images/ingest/external%2F049d1b60a76fa255edb9505091d6df91e0259b12.png 200 OK (28ms)
[wrangler:inf] PUT /images/ingest/external%2F47e66a7af891af4796319c957393f43fcbbe54d4.jpg 200 OK (14ms)
[wrangler:inf] PUT /images/ingest/external%2Ff4e2e31e1c085817317e9425525906674bef8f93.jpg 200 OK (20ms)
[wrangler:inf] PUT /images/ingest/external%2Fc1a6929391293826038b56034d53473f2d050656.png 200 OK (28ms)
[wrangler:inf] PUT /images/ingest/external%2Fb3e6c0d73aae685c2d33a95776335a2a591e0dbd.jpg 200 OK (34ms)
[wrangler:inf] PUT /images/ingest/external%2Ffeef5e88aea53ae755c9a62efb65aea7116cd79d.jpg 200 OK (39ms)
[wrangler:inf] PUT /images/ingest/external%2F5e48a0993d07f4b39aa601fb8eea47a6714fc5ca.jpg 200 OK (38ms)
[wrangler:inf] PUT /images/ingest/external%2Fb772a7bfeed30f0e5261ce14a344559d1a3e6a8f.png 200 OK (30ms)
[wrangler:inf] PUT /images/ingest/external%2F421d5dfeba564b29d0ac23d7256a87ea002ee337.png 200 OK (14ms)
[wrangler:inf] PUT /images/ingest/external%2F7b4c786bad54ed8e16b7d0540d3f62e8ec5f0f7e.png 200 OK (15ms)
[wrangler:inf] PUT /images/ingest/external%2F6e97976adf8d70a0e3dcc826a1e34aa71c397b85.png 200 OK (15ms)
[wrangler:inf] PUT /images/ingest/external%2F39a9dfb5e729c3cb2a193999d42d6072cbec0f09.png 200 OK (25ms)
[wrangler:inf] PUT /images/ingest/external%2F2262d8856603e8085cba70ecc73a730617f3391f.png 200 OK (35ms)
[wrangler:inf] PUT /images/ingest/external%2Fc7e33d949888df756703a49278065ff06edd35c7.png 200 OK (22ms)
[wrangler:inf] PUT /images/ingest/external%2F67362f2f9b4c82f934e0628b4c8c58983809f4ea.png 200 OK (27ms)
[wrangler:inf] PUT /images/ingest/external%2Ff1e92242779a82b24a7272f704192c744bdb41bd.png 200 OK (43ms)
[wrangler:inf] PUT /images/ingest/external%2Ffed9ec6248800c970ab141ec54920ee9da85b677.jpg 200 OK (39ms)
[wrangler:inf] PUT /images/ingest/external%2F8d48dd67715005fec3256d8290b6c469fd1c0fd1.png 200 OK (53ms)
[wrangler:inf] PUT /images/ingest/external%2F725a34cd6e72eaa8639a4dc5223cceb7fb4da8de.jpg 200 OK (29ms)
[wrangler:inf] PUT /images/ingest/external%2Fded75d3503fa97cae0de95b26a55df4d4b089b5c.png 200 OK (26ms)
[wrangler:inf] PUT /images/ingest/external%2Ff0d96787c5c228c66dfc474f899af3f42b4bed27.jpg 200 OK (31ms)
[wrangler:inf] PUT /images/ingest/external%2F054c9f5396b7eece642a15acf849778cc82d9457.png 200 OK (42ms)
[wrangler:inf] PUT /images/ingest/external%2F31d6f9bcf0a8f65f37592e434d798a48ae28c121.jpg 200 OK (16ms)
[wrangler:inf] PUT /images/ingest/external%2F2fd4c8ca28db85d5ad144a9f5c0bde942e1551ad.png 200 OK (15ms)
[wrangler:inf] PUT /images/ingest/external%2F47fdc3260c6cd40b3951fcdb0cf35c50e816d20e.png 200 OK (15ms)
[wrangler:inf] PUT /images/ingest/external%2Fc2144ddac56b6cd8e49471f4c2620bf9b370e321.png 200 OK (14ms)
[wrangler:inf] PUT /images/ingest/external%2F8c303b63b0200280e139ec797331b826558fe773.jpg 200 OK (14ms)
[wrangler:inf] PUT /images/ingest/external%2F0ca95fe2548e274ca12785187fbc27903d4e4b37.jpg 200 OK (18ms)
[wrangler:inf] PUT /images/ingest/external%2Ff14108a217a1ef9f0fbf493ef94b76a3abc32628.jpg 200 OK (14ms)
[wrangler:inf] PUT /images/ingest/external%2F0813ae039ca183346add7a2599757565ef77c615.png 200 OK (23ms)
[wrangler:inf] PUT /images/ingest/external%2Fb873ce5e1f1659fedaa56f4ffe1610ebbfd8be19.png 200 OK (30ms)
[wrangler:inf] PUT /images/ingest/external%2Fa985d1d87928a66b13c5598691a0a7834f53513c.jpg 200 OK (37ms)
[wrangler:inf] PUT /images/ingest/external%2F8ff5090562626559a7481d0599ddbf0512633d53.jpg 200 OK (42ms)
[wrangler:inf] PUT /images/ingest/external%2F86f00288006b224d614233c86c624768877c5de5.jpg 200 OK (22ms)
[wrangler:inf] PUT /images/ingest/external%2Ffbe689489d63a673a7762c5c540fc02b09366432.jpg 200 OK (32ms)
[wrangler:inf] PUT /images/ingest/external%2F588959e9bf3e89aeb7f561fe0bd69e02436cff08.png 200 OK (45ms)
[wrangler:inf] PUT /images/ingest/external%2Fdd3092eb0b5ac0b1b5711710c821b7e99fa472ca.png 200 OK (37ms)
[wrangler:inf] PUT /images/ingest/external%2F98b0ae1773e5e177c4d1bbbf805af2074a034b74.png 200 OK (28ms)
[wrangler:inf] PUT /images/ingest/external%2Fe56afbf36df18747e051008cb49c89337486f0df.png 200 OK (12ms)
[wrangler:inf] PUT /images/ingest/external%2F8235d07e4961c5afe0c0828af0148c8e29eef96c.png 200 OK (15ms)
[wrangler:inf] PUT /images/ingest/external%2F06e84281d90aa1c1bbc4b8b020675ff2235c72ce.jpg 200 OK (18ms)
[wrangler:inf] PUT /images/ingest/external%2Fbe682430e6936390ba3e3b42e3dcb242005c40e5.jpg 200 OK (40ms)
[wrangler:inf] PUT /images/ingest/external%2F8fc5d8ae567654f37666350b626a2645ec2c9deb.jpg 200 OK (55ms)
[wrangler:inf] PUT /images/ingest/external%2F16135833dd451cdfd79c030c1011f6a459a53d79.png 200 OK (63ms)
[wrangler:inf] PUT /images/ingest/external%2F86d033b81fce7deb9c967412f85c64cdfeb7d14d.jpg 200 OK (70ms)
[wrangler:inf] PUT /images/ingest/external%2F573f6bb39ee6514afef1584f1470ffa1cb988a51.png 200 OK (72ms)
[wrangler:inf] PUT /images/ingest/external%2Fd24a05ed682709c7158f6d996faeaf0643fb3e43.png 200 OK (63ms)
[wrangler:inf] PUT /images/ingest/external%2Fd87ea277572567787dff1a6521ecdd44a981e8b8.png 200 OK (12ms)
[wrangler:inf] PUT /images/ingest/external%2F220ec6ffd1f055db2be72ceaa17b4e2e4bb8bdfc.png 200 OK (13ms)
[wrangler:inf] PUT /images/ingest/external%2F0628e849c4a9121ef2eb8bb73b9d540553f1e6a3.jpg 200 OK (27ms)
[wrangler:inf] PUT /images/ingest/external%2Ff88cd171f894498ef581be901d9fff903a6dbdf1.png 200 OK (30ms)
[wrangler:inf] PUT /images/ingest/external%2F918c92463c1c1e935e4631d3c8f25fbc2cf68efa.png 200 OK (51ms)
[wrangler:inf] PUT /images/ingest/external%2F9e7749af518b392b7e43b3b605079cf38cb8da14.png 200 OK (11ms)
[wrangler:inf] PUT /images/ingest/external%2F033227ca6c320cc3f2cec58672b417a7363dc24b.png 200 OK (55ms)
[wrangler:inf] PUT /images/ingest/external%2F735fd4de10593c69dec5b2c94b0bbbb05d826aea.jpg 200 OK (28ms)
[wrangler:inf] PUT /images/ingest/external%2F679e1ed70f7e92caeb80f909d664323ed2f0a302.jpg 200 OK (28ms)
[wrangler:inf] PUT /images/ingest/external%2Fac50925038426b890cf6191e22b5c8de6dd29333.jpg 200 OK (14ms)
[wrangler:inf] PUT /images/ingest/external%2Fd964fb38a30be6bc4ca11717042964c4038be68b.jpg 200 OK (36ms)
[wrangler:inf] PUT /images/ingest/external%2F3257e4606e7378437265f06d5168d8f78519a3e3.png 200 OK (41ms)
[wrangler:inf] PUT /images/ingest/external%2F21d69a6dfcd33c59205aa8267e9361ad127488c8.png 200 OK (22ms)
[wrangler:inf] PUT /images/ingest/external%2F9eb9400925a8ef8c627885d2ea2ffa42651fa292.png 200 OK (17ms)
[wrangler:inf] PUT /images/ingest/external%2Fae0e107668c530b1b79ef701cdc83ee112115846.png 200 OK (14ms)
[wrangler:inf] PUT /images/ingest/external%2Fe7ead67b42ec2934b8e9ae141649ae93c3de5b4d.png 200 OK (12ms)
[wrangler:inf] PUT /images/ingest/external%2Fb33a2a55731368aeacc1672fef16b229869bf2ff.png 200 OK (13ms)
[wrangler:inf] PUT /images/ingest/external%2F395d866e174292e3820f2064fddc6a7bc94fe0ff.png 200 OK (15ms)
[wrangler:inf] PUT /images/ingest/external%2Fee565c9fe04a5ddc09173aef6e63fa7518173b6a.jpg 200 OK (29ms)
[wrangler:inf] PUT /images/ingest/external%2Ff7f1ebd02410209dc694da21c2fe913e58e4d297.png 200 OK (38ms)
[wrangler:inf] PUT /images/ingest/external%2F598e6995d0047041c25de7b0d4da5e5962549c87.png 200 OK (14ms)
[wrangler:inf] PUT /images/ingest/external%2F7b70db8332e198bdc45620c841511230aa8e1c54.png 200 OK (24ms)
[wrangler:inf] PUT /images/ingest/external%2F8353f02e234bc8ccb55841ca399689f84544a0db.png 200 OK (24ms)
[wrangler:inf] PUT /images/ingest/external%2Fdf7ff8eff46548e6fee3e67b6b1dcca1eb269632.png 200 OK (18ms)
[wrangler:inf] PUT /images/ingest/external%2Fae0fe83703d1eb8334509b0ed2dc9584bbed6333.png 200 OK (26ms)
[wrangler:inf] PUT /images/ingest/external%2Fded95c97ee73c53bc11d8d7aab30d3cdbf82d2db.png 200 OK (13ms)
[wrangler:inf] PUT /images/ingest/external%2Fb713b58473f2425ca0d0c89a0ada2df1c75963d0.png 200 OK (16ms)
[wrangler:inf] PUT /images/ingest/external%2F023c2755941aae68c78b25919d4d1c0e7e1a8948.png 200 OK (18ms)
[wrangler:inf] PUT /images/ingest/external%2F75f964a7f963df5f1a8ec385d83ccd12621bef7b.png 200 OK (30ms)
[wrangler:inf] PUT /images/ingest/external%2F421e733b031a40e2c95dccfbb08048ad462bf0b9.jpg 200 OK (16ms)
[wrangler:inf] PUT /images/ingest/external%2F1ffd061643127dd76df0b2732ca6ddc6d44326b9.jpg 200 OK (14ms)
[wrangler:inf] PUT /images/ingest/external%2Fb082dcfd42b42e5a00dc0ef48d850d139bbe8295.jpg 200 OK (24ms)
[wrangler:inf] PUT /images/ingest/external%2F9222ebf21a0940f6469703da375be53329eb098d.jpg 200 OK (15ms)
[wrangler:inf] PUT /images/ingest/external%2F663e8a6bf5c82969f00e8467be2d5ba7499990c4.png 200 OK (19ms)
[wrangler:inf] PUT /images/ingest/external%2F407c4a7a707af9536ef5bb805037c7b2f8d32efd.png 200 OK (14ms)
[wrangler:inf] PUT /images/ingest/external%2Faaaf52c044b0cc3756f7418bdc1942117c624577.png 200 OK (29ms)
[wrangler:inf] PUT /images/ingest/external%2Ff75e6395678f441ceecf203a6f1417f3e516862e.png 200 OK (25ms)
[wrangler:inf] PUT /images/ingest/external%2Fe05c6880c6cb79152462f49e57ebfdf1397f279d.png 200 OK (34ms)
[wrangler:inf] PUT /images/ingest/external%2Faf41df59e0d808fe910090473e502deeaa679399.png 200 OK (25ms)
[wrangler:inf] PUT /images/ingest/external%2F38e09623d8e852b5e4cd3c2315923e0722bd618c.png 200 OK (14ms)
[wrangler:inf] PUT /images/ingest/external%2F7d43f7330d63744aaddf78bda14c88be10f6a233.png 200 OK (16ms)
[wrangler:inf] PUT /images/ingest/external%2F567a157e3caacd2365dcaf6c52011491d76e6e15.png 200 OK (16ms)
[wrangler:inf] PUT /images/ingest/external%2F7b033f01fe00322be143fb4f414306bf99e5daff.png 200 OK (25ms)
[wrangler:inf] PUT /images/ingest/external%2F517a09280f024d11443ecc1cbbb47bd12f793b4f.png 200 OK (35ms)
[wrangler:inf] PUT /images/ingest/external%2Ffad11fb29e47f5cdcf44e7a962c6c6893ddddb9e.png 200 OK (23ms)
[wrangler:inf] PUT /images/ingest/external%2Ffa923fe9e0560e295268e70909eb13fbb12bf6fa.png 200 OK (31ms)
[wrangler:inf] PUT /images/ingest/external%2F708c6d359c3fa8e24019e7aada764e5ded521ef1.png 200 OK (39ms)
[wrangler:inf] PUT /images/ingest/external%2Fa037d278c6d2668674e4a502db6e1d02a94ca1c5.png 200 OK (37ms)
[wrangler:inf] PUT /images/ingest/external%2Fd6fbeca07388187791425fbd533120a9044a29cc.png 200 OK (26ms)
[wrangler:inf] PUT /images/ingest/external%2F0d5acc6c29babe4333fa142dec313ec475c545e7.png 200 OK (59ms)
[wrangler:inf] PUT /images/ingest/external%2Fd48a19cdeeebdbaedab559c490a946c7a926774e.png 200 OK (46ms)
[wrangler:inf] PUT /images/ingest/external%2F10480692ef6fdb66109cc0063b0af22d660e2a78.png 200 OK (54ms)
[wrangler:inf] PUT /images/ingest/external%2Fe522539efdda780282328269bdac847db88aa216.png 200 OK (34ms)
[wrangler:inf] PUT /images/ingest/external%2F9621b72c0ff254caa7b8e1fbe5311c37e2b960e8.png 200 OK (21ms)
[wrangler:inf] PUT /images/ingest/external%2F4d0a3b4e357ebcf5f5cd8f90eee41c2136a655d3.png 200 OK (20ms)
[wrangler:inf] PUT /images/ingest/external%2F31e8a0a72bad4d3fba33089d102909e3496fda6d.png 200 OK (18ms)
[wrangler:inf] PUT /images/ingest/external%2F0cb7f537c1b5c81a379409d26d84a33121e3ee14.png 200 OK (20ms)
[wrangler:inf] PUT /images/ingest/external%2F78b50cf4fcc8df932db803a0493d8189e02c2cfb.png 200 OK (24ms)
[wrangler:inf] PUT /images/ingest/external%2F6a78fb9b91562e99ded1e43ffd288bad307253a4.png 200 OK (20ms)
[wrangler:inf] PUT /images/ingest/external%2Febe37d731a336e033967de885d46a4e8ddd5a42d.jpg 200 OK (30ms)
[wrangler:inf] PUT /images/ingest/external%2F86acb7bf42e0db3e7be2570c23ce0e5f8977f49d.png 200 OK (51ms)
[wrangler:inf] PUT /images/ingest/external%2F608efe9333602673cae7a9f8984e9a401a501c1c.jpg 200 OK (57ms)
[wrangler:inf] PUT /images/ingest/external%2Fb5652a2cf4120d4ae018dd6f2846075a627d074b.png 200 OK (65ms)
[wrangler:inf] PUT /images/ingest/external%2Fb3f8f06a06d38dda43df61fdd9cb0c5499fff0b7.png 200 OK (72ms)
[wrangler:inf] PUT /images/ingest/external%2F9a8c147114f9de0a44e1e36eca0c4a7fb3ad6aa1.png 200 OK (34ms)
[wrangler:inf] PUT /images/ingest/external%2Fca77747e9abcedab0542a68fb667b711a06bece7.png 200 OK (78ms)
[wrangler:inf] PUT /images/ingest/external%2F76f856d55cd128e3207957eaa28f442b6c37fee3.png 200 OK (111ms)
[wrangler:inf] PUT /images/ingest/external%2F417d52f44c517c2364bc67c38805e4688e4491a4.png 200 OK (18ms)
[wrangler:inf] PUT /images/ingest/external%2Fab0284d5a567d80edb9f2124858569ce72c80c05.png 200 OK (24ms)
[wrangler:inf] PUT /images/ingest/external%2Ff5e7b3124b421f6da7d4a6cf0b20294ce228a1a2.png 200 OK (26ms)
[wrangler:inf] PUT /images/ingest/external%2Fee0051ee5b0e9a018856644472aadad7912fba03.png 200 OK (41ms)
[wrangler:inf] PUT /images/ingest/external%2Fe6518b7fe705fd2a4a82902c3d8272d43d474f28.png 200 OK (43ms)
[wrangler:inf] PUT /images/ingest/external%2F533b8e6495738bfa5c155c8afafea2097e145399.png 200 OK (43ms)
[wrangler:inf] PUT /images/ingest/external%2F866567ba6859c96ca377496b84ce5e64f8397f7f.jpg 200 OK (16ms)
[wrangler:inf] PUT /images/ingest/external%2F0d7baa3f0b1824cb88aae81c05b0cacf40bf1a19.png 200 OK (21ms)
[wrangler:inf] PUT /images/ingest/external%2Fac1c57d1b3a243b2c2d466391b61fe78ae99546a.png 200 OK (32ms)
[wrangler:inf] PUT /images/ingest/external%2Fa9e7bb1533e95d4bb7736cd4b438491b2ea8efb2.png 200 OK (42ms)
[wrangler:inf] PUT /images/ingest/external%2F0606a6a9095922b49d10a5aa0ebd9d0bc1d0f363.png 200 OK (28ms)
[wrangler:inf] PUT /images/ingest/external%2Fc6027596391d35381a8fe13fb49d035933306b86.png 200 OK (27ms)
[wrangler:inf] PUT /images/ingest/external%2Ff0bd47043337ada1d24a247052c8276b38d20a12.png 200 OK (25ms)
[wrangler:inf] PUT /images/ingest/external%2Fef7d84b6d154b80e75698471a11f44fda6264720.png 200 OK (14ms)
[wrangler:inf] PUT /images/ingest/external%2F950409beca35b9795b3cdbd5836e56c2e7945e91.png 200 OK (13ms)
[wrangler:inf] PUT /images/ingest/external%2Ff30c683f8b021b23f3d896b2e8a2c8e0b51dc34d.png 200 OK (16ms)
[wrangler:inf] PUT /images/ingest/external%2F87050ee7ca73557902bfebcc045622438eeec431.png 200 OK (18ms)
[wrangler:inf] PUT /images/ingest/external%2F245ea3fc72d57c11588d8497112ff1627b640008.jpg 200 OK (25ms)
[wrangler:inf] PUT /images/ingest/external%2F9fdde233d323da0d750d7bf56798d1fe447a7284.png 200 OK (36ms)
[wrangler:inf] PUT /images/ingest/external%2F136a202842f54267ba796ee75edd7313c154cd7f.jpg 200 OK (39ms)
[wrangler:inf] PUT /images/ingest/external%2Fe9fea506dd872d35d33224980a425cfc5fe3fb66.jpg 200 OK (35ms)
[wrangler:inf] PUT /images/ingest/external%2Fd1dd8a49d199a6ca819513948ccb62bce0349d29.png 200 OK (36ms)
[wrangler:inf] PUT /images/ingest/external%2F6ffe43af8a958a18fef4d4fc589a4170da1a1cb5.png 200 OK (39ms)
[wrangler:inf] PUT /images/ingest/external%2Fbf1276b044644bd65520df12df013b2fd58e9177.png 200 OK (45ms)
[wrangler:inf] PUT /images/ingest/external%2F5a8afa351c0ebdc4b80dece960f1059423594246.png 200 OK (24ms)
[wrangler:inf] PUT /images/ingest/external%2F37a11266020fef0a3c66ca045b35fa1e709d94cc.jpg 200 OK (34ms)
[wrangler:inf] PUT /images/ingest/external%2F8e8d8ff5c9dd4a591d8ba73fb84af00a7bc2def1.png 200 OK (25ms)
[wrangler:inf] PUT /images/ingest/external%2F512452aa27e97a097de2ab38f3f6aa76fc9f3ef3.png 200 OK (33ms)
[wrangler:inf] PUT /images/ingest/external%2F02fe56e89943fb21855adff5c0a92163a201bfee.png 200 OK (49ms)
[wrangler:inf] PUT /images/ingest/external%2Fff344db6e56d090067f7ff19b188f44d4f389026.png 200 OK (55ms)
[wrangler:inf] PUT /images/ingest/external%2F5d628c9c1e00bc4c12b8bbc7c3f4b1febdabd9a3.png 200 OK (60ms)
[wrangler:inf] PUT /images/ingest/external%2F9d406f74aada416b5eaff70ef5d689922b66a765.png 200 OK (69ms)
[wrangler:inf] PUT /images/ingest/external%2F41daec487b1b7afa9d53c92de4c5697c62eb2f3d.png 200 OK (78ms)
[wrangler:inf] PUT /images/ingest/external%2F5bd302f93521bd569a673fe1aa97088fbdfad814.png 200 OK (75ms)
[wrangler:inf] PUT /images/ingest/external%2Fca85f6cff7be4a079fe9695bed4ef9beb945f19f.png 200 OK (73ms)
[wrangler:inf] PUT /images/ingest/external%2F073af4d89165412a88a72b3919f37f3f0887d624.png 200 OK (41ms)
[wrangler:inf] PUT /images/ingest/external%2F4fcd0ed75b5ee62f8d04b154941c0127cf24ee23.png 200 OK (25ms)
[wrangler:inf] PUT /images/ingest/external%2Fabf0871c00364ff54b11f516f99e3611231e620b.png 200 OK (63ms)
[wrangler:inf] PUT /images/ingest/external%2Fd37f588e406f7bdf4af7068e550c71b4ef0337f1.png 200 OK (22ms)
[wrangler:inf] PUT /images/ingest/external%2Fdeac68b31335ef4d32727333c1262e3218a5afb0.png 200 OK (20ms)
[wrangler:inf] PUT /images/ingest/external%2F8124aa2c24ea8b36aa8335f269c344f3bb7f4a4b.png 200 OK (34ms)
[wrangler:inf] PUT /images/ingest/external%2Ffdd3445815ea0909598435881f374002a6b77970.png 200 OK (12ms)
[wrangler:inf] PUT /images/ingest/external%2F5f654bf62d33192baf05049a1a19f485393e3e9a.png 200 OK (15ms)
[wrangler:inf] PUT /images/ingest/external%2F6af58659d0eeda5d17290242f0ff3e402797bf80.png 200 OK (30ms)
[wrangler:inf] PUT /images/ingest/external%2F3945bca0c17d1fecd7a9a55354262ed43695a3f3.png 200 OK (22ms)
[wrangler:inf] PUT /images/ingest/external%2Ff8476012bec13b48e895051be44b543b2ac3dd2e.png 200 OK (33ms)
[wrangler:inf] PUT /images/ingest/external%2F4fff3bb9c4cfd7c976af0f0af030c4f5920f9ece.png 200 OK (13ms)
[wrangler:inf] PUT /images/ingest/external%2Ffa701e135bec9ea91526d8227c76b65b536e016c.png 200 OK (37ms)
[wrangler:inf] PUT /images/ingest/external%2Feb19413a9bb0e65c4a6cf3210373f6eb35ea3997.png 200 OK (23ms)
[wrangler:inf] PUT /images/ingest/external%2F887876501cfeadd757bcbe8bd507214372a7deeb.png 200 OK (47ms)
[wrangler:inf] PUT /images/ingest/external%2F44f65f3ee1ae1665c0211194b601162cee74b805.png 200 OK (43ms)
[wrangler:inf] PUT /images/ingest/external%2F675546620773de56f192a0681be15e917eccc463.png 200 OK (55ms)
[wrangler:inf] PUT /images/ingest/external%2F27597e131eac222b4cbaa8fce545fe2e32e05b01.png 200 OK (28ms)
[wrangler:inf] PUT /images/ingest/external%2F4a8a418c0fa3686c84393f18d0da059cc3d5737e.png 200 OK (42ms)
[wrangler:inf] PUT /images/ingest/external%2F2fbd725c1ea3060231adbf5bf43d465ee0715a79.png 200 OK (39ms)
[wrangler:inf] PUT /images/ingest/external%2F317d643c4bf30a5d8c1221c0da8e37a66fe68c0f.png 200 OK (15ms)
[wrangler:inf] PUT /images/ingest/external%2Fa79007d0affffd831a5eb65e02bd7f4c5598274a.jpg 200 OK (21ms)
[wrangler:inf] PUT /images/ingest/external%2Facbaac5413daa78bf0f9bab11a875f167606f5f8.jpg 200 OK (35ms)
[wrangler:inf] PUT /images/ingest/external%2F907c2e2e303e75bdaa51be716e401f769a02cc67.png 200 OK (45ms)
[wrangler:inf] PUT /images/ingest/external%2F71ea843607e831118187e1cd42bdc93bbd63677f.jpg 200 OK (42ms)
[wrangler:inf] PUT /images/ingest/external%2Fbc4805ed2731f8483bb4c6b2c51509fab073be07.png 200 OK (44ms)
[wrangler:inf] PUT /images/ingest/external%2Fca8d7d70680fc4e1a216993f31c3796c70f49fe6.png 200 OK (51ms)
[wrangler:inf] PUT /images/ingest/external%2F986d28cf077678542572682b22ecea5d96a26f72.jpg 200 OK (58ms)
[wrangler:inf] PUT /images/ingest/external%2F94a75c7690e15c19794cb793fbc682215cbfa072.png 200 OK (60ms)
[wrangler:inf] PUT /images/ingest/external%2F8ac756de23d8a11eae076bee5c78b9f33621bddb.png 200 OK (78ms)
[wrangler:inf] PUT /images/ingest/external%2F4de9b56a4261d7aa2ee1674115ee811482122a93.png 200 OK (57ms)
[wrangler:inf] PUT /images/ingest/external%2F098f798cceb80c08f0231c8a7f0303310ee6abb0.jpg 200 OK (90ms)
[wrangler:inf] PUT /images/ingest/external%2Fce32f9934a37f22479a1ef2a42b6d308930b171f.png 200 OK (33ms)
[wrangler:inf] PUT /images/ingest/external%2Fed9569d6e646c8112cc4bf793697a46485705ca1.png 200 OK (26ms)
[wrangler:inf] PUT /images/ingest/external%2F11477a62b6f362dadbf355650b4222b462d4addc.png 200 OK (58ms)
[wrangler:inf] PUT /images/ingest/external%2F362b1c579c7e06070cdb020f3fa7b28e8a5a0ec3.png 200 OK (39ms)
[wrangler:inf] PUT /images/ingest/external%2Fd46c5de440d17f28e23b78ea1c97263e08f373eb.png 200 OK (63ms)
[wrangler:inf] PUT /images/ingest/external%2F22fe8eb5528584f4de71b67648fe4d80964408d0.png 200 OK (19ms)
[wrangler:inf] PUT /images/ingest/external%2Fbfb866a457b02d7ffd5e9594521fd5ecaafbab0d.png 200 OK (49ms)
[wrangler:inf] PUT /images/ingest/external%2F0083c064c8f42315b428d3305d014d0bd231495a.png 200 OK (63ms)
[wrangler:inf] PUT /images/ingest/external%2Fe122d4d300d7446ccb000c486768a341d318c046.png 200 OK (43ms)
[wrangler:inf] PUT /images/ingest/external%2Ff69e544ab7c2a0edb387bc8164d05b2cfeadb74b.png 200 OK (53ms)
[wrangler:inf] PUT /images/ingest/external%2Fe18ab9ace960dcf34c0ede301c431528563c8346.png 200 OK (14ms)
[wrangler:inf] PUT /images/ingest/external%2F31aa9f629082d5eb6658050ca2499f684e47e6e5.png 200 OK (15ms)
[wrangler:inf] PUT /images/ingest/external%2F9e2263597a9039b2baea9c1ce5bdc992c991a151.jpg 200 OK (13ms)
[wrangler:inf] PUT /images/ingest/external%2F2d1cc0be40b988d859d97ba8eba204b92f9d7d92.png 200 OK (22ms)
[wrangler:inf] PUT /images/ingest/external%2Fb13116dd4d7638e33ac20ebfb99734d7b039c36d.jpg 200 OK (14ms)
[wrangler:inf] PUT /images/ingest/external%2F7dec7f029faee58c8b1a20534f636362f558fbb2.png 200 OK (18ms)
[wrangler:inf] PUT /images/ingest/external%2F3bb9e8e122d565c4760bb0cc12c4070a3432fbfd.jpg 200 OK (18ms)
[wrangler:inf] PUT /images/ingest/external%2F0f3f434c0e9bc21060bacb2377bf960284a72fc0.png 200 OK (30ms)
[wrangler:inf] PUT /images/ingest/external%2F33e87b43539e8e0cc0baca9d0c2f731570578ece.png 200 OK (39ms)
[wrangler:inf] PUT /images/ingest/external%2F4c139d77f918d6060aed598fad737d8f61fea2c9.png 200 OK (20ms)
[wrangler:inf] PUT /images/ingest/external%2F60c56e72b03e86c7c036d69d8cca3cffbba26d8f.png 200 OK (17ms)
[wrangler:inf] PUT /images/ingest/external%2F199605c5c774317f75f9cfc49ff15f6c507120ba.png 200 OK (18ms)
[wrangler:inf] PUT /images/ingest/external%2F62729219d8bb46f7d6be62756df7f74411a0dd93.jpg 200 OK (34ms)
[wrangler:inf] PUT /images/ingest/external%2F46a6f9c0e2244e0381e1d290d40f5976b8a68a12.png 200 OK (39ms)
[wrangler:inf] PUT /images/ingest/external%2F7deaef80520fa9895033ca136f302dbf0dcb162e.png 200 OK (57ms)
[wrangler:inf] PUT /images/ingest/external%2Fd4cdae968b17e522b7aa28cf12f5e813b961e723.png 200 OK (71ms)
[wrangler:inf] PUT /images/ingest/external%2F0b9dffc116a5935cd08700afe132570d8ed55ec6.png 200 OK (90ms)
[wrangler:inf] PUT /images/ingest/external%2Fe86fdcdfdc74869c57d379823181a09bc539398f.png 200 OK (74ms)
[wrangler:inf] PUT /images/ingest/external%2F063eb05a0daaf077281450f763a22113bf080dcb.png 200 OK (82ms)
[wrangler:inf] PUT /images/ingest/external%2F1bfba2961ee22f2706a916af3ef771417cce5370.png 200 OK (127ms)
[wrangler:inf] PUT /images/ingest/external%2Fc661b5a7424d35a6e9981dcc0a05fede76f20c6d.png 200 OK (76ms)
[wrangler:inf] PUT /images/ingest/external%2Fb4b4a72575fea4725b744bb3664703ef11025aa0.png 200 OK (84ms)
[wrangler:inf] PUT /images/ingest/external%2Ff19beea81f96bc577986944458da7cb47152ba9b.png 200 OK (78ms)
[wrangler:inf] PUT /images/ingest/external%2F91a7bb7e35c59bbb9a2fd969c8e97954182f9736.png 200 OK (46ms)
[wrangler:inf] PUT /images/ingest/external%2F31b19c795debc1053566a68229baf78f04f71d7f.png 200 OK (20ms)
[wrangler:inf] PUT /images/ingest/external%2Fcbb36e3a90f1e5c23f121e7e8059cafbc574c44e.png 200 OK (35ms)
[wrangler:inf] PUT /images/ingest/external%2F6ec014475a605ccf20ca5cc4e8edf7fe38a4a5c2.png 200 OK (36ms)
[wrangler:inf] PUT /images/ingest/external%2F13471a756bddcabaf83032d7ba4134de8b45805b.jpg 200 OK (17ms)
[wrangler:inf] PUT /images/ingest/external%2F7de46d8fdb59ab2674c26e849702a8d1899c5123.jpg 200 OK (22ms)
[wrangler:inf] PUT /images/ingest/external%2F0d11ccaaf03b4b471cf72236a046af6efa231614.jpg 200 OK (28ms)
[wrangler:inf] PUT /images/ingest/external%2F8b92e71b5fda599f4ae40f5428c026cc5567349c.jpg 200 OK (28ms)
[wrangler:inf] PUT /images/ingest/external%2F91c1be88a446b58433ffb2523fa580cca4bd5463.jpg 200 OK (48ms)
[wrangler:inf] PUT /images/ingest/external%2Fd1ead41d02c5bab3ecfadb135d379a00975bcfa0.jpg 200 OK (47ms)
[wrangler:inf] PUT /images/ingest/external%2Fcd8a08eb1e418fcbba528c0ea405488c6d8568b9.jpg 200 OK (49ms)
[wrangler:inf] PUT /images/ingest/external%2F66e2ee0537149765808bb76508dc6c2d524f716d.jpg 200 OK (39ms)
[wrangler:inf] PUT /images/ingest/external%2F3df480f950bc79884d0c014c8849448def43dfb1.png 200 OK (20ms)
[wrangler:inf] PUT /images/ingest/external%2Fcc289757a1ad496a6d1601c0424613df4bd21966.png 200 OK (25ms)
[wrangler:inf] PUT /images/ingest/external%2F6d74810a1d877d71c2d06ceb379839fad99a1c0e.png 200 OK (13ms)
[wrangler:inf] PUT /images/ingest/external%2F5e797744dca2238652ac9896ba49b709212b03da.png 200 OK (18ms)
[wrangler:inf] PUT /images/ingest/external%2F1abb76d7a5370af27ec9d1079c3a5610f57c6a48.png 200 OK (25ms)
[wrangler:inf] PUT /images/ingest/external%2F74071df6519e553c2687b359a69c72d5f6f55f84.png 200 OK (23ms)
[wrangler:inf] PUT /images/ingest/external%2Fea941149998b569a5a18e26379d8fcd0e5df3104.png 200 OK (16ms)
[wrangler:inf] PUT /images/ingest/external%2F190f90b572dd9c81f4e1e4254c64ef89c23b5388.png 200 OK (15ms)
[wrangler:inf] PUT /images/ingest/external%2Fefb52f8889f8dae85a9b6d3fb8d0bb9369ceda09.png 200 OK (21ms)
[wrangler:inf] PUT /images/ingest/external%2Fd68c554aad2345f0f098b8302a9c6a87578ff4cd.png 200 OK (14ms)
[wrangler:inf] PUT /images/ingest/external%2F5b4c9067cfb3302ae1640fb893a0f87e9e9fed44.png 200 OK (23ms)
[wrangler:inf] PUT /images/ingest/external%2Fe50b0ea2db0e2e2b11e359d20531b5b93af3f83a.png 200 OK (32ms)
[wrangler:inf] PUT /images/ingest/external%2F6ae2e22ea88c16fae22f7c21b539156842c76894.jpg 200 OK (43ms)
[wrangler:inf] PUT /images/ingest/external%2Fcecc93bab2909fd440d11176becaf948a964bd4f.jpg 200 OK (51ms)
[wrangler:inf] PUT /images/ingest/external%2F5eed1267cfe8742bf2ae142e56604cc7f4bafb23.jpg 200 OK (39ms)
[wrangler:inf] PUT /images/ingest/external%2Fc8b2047c5bc2ff30a676a689d8221d02d308f735.png 200 OK (47ms)
[wrangler:inf] PUT /images/ingest/external%2F9a65c503dab3163841b5d4733de9ade0c990bccf.jpg 200 OK (52ms)
[wrangler:inf] PUT /images/ingest/external%2F8a5b4ecbd632cdb4ff41732ab6279ef2dd5e83d5.png 200 OK (59ms)
[wrangler:inf] PUT /images/ingest/external%2F19c54726c9df09595dc8e8076c6295faf9f5f0eb.png 200 OK (27ms)
[wrangler:inf] PUT /images/ingest/external%2F971e3fbbcf2ff61239a5ff3ac6d79a2a151769fa.png 200 OK (37ms)
[wrangler:inf] PUT /images/ingest/external%2Fb85043f34462be0ab893431098b871541edb92b8.png 200 OK (18ms)
[wrangler:inf] PUT /images/ingest/external%2F922fdc9167cb7d33746ed595e212efce99c7fe36.png 200 OK (27ms)
[wrangler:inf] PUT /images/ingest/external%2F87def7a7bc715c1cfec0d838fe339b3c48525ca5.png 200 OK (25ms)
[wrangler:inf] PUT /images/ingest/external%2F7b0d9defa86d5fc710b32dd100528050058ed658.png 200 OK (14ms)
[wrangler:inf] PUT /images/ingest/external%2F6e7866b92efbd4730ebe29ca7a5ecaa79044098b.png 200 OK (14ms)
[wrangler:inf] PUT /images/ingest/external%2F877bf48fdc6ec7d758a34bdbeccd5acdb9d97857.png 200 OK (14ms)
[wrangler:inf] PUT /images/ingest/external%2Ff724232468920c022c97cdfe1b35a430b8cf72d2.png 200 OK (24ms)
[wrangler:inf] PUT /images/ingest/external%2Fa00ad0900d122d2d0043278dcabeeee9bed4c684.png 200 OK (31ms)
[wrangler:inf] PUT /images/ingest/external%2F57b1c158e28b6861f2e6ea8a4a08a095eb8b8f59.png 200 OK (13ms)
[wrangler:inf] PUT /images/ingest/external%2Fdcb8399ffa3338437cce574760ddecc3eaeb7697.png 200 OK (15ms)
[wrangler:inf] PUT /images/ingest/external%2F54f74e48bcb10f800d309949007e61cb2f3be791.png 200 OK (17ms)
[wrangler:inf] PUT /images/ingest/external%2F6a710727f509c06a2a1724c7a1af96ea608e4731.jpg 200 OK (22ms)
[wrangler:inf] PUT /images/ingest/external%2F6d6e8e721aaa1fc8ab935b706ce716cf22dbaf04.png 200 OK (58ms)
[wrangler:inf] PUT /images/ingest/external%2F6bb97e3a6590c8df0f5bd851f164d961325c31e4.png 200 OK (24ms)
[wrangler:inf] PUT /images/ingest/external%2Fb2d3eacd4f8f1ef9e1b05252bd836f56afdac8e1.png 200 OK (14ms)
[wrangler:inf] PUT /images/ingest/external%2F1a115d81fb9d8f621c29a92ff9e7389441ced315.png 200 OK (14ms)
[wrangler:inf] PUT /images/ingest/external%2F9c7929fde32f19da44e1f6be8f3c1de143d438ae.jpg 200 OK (13ms)
[wrangler:inf] PUT /images/ingest/external%2F86ac49fe9bab2ec240609b524017c3359e95c79b.jpg 200 OK (13ms)
[wrangler:inf] PUT /images/ingest/external%2F4a69b24a000f5d78f39bb9c69721676751759176.jpg 200 OK (25ms)
[wrangler:inf] PUT /images/ingest/external%2F91dc269020afd08b8e86be9220f7ab6cabbd867d.jpg 200 OK (38ms)
[wrangler:inf] PUT /images/ingest/external%2Ff70a6ef6589c21246d6912e7fb1906c60fb2b976.jpg 200 OK (40ms)
[wrangler:inf] PUT /images/ingest/external%2F13f75a01fe833462aeda1c2b96d7b94d366a8f38.jpg 200 OK (49ms)
[wrangler:inf] PUT /images/ingest/external%2Fd124fbbf23ea3f533de838a5ab1e6eea718ccbc1.jpg 200 OK (9ms)
[wrangler:inf] PUT /images/ingest/external%2F43bb0ee231dc483eea301f62d5803fa5350e61bd.png 200 OK (50ms)
[wrangler:inf] PUT /images/ingest/external%2F3aa0b3677753be8a9843cf4c9fb98fcf856e7532.png 200 OK (18ms)
[wrangler:inf] PUT /images/ingest/external%2Fe23122ad000879f2c984acd9c6820768128b3cbe.png 200 OK (15ms)
[wrangler:inf] PUT /images/ingest/external%2F066bb33c108162c2fa1fdfb2e921e0d86554aa07.png 200 OK (20ms)
[wrangler:inf] PUT /images/ingest/external%2F6a9d91ddbb11fbeeaff1251b4e77c6bcc8f6c1cf.png 200 OK (33ms)
[wrangler:inf] PUT /images/ingest/external%2Ff13aacc3f420b347274bcfe2fb20be3816ce0063.png 200 OK (38ms)
[wrangler:inf] PUT /images/ingest/external%2F99e68c4849dc26169c9f276a50e99ab33dba1fb7.png 200 OK (41ms)
[wrangler:inf] PUT /images/ingest/external%2F0de39c50b8abadf728fe37f37978b8feebd81e6d.png 200 OK (48ms)
[wrangler:inf] PUT /images/ingest/external%2F04efd807b1e823c2473e7cdacf610230f8dac825.jpg 200 OK (44ms)
[wrangler:inf] PUT /images/ingest/external%2F309b1e7d09856d689ec7d42d9a2bdb03dd14d671.png 200 OK (70ms)
[wrangler:inf] PUT /images/ingest/external%2F5ab206cd393af018deca442d92c8a4cf11a27787.jpg 200 OK (27ms)
[wrangler:inf] PUT /images/ingest/external%2F4a8250d7337b94baa45fb390fccc13ef56605b53.jpg 200 OK (21ms)
[wrangler:inf] PUT /images/ingest/external%2F9f212ec57876e1952036031449bb875935dfe2bc.jpg 200 OK (15ms)
[wrangler:inf] PUT /images/ingest/external%2Fcf58d25e4002bb5932d224869ca9351c28f2de8e.png 200 OK (13ms)
[wrangler:inf] PUT /images/ingest/external%2Fa0396a22870559027e91672727c2eb83d7521f47.png 200 OK (18ms)
[wrangler:inf] PUT /images/ingest/external%2F0afd18d88a62c583ee709fc10acfdb681f29b2e9.png 200 OK (31ms)
[wrangler:inf] PUT /images/ingest/external%2Ff86e004eb29e74de6dea4dcb15b5648a18337543.png 200 OK (42ms)
[wrangler:inf] PUT /images/ingest/external%2Fed75e0ebb4d10b9f94980fb4360ac27b3d605e0c.png 200 OK (14ms)
[wrangler:inf] PUT /images/ingest/external%2F3ec95c5986970991ea6811bbdd152a26f7a4cac6.png 200 OK (14ms)
[wrangler:inf] PUT /images/ingest/external%2F6c15dc90ba2a06f485cd27465d8b14dcaf33e26d.png 200 OK (24ms)
[wrangler:inf] PUT /images/ingest/external%2Fcb5c8a4e8fa36b5302a83cde86b5ce673126dec8.png 200 OK (20ms)
[wrangler:inf] PUT /images/ingest/external%2Fe6a0073ec339a603ea609017bc0f334e2feec073.png 200 OK (27ms)
[wrangler:inf] PUT /images/ingest/external%2F8b47e404c335829ac715f3f0066704c084e09077.png 200 OK (15ms)
[wrangler:inf] PUT /images/ingest/external%2Fdd7807caeb6487049f92063b61bfbc3f9ef21bd0.png 200 OK (14ms)
[wrangler:inf] PUT /images/ingest/external%2F8cfc1b86733bbd1019ea3a873f9133b7136a8efb.png 200 OK (13ms)
[wrangler:inf] PUT /images/ingest/external%2F22a54f62e7a44afda35753fb131cfdb0acec04df.png 200 OK (25ms)
[wrangler:inf] PUT /images/ingest/external%2Fda0752595a9cbab456dff22ec5247e3c9a7f3f99.png 200 OK (24ms)
[wrangler:inf] PUT /images/ingest/external%2Fcc9ab946cc1db46b276cb292ea2e223e11ba4fab.png 200 OK (22ms)
[wrangler:inf] PUT /images/ingest/external%2F7a9b208869be1565f533f8ba051d3aa08cb213bd.png 200 OK (47ms)
[wrangler:inf] PUT /images/ingest/external%2Fd524b2ade89859b5841a77fa09e01ad547315ea0.png 200 OK (52ms)
[wrangler:inf] PUT /images/ingest/external%2F105900a59a1c3bbbf972ee21916e914ef1d25311.png 200 OK (56ms)
[wrangler:inf] PUT /images/ingest/external%2F2f0733d68e1869a04ff4c1d43a9e04375d918816.png 200 OK (49ms)
[wrangler:inf] PUT /images/ingest/external%2Ff456c1f35e0a19fd61b5e3ed20289c01c0cd0bb2.png 200 OK (40ms)
[wrangler:inf] PUT /images/ingest/external%2F837b7a411f50a1ae7b3eb48dd8be1b9b2ea5f06c.png 200 OK (63ms)
[wrangler:inf] PUT /images/ingest/external%2F745a9f5478343ef89d5bff18603055433ac28c9c.png 200 OK (19ms)
[wrangler:inf] PUT /images/ingest/external%2F0a23c56fc69398c7cba2ab5a6a4e3e2214d885de.png 200 OK (16ms)
[wrangler:inf] PUT /images/ingest/external%2F4ef098ce64854b2324391b10805f70216655e561.png 200 OK (13ms)
[wrangler:inf] PUT /images/ingest/external%2Fd5ad1ee28c58b5d56e7ce32823a340bd1586e00c.jpg 200 OK (15ms)
[wrangler:inf] PUT /images/ingest/external%2F536fc2cf8f43f7cde275af9a5db95b59229c0bde.png 200 OK (14ms)
[wrangler:inf] PUT /images/ingest/external%2F31af580940eca4149184dd28129a10add5e548d8.png 200 OK (16ms)
[wrangler:inf] PUT /images/ingest/external%2Ff4c60f8649a834f91b7778ae9ce94c7f9de1f57d.png 200 OK (19ms)
[wrangler:inf] PUT /images/ingest/external%2F33276c64fedb0636a4aa11562b30c666aaa9b745.png 200 OK (23ms)
[wrangler:inf] PUT /images/ingest/external%2Fad4353e550032affdcaa37a72407d51b06b9cb8e.png 200 OK (27ms)
[wrangler:inf] PUT /images/ingest/external%2Fc65b65ef4cd7751397995e2619522e99a60a1f62.png 200 OK (16ms)
[wrangler:inf] PUT /images/ingest/external%2F2b241aeb9f5c7996030aaa237311c97e144e83e3.png 200 OK (13ms)
[wrangler:inf] PUT /images/ingest/external%2F65e4088c12e2f467634d242c3f0a15affb7e3c90.png 200 OK (26ms)
[wrangler:inf] PUT /images/ingest/external%2F196c9d5f739f319bb7844940ee79b717c77af33a.png 200 OK (35ms)
[wrangler:inf] PUT /images/ingest/external%2F3a9618580ca7c2ce83a62f4d340a9a58d3cfb122.png 200 OK (19ms)
[wrangler:inf] PUT /images/ingest/external%2F7153e6e5e7411e6deacf0a6611085f72faeb93c1.png 200 OK (22ms)
[wrangler:inf] PUT /images/ingest/external%2F26d649b9d38a028be702b74abeb85f40a46a7c02.jpg 200 OK (18ms)
[wrangler:inf] PUT /images/ingest/external%2F94abfcf70bafc28eac5f36be29cc7077e4677790.jpg 200 OK (13ms)
[wrangler:inf] PUT /images/ingest/external%2F991611a401e0fc5645c975c509a3dcb1b99210da.jpg 200 OK (33ms)
[wrangler:inf] PUT /images/ingest/external%2Fd4f77bcd5e0a006a51cc8fb4eb51e0b0980f7080.jpg 200 OK (41ms)
[wrangler:inf] PUT /images/ingest/external%2Fa2c89f901c7c67835a7b0cc046bdc0c5e34ca761.jpg 200 OK (46ms)
[wrangler:inf] PUT /images/ingest/external%2Fc27add94f6c3189c82c3d59f95fd6467956063bd.jpg 200 OK (47ms)
[wrangler:inf] PUT /images/ingest/external%2Fab2379f37ec69db365a05c5f6dc3a6be2d83c3fe.jpg 200 OK (29ms)
[wrangler:inf] PUT /images/ingest/external%2Fe4a8d2871ff4b93f0deb3e55ff56a5c34f973d82.jpg 200 OK (36ms)
[wrangler:inf] PUT /images/ingest/external%2F9daef8b3e4ef1949375306658ddc2f85a1852247.jpg 200 OK (40ms)
[wrangler:inf] PUT /images/ingest/external%2F5e0547ec24ababc62f704b7d2e2b0302f420030f.png 200 OK (131ms)
[wrangler:inf] PUT /images/ingest/external%2F09951cd20ea4db81ac2480bd21c52b3398b38a2a.png 200 OK (144ms)
[wrangler:inf] PUT /images/ingest/external%2F835cac35cc94563e23277e0ab98a2cfd74e6bd74.png 200 OK (46ms)
[wrangler:inf] PUT /images/ingest/external%2F84409f656259fc08d286c52815bd70a8770a8169.jpg 200 OK (19ms)
[wrangler:inf] PUT /images/ingest/external%2F021b9d11e3d58f111bf11b89a404ef6cd8b1f422.jpg 200 OK (21ms)
[wrangler:inf] PUT /images/ingest/external%2F940d34d5db2caed839f407e83e45778112265c45.jpg 200 OK (17ms)
[wrangler:inf] PUT /images/ingest/external%2F3f87766a7c79470901f4ff42ab144349a91f92f2.jpg 200 OK (22ms)
[wrangler:inf] PUT /images/ingest/external%2Ffdb2e4d48331cafbcb57549c020d41177b28c975.jpg 200 OK (16ms)
[wrangler:inf] PUT /images/ingest/external%2Fd1b4a7532c4262e3513548761e512b5a1dc9be6b.jpg 200 OK (18ms)
[wrangler:inf] PUT /images/ingest/external%2Fb2e2b363cf351244080ab23eb0372c3f83555662.jpg 200 OK (32ms)
[wrangler:inf] PUT /images/ingest/external%2Fda24388d6065dd43b285f56e438cb58d6732aec4.jpg 200 OK (44ms)
[wrangler:inf] PUT /images/ingest/external%2F2c21bc87e5e076aeaac299face7a3f449381ab9e.jpg 200 OK (60ms)
[wrangler:inf] PUT /images/ingest/external%2Fb37feb92d8039918f134c359094a7a66b3be3cf6.jpg 200 OK (53ms)
[wrangler:inf] PUT /images/ingest/external%2Ffe66d5999fea2c98f8cb90ed4de2addb6d760c4f.jpg 200 OK (57ms)
[wrangler:inf] PUT /images/ingest/external%2Fb936526d115b96b736ca3ebd41a24cf94f4c7451.jpg 200 OK (52ms)
[wrangler:inf] PUT /images/ingest/external%2F4b8bc8fb3bfe79f009102186207a4e8325b4dbf8.jpg 200 OK (33ms)
[wrangler:inf] PUT /images/ingest/external%2F5a3e47e30fe14a4ee961ec1b740fcfa95668b47f.jpg 200 OK (36ms)
[wrangler:inf] PUT /images/ingest/external%2Fa736c7790d9b3a1e2a40c8a976fa5c275235a8d4.png 200 OK (14ms)
[wrangler:inf] PUT /images/ingest/external%2Fdb523046464603c3a84262d2ccfd3974182212b5.jpg 200 OK (23ms)
[wrangler:inf] PUT /images/ingest/external%2Fb532c30144b786745be3d34d78b57407161cfd0a.png 200 OK (33ms)
[wrangler:inf] PUT /images/ingest/external%2F027f60721cc13dd904a10f1990b8ea5fc9a79635.png 200 OK (35ms)
[wrangler:inf] PUT /images/ingest/external%2F53e0b0c1d82a9dfc7b11b4d2ab4f2ad1aacb20c3.jpg 200 OK (35ms)
[wrangler:inf] PUT /images/ingest/external%2F4833126076230ff6a6e16fb4e4154c5393d38047.png 200 OK (46ms)
[wrangler:inf] PUT /images/ingest/external%2Fc059c3074a5ef0c424f669d2b794d9b11a20726f.jpg 200 OK (57ms)
[wrangler:inf] PUT /images/ingest/external%2F0b57bbb296f775e2a06bcea28c76fc61ddb307ca.jpg 200 OK (59ms)
[wrangler:inf] PUT /images/ingest/external%2F6d77e038f7721615359b23dc3fc84236368bdf62.jpg 200 OK (69ms)
[wrangler:inf] PUT /images/ingest/external%2Fd8048e0c52929e4607b13a027b7604c8e1e4be04.jpg 200 OK (71ms)
[wrangler:inf] PUT /images/ingest/external%2F8df4e4717ecfad85cb1afe4d21f11d53c346e7a7.jpg 200 OK (87ms)
[wrangler:inf] PUT /images/ingest/external%2Fb20716dd5dd61d89f15a552b4d8f11e36248f3aa.jpg 200 OK (100ms)
[wrangler:inf] PUT /images/ingest/external%2F0f6d0547057cc2aec8a213c518bd61237616d8e9.jpg 200 OK (79ms)
[wrangler:inf] PUT /images/ingest/external%2F490b64360745a0e29e5c1f435af23f3fadf9840a.png 200 OK (57ms)
[wrangler:inf] PUT /images/ingest/external%2Fefd3dbc7b88c38b7c506d0eb700fbea114cafb32.png 200 OK (73ms)
[wrangler:inf] PUT /images/ingest/external%2Fd06557c15f051122dc07b0d9a5661d1974b93438.png 200 OK (53ms)
[wrangler:inf] PUT /images/ingest/external%2Fc52f295c7011d42444e658d24c2151da68738ac1.png 200 OK (99ms)
[wrangler:inf] PUT /images/ingest/external%2Fb5f1ef1f778d86ebafcd3dedb0cc666a0e465653.png 200 OK (59ms)
[wrangler:inf] PUT /images/ingest/external%2F408b51eb148442d0c3f26eca43b6ba93db01a823.png 200 OK (78ms)
[wrangler:inf] PUT /images/ingest/external%2F6cc6da4f217bd4bff79d3a55a4e2af33afce994f.png 200 OK (42ms)
[wrangler:inf] PUT /images/ingest/external%2F896b704741fadc5da8369d12218f630091c02a63.png 200 OK (59ms)
[wrangler:inf] PUT /images/ingest/external%2F76edaa04ffb5412fd5ce63f7e48ebac1885121f3.png 200 OK (77ms)
[wrangler:inf] PUT /images/ingest/external%2Ffd79643835c7a9871b9b0f3021b1ad02462b4795.png 200 OK (96ms)
[wrangler:inf] PUT /images/ingest/external%2Ffd6cf3852b047eceb7a7f6a8c9c427f28dbc29b9.png 200 OK (71ms)
[wrangler:inf] PUT /images/ingest/external%2Ff439a0935cf40f55f8126141bdb74354fa1a7ac6.png 200 OK (118ms)
[wrangler:inf] PUT /images/ingest/external%2F92a132f83d02d30f0f847995e3d4836e44689195.png 200 OK (110ms)
[wrangler:inf] PUT /images/ingest/external%2F801026e24406f59819842331da5f8f243883673e.png 200 OK (101ms)
[wrangler:inf] PUT /images/ingest/external%2F16196e57f46829e580d0d6a2beeba9e6a3a14310.png 200 OK (99ms)
[wrangler:inf] PUT /images/ingest/external%2F146465bd80635016f9e06c7ce51492f347c178b4.png 200 OK (133ms)
[wrangler:inf] PUT /images/ingest/external%2F080f5ee149d77ff281a32e3dba715b2dc22c0db2.png 200 OK (38ms)
[wrangler:inf] PUT /images/ingest/external%2Fc5c2c2603b7d4cc3fc00dfe21b1bc29191361337.png 200 OK (124ms)
[wrangler:inf] PUT /images/ingest/external%2Fff2fce410409905fbb82d64ade58c1cc208b45c2.png 200 OK (136ms)
[wrangler:inf] PUT /images/ingest/external%2F5fe1515c67ee7a905bc4e6cf2f38988a916f8286.png 200 OK (46ms)
[wrangler:inf] PUT /images/ingest/external%2F1721f157804d3f2d05880a1741bb09f33a7d5723.png 200 OK (62ms)
[wrangler:inf] PUT /images/ingest/external%2F7266438670f4044621648633b7a0ad97b8d979f5.png 200 OK (17ms)
[wrangler:inf] PUT /images/ingest/external%2F07227599349d5a5685e6c401a1e22b015a125fdd.png 200 OK (34ms)
[wrangler:inf] PUT /images/ingest/external%2F58b477ea6b68e6c0ff4a38aff4edef36f4e4a562.png 200 OK (25ms)
[wrangler:inf] PUT /images/ingest/external%2F9cf4b9bb6d7b9a86153b8bf6e7cc285c74b89913.png 200 OK (32ms)
[wrangler:inf] PUT /images/ingest/external%2F092789c345dcc405dded98b838f259f85af293e4.png 200 OK (19ms)
[wrangler:inf] PUT /images/ingest/external%2Fce297170916c97992794beaae4f323950d51dbb0.png 200 OK (30ms)
[wrangler:inf] PUT /images/ingest/external%2F942a7464935bea86b3844ba905b0c84a7600ebd6.png 200 OK (24ms)
[wrangler:inf] PUT /images/ingest/external%2F74b04c31b5425f7aff889a4200b55f29055d28cb.png 200 OK (16ms)
[wrangler:inf] PUT /images/ingest/external%2F05b185aafd5315fa7254855ccc669d6e5b4350d6.png 200 OK (23ms)
[wrangler:inf] PUT /images/ingest/external%2F8f0fa28374369c9e5e6ca1a1139214eba8938036.png 200 OK (41ms)
[wrangler:inf] PUT /images/ingest/external%2F811bf054ad5362c4ab92dad7b44a7b569bc292df.png 200 OK (54ms)
[wrangler:inf] PUT /images/ingest/external%2F896c8db8ccf50e042fe0ba9a2165925b4e389b84.png 200 OK (67ms)
[wrangler:inf] PUT /images/ingest/external%2F5e9a2de4e140fb0d26fa228b725ec64b3c8318c4.png 200 OK (73ms)
[wrangler:inf] PUT /images/ingest/external%2Ffa6d1f4a6103df780086f4857edcc9f7a5929c8a.png 200 OK (82ms)
[wrangler:inf] PUT /images/ingest/external%2F02c2afd5a6ba497d9c08de0137d581ac32e3330d.png 200 OK (84ms)
[wrangler:inf] PUT /images/ingest/external%2Faa33eebfa9a9a7c9ed15737763d6f1fd84086c00.png 200 OK (87ms)
[wrangler:inf] PUT /images/ingest/external%2F5a1b3588130dbd7b333e1c13c77e944cbf5a63fd.png 200 OK (86ms)
[wrangler:inf] PUT /images/ingest/external%2Fcd106344ca2265831951c9f4534c13e754e94f09.png 200 OK (95ms)
[wrangler:inf] PUT /images/ingest/external%2F2cb6699f13b49e1f51789967ed1fdbc45dc2f9fe.png 200 OK (78ms)
[wrangler:inf] PUT /images/ingest/external%2Fa8dbd2ad6a883c58a093b2cbaaf61f7c78ba1743.png 200 OK (24ms)
[wrangler:inf] PUT /images/ingest/external%2F686acace4829d71410912b6dd73bee98cc3eb1b5.png 200 OK (40ms)
[wrangler:inf] PUT /images/ingest/external%2F1a4eb86f7579a4cbc4b60c013cd14971b19f27a9.png 200 OK (53ms)
[wrangler:inf] PUT /images/ingest/external%2Faae23d8c4a516cca5a7c5d8e8d63d1a6d207de08.png 200 OK (67ms)
[wrangler:inf] PUT /images/ingest/external%2F1890c8ff077bec52d2ce7368c96f2aa7e5333459.png 200 OK (37ms)
[wrangler:inf] PUT /images/ingest/external%2Fee6cb08086774a5f1b8af4d7b9eeebc63af3f67f.png 200 OK (34ms)
[wrangler:inf] PUT /images/ingest/external%2Ff0024ab14c90b6ce49211e6f39f8da1b31a5d717.png 200 OK (42ms)
[wrangler:inf] PUT /images/ingest/external%2F4748e507047afed5e57062960b67777eb1821ff3.png 200 OK (19ms)
[wrangler:inf] PUT /images/ingest/external%2Fd7d63eb1a1f82b88f73e5db1d40d400aa1b62641.png 200 OK (28ms)
[wrangler:inf] PUT /images/ingest/external%2Fdd16a17ab02650c3a6405a2db1903008cf3d4028.png 200 OK (39ms)
[wrangler:inf] PUT /images/ingest/external%2Fda67f44e01cbd3a1937eefadb5cc3da6e325fdee.png 200 OK (20ms)
[wrangler:inf] PUT /images/ingest/external%2F56704b28939973fe6767fe419114be28be904ba8.png 200 OK (27ms)
[wrangler:inf] PUT /images/ingest/external%2F319dedf5106e71259a0d04a2dc66de63f29c82ac.png 200 OK (22ms)
[wrangler:inf] PUT /images/ingest/external%2F894c71d41598d37d1d13a837aae762452bff5f26.png 200 OK (31ms)
[wrangler:inf] PUT /images/ingest/external%2Ff333a5d484270335db99266cf575eced9bb5dee0.png 200 OK (40ms)
[wrangler:inf] PUT /images/ingest/external%2F4743ff6bb4780e915edf46febe92b7bc2f16ff84.png 200 OK (50ms)
[wrangler:inf] PUT /images/ingest/external%2Ffb11488ebc6392b7ac9c9d277f4a35b95d2e5412.png 200 OK (54ms)
[wrangler:inf] PUT /images/ingest/external%2Fed2314455b08569a4d52572e8eca834f4694961b.png 200 OK (44ms)
[wrangler:inf] PUT /images/ingest/external%2F1321d89b41dd79b9b9b74232233fcc1d84e870df.png 200 OK (57ms)
[wrangler:inf] PUT /images/ingest/external%2Fa6f5845c2879a97b0ab9fc19c5d667ac8f068b94.png 200 OK (25ms)
[wrangler:inf] PUT /images/ingest/external%2F4ed306aaebde9f52b961883797d4402ca54a955d.png 200 OK (28ms)
[wrangler:inf] PUT /images/ingest/external%2F6d502b2a48636c0ed9ae54d36ecc18e19f5099bb.png 200 OK (27ms)
[wrangler:inf] PUT /images/ingest/external%2F4fae40d7cc94195fd277fa4a9ab2f1c692b15b32.png 200 OK (52ms)
[wrangler:inf] PUT /images/ingest/external%2F41d4bc83c15259a3e7445fe50032fad4c0dbc657.png 200 OK (23ms)
[wrangler:inf] PUT /images/ingest/external%2F44cec9e66ba3487ba478ea27ff5c036b64d84fe3.png 200 OK (36ms)
[wrangler:inf] PUT /images/ingest/external%2Fcfa9913feded88c6251bcd82b6d4e73a7f96d983.png 200 OK (20ms)
[wrangler:inf] PUT /images/ingest/external%2Fba2cf9c454b0f2eeaf1f327aa8eb51fe948371ad.png 200 OK (35ms)
[wrangler:inf] PUT /images/ingest/external%2Fe24aa3302d347dae35d648fa5dbc90cd1b913e65.png 200 OK (41ms)
[wrangler:inf] PUT /images/ingest/external%2F58fa0e9af485b9ab45c62984634e13e5a72defd7.png 200 OK (28ms)
[wrangler:inf] PUT /images/ingest/external%2F530c5f6260ac04bec9a6ede14ff7b103fb7eed0a.png 200 OK (46ms)
[wrangler:inf] PUT /images/ingest/external%2F1bb3a2d665d164c1a2e4fb08e9c2be7eabe4361e.png 200 OK (52ms)
[wrangler:inf] PUT /images/ingest/external%2Fe2138f343422dcc50a1bb0cc989c4f72887e59ce.png 200 OK (35ms)
[wrangler:inf] PUT /images/ingest/external%2F6bfce30dbbd3cd15eb3a7ac49f1ab789c7967fc0.png 200 OK (57ms)
[wrangler:inf] PUT /images/ingest/external%2F932c0a0670ebcf223eae2e8e4800f7543f6e9813.png 200 OK (40ms)
[wrangler:inf] PUT /images/ingest/external%2F83d836f6d60f83642426a7552d60a3fb8256a39f.png 200 OK (50ms)
[wrangler:inf] PUT /images/ingest/external%2Fa8e71a58f3cd18d958f54c7473f9debf6ea56092.png 200 OK (54ms)
[wrangler:inf] PUT /images/ingest/external%2F0b838350d1bf41db049a7deccbc40f99f40c1a3e.png 200 OK (61ms)
[wrangler:inf] PUT /images/ingest/external%2Fad7584e74268dc8257e6d13e268ef07928bbd5ef.png 200 OK (14ms)
[wrangler:inf] PUT /images/ingest/external%2F87d279acd9dfb74e393c0d5d1fdf2d0123afbf72.png 200 OK (14ms)
[wrangler:inf] PUT /images/ingest/external%2F62c156c7a79fb6bdc47f75cafbd47200433afef2.png 200 OK (32ms)
[wrangler:inf] PUT /images/ingest/external%2F24bbc96e4966d92a18d1b65ea56ea107ec194777.png 200 OK (41ms)
[wrangler:inf] PUT /images/ingest/external%2Fc7958299e523ac206403a428a131f66c9a6a0ede.png 200 OK (51ms)
[wrangler:inf] PUT /images/ingest/external%2F17dc00e7163f045dadd16f4830c855a8e63106c3.png 200 OK (60ms)
[wrangler:inf] PUT /images/ingest/external%2Fc5af5a0c04f5efbbdcb263687d75fe0425b28785.png 200 OK (40ms)
[wrangler:inf] PUT /images/ingest/external%2F5602c2e88841f9162eadf3774772b8a1a6cf7704.png 200 OK (48ms)
[wrangler:inf] PUT /images/ingest/external%2Fea977564fb9f53f7c54e6089e6fb349552efd25f.png 200 OK (32ms)
[wrangler:inf] PUT /images/ingest/external%2F007f832293bceb2f0955ede637961e6b37f023b8.png 200 OK (46ms)
[wrangler:inf] PUT /images/ingest/external%2Fa15d37bfc4fbb7184a4977098d53449d25b971dc.png 200 OK (55ms)
[wrangler:inf] PUT /images/ingest/external%2F0a22d3bdfe32e50397025cff5cf697897f286ee8.png 200 OK (69ms)
[wrangler:inf] PUT /images/ingest/external%2Fec746f7960eeb2ee9706a2f1dc89dbc814b97474.png 200 OK (54ms)
[wrangler:inf] PUT /images/ingest/external%2F820709f4cc85b196928752c04ca43b2a51182eb7.png 200 OK (20ms)
[wrangler:inf] PUT /images/ingest/external%2Fa04cc7e38a95865945fcd5128fc947b509f19efc.png 200 OK (15ms)
[wrangler:inf] PUT /images/ingest/external%2F00c503eb61a277a5910546f761732614c68aa4a1.png 200 OK (19ms)
[wrangler:inf] PUT /images/ingest/external%2Fe2f3c289136f1fc951ad5a15b5f9852c95b5059f.png 200 OK (30ms)
[wrangler:inf] PUT /images/ingest/external%2Ff5b59a1e1244c655f332ed7944553d12add55abb.png 200 OK (35ms)
[wrangler:inf] PUT /images/ingest/external%2F74858b0197c4ce949775836a1c7b1fe1d6bf778a.png 200 OK (38ms)
[wrangler:inf] PUT /images/ingest/external%2F664726f15489ada60a1b3bb6b485a2371f066316.png 200 OK (35ms)
[wrangler:inf] PUT /images/ingest/external%2F3b9e67061f4c45ceac4daeb94f3850417c7c5116.png 200 OK (47ms)
[wrangler:inf] PUT /images/ingest/external%2F53bff43617e9f1c4a89189f4f7e447a34292dff9.png 200 OK (55ms)
[wrangler:inf] PUT /images/ingest/external%2Fa2e46226262c10b44e0f539a0d5c4023527eb301.png 200 OK (71ms)
[wrangler:inf] PUT /images/ingest/external%2Fb58902088ae42257ff85d2912f3d184626d7b43b.png 200 OK (42ms)
[wrangler:inf] PUT /images/ingest/external%2F88ee7e2ffc7d11758dbc317fdb5ca4991bd6419f.png 200 OK (43ms)
[wrangler:inf] PUT /images/ingest/external%2F7c37cd9e17d92031bd0a9f1ee7d95325555858d8.png 200 OK (47ms)
[wrangler:inf] PUT /images/ingest/external%2Fb0763d89f2dbf7d5826b5adcc69bf2e125d7ab66.png 200 OK (26ms)
[wrangler:inf] PUT /images/ingest/external%2F9d71ed588b65449c9038ecd3a9219765c3b4ba1d.png 200 OK (33ms)
[wrangler:inf] PUT /images/ingest/external%2F8b523139b8b70a0c9aeddaa9a2182d4840674c42.png 200 OK (24ms)
[wrangler:inf] PUT /images/ingest/external%2Fe04d8df057bae017cf8ff7c7abb5a7dcacb690ae.png 200 OK (40ms)
[wrangler:inf] PUT /images/ingest/external%2F88894133fd2f42b806504d559bb300aabcb2858e.png 200 OK (37ms)
[wrangler:inf] PUT /images/ingest/external%2F7a4066828473b81495a4aa0b9e218e0c1e73c313.png 200 OK (54ms)
[wrangler:inf] PUT /images/ingest/external%2Fd2799c42ca2e9be84714c18a2a70893008640f95.png 200 OK (44ms)
[wrangler:inf] PUT /images/ingest/external%2F46907decdb38a51104dba33ab6190618d6f1e864.png 200 OK (38ms)
[wrangler:inf] PUT /images/ingest/external%2F3cececdbc7f07e6de2cb1778c5c13bd067d75ba9.png 200 OK (42ms)
[wrangler:inf] PUT /images/ingest/external%2Fd5b46a41c998b9b927f6dc1e70b8586885a3357e.png 200 OK (31ms)
[wrangler:inf] PUT /images/ingest/external%2Fe642771d0de7ea18101510e35b56db4696dd63e7.png 200 OK (53ms)
[wrangler:inf] PUT /images/ingest/external%2F6953146c951f7df8858bd4d00e3ae4540079535b.png 200 OK (59ms)
[wrangler:inf] PUT /images/ingest/external%2F7f9608117f8153be75fec04f38fa0a15f503d8e9.png 200 OK (64ms)
[wrangler:inf] PUT /images/ingest/external%2F73508f81f5dcb3858e28ca86b6cc3f32b5383b0a.png 200 OK (72ms)
[wrangler:inf] PUT /images/ingest/external%2F726c6b0ba755349edee9781d253e735cdaf34683.png 200 OK (34ms)
[wrangler:inf] PUT /images/ingest/external%2F753f6ee43b01f6a49c5885450cd143383b5f0c1e.png 200 OK (17ms)
[wrangler:inf] PUT /images/ingest/external%2F4291c60d2857435ec8e5d1ac501412e8bb3d499b.png 200 OK (34ms)
[wrangler:inf] PUT /images/ingest/external%2F083d2d3061954d13bf846079ea5f5173953f3021.png 200 OK (44ms)
[wrangler:inf] PUT /images/ingest/external%2F8dea17b81a3e9036671b1b12af05225cbef3b791.png 200 OK (41ms)
[wrangler:inf] PUT /images/ingest/external%2F0940ababa608cb891fe7530bc7ed2c37731abd80.png 200 OK (24ms)
[wrangler:inf] PUT /images/ingest/external%2Fe6308330eef0b27e1bcb810ca56f97848b035dd1.png 200 OK (32ms)
[wrangler:inf] PUT /images/ingest/external%2F994bcec5035652f01d5d0c5d8238422ff480a597.png 200 OK (13ms)
[wrangler:inf] PUT /images/ingest/external%2F7c3f9f5953cbbc5f7bbf1928f15ddc72d00f3003.png 200 OK (27ms)
[wrangler:inf] PUT /images/ingest/external%2F6c478f455f659aa2e6af902076a29c0dc66e1c62.png 200 OK (37ms)
[wrangler:inf] PUT /images/ingest/external%2F84e0db5116565e35a80e20b8a37522c177b55d68.png 200 OK (47ms)
[wrangler:inf] PUT /images/ingest/external%2Fe614d2c9d7dc1ce55d2df54998536593802718a9.png 200 OK (40ms)
[wrangler:inf] PUT /images/ingest/external%2Fc5b133f77328d0311feb6e5bdd0bf7a170a9a91e.png 200 OK (42ms)
[wrangler:inf] PUT /images/ingest/external%2F62eab6026371172c83a5040841b5510d33df6dff.png 200 OK (68ms)
[wrangler:inf] PUT /images/ingest/external%2F3a8b6f7982a3d2759df009fff848ca2fa6636265.jpg 200 OK (36ms)
[wrangler:inf] PUT /images/ingest/external%2F330536cbbb2de74c809d05d59436fc45687c7823.jpg 200 OK (50ms)
[wrangler:inf] PUT /images/ingest/external%2F92ceefbc5d6357d3cc7a54472a1b7cf7836ec5f1.jpg 200 OK (57ms)
[wrangler:inf] PUT /images/ingest/external%2F400a45f55d1b20618d2ba4696732cf908c13d1d6.jpg 200 OK (55ms)
[wrangler:inf] PUT /images/ingest/external%2F7f3f6e19825cc4ee04d42cb0b8f970125c6b01f3.png 200 OK (47ms)
[wrangler:inf] PUT /images/ingest/external%2F2c1d8cb460b0a8135c3848a50ee5d1dada686c8c.png 200 OK (48ms)
[wrangler:inf] PUT /images/ingest/external%2F7cccd3df4851d75624bdd4b82f2e85b7f687cfcc.png 200 OK (17ms)
[wrangler:inf] PUT /images/ingest/external%2F2263495c8f1e292e8edabda985d18813f8e1cbb4.png 200 OK (27ms)
[wrangler:inf] PUT /images/ingest/external%2F15a98b43e7fde80ad7f84c057c0d4dc8de439ff7.png 200 OK (46ms)
[wrangler:inf] PUT /images/ingest/external%2Fb904ca17965aae89bad36c082433512c6423937f.png 200 OK (55ms)
[wrangler:inf] PUT /images/ingest/external%2Fd52b2ba3f4a51194a34e10a5f5039bd05e593049.png 200 OK (44ms)
[wrangler:inf] PUT /images/ingest/external%2Fe38711452828a9664549eb3977857ff829d12e91.png 200 OK (49ms)
[wrangler:inf] PUT /images/ingest/external%2F42540b27c133b751b417f051a480f4d1f0874a7b.png 200 OK (42ms)
[wrangler:inf] PUT /images/ingest/external%2F240314aaf0723042040bf3093a8407ef57ab6295.png 200 OK (26ms)
[wrangler:inf] PUT /images/ingest/external%2Ff95c9f4fc7ebfe1ae99e672ccb5a4c902c1a5e0b.png 200 OK (39ms)
[wrangler:inf] PUT /images/ingest/external%2F7f5031db3c6e57ca5dd43c1ee3e92d314aa00e0b.png 200 OK (42ms)
[wrangler:inf] PUT /images/ingest/external%2F8f3d71b5eaa9c7591adf9f7ab4fe4e5152db98a4.png 200 OK (44ms)
[wrangler:inf] PUT /images/ingest/external%2Fb6635140d0b4843f43f723d5ec52a15cbef5529e.png 200 OK (53ms)
[wrangler:inf] PUT /images/ingest/external%2F9d3fb767551df3d31ed676915096701ebbfc5f12.png 200 OK (45ms)
[wrangler:inf] PUT /images/ingest/external%2F2cae7512ebeba3e83b204333cafac95e4be0d353.png 200 OK (32ms)
[wrangler:inf] PUT /images/ingest/external%2F61b33ba853bae0e7769d7c34f37183f6aab8b180.png 200 OK (24ms)
[wrangler:inf] PUT /images/ingest/external%2Fc561c122b1c9445ed7013f08ea5a01532d2b3d7c.png 200 OK (43ms)
[wrangler:inf] PUT /images/ingest/external%2F4a22f798154802054e9cbcb0160fdb25fc3462f4.png 200 OK (51ms)
[wrangler:inf] PUT /images/ingest/external%2F7ca8a9af0cdc9849f550a3118f27b6c81eb90ece.png 200 OK (59ms)
[wrangler:inf] PUT /images/ingest/external%2F6b0eb235cf4a646efba3ed6e3617c832cfaeda69.png 200 OK (13ms)
[wrangler:inf] PUT /images/ingest/external%2Fc7ff9e252282daf480e37ea399d46cfd94f63704.png 200 OK (13ms)
[wrangler:inf] PUT /images/ingest/external%2Fa57e9ca6fd38274c5d75f1224198330a1f345f96.png 200 OK (16ms)
[wrangler:inf] PUT /images/ingest/external%2F78ba1c6a10e18ae85975af90e28639650b2f72da.png 200 OK (27ms)
[wrangler:inf] PUT /images/ingest/external%2F8f0f064520c847091e871fff8b974bee8ffa36b8.png 200 OK (18ms)
[wrangler:inf] PUT /images/ingest/external%2Fe0d88c0d747afb96c759e9dc786a9903f7e41ab4.png 200 OK (28ms)
[wrangler:inf] PUT /images/ingest/external%2F8f2ecd060b63071d76252e259134a56691020dad.jpg 200 OK (31ms)
[wrangler:inf] PUT /images/ingest/external%2Fb4eb8af65696d22d49613145ddedfec7cc1c9c63.png 200 OK (40ms)
[wrangler:inf] PUT /images/ingest/external%2F8406afe402b8a03058eb562586377367b842b1df.png 200 OK (36ms)
[wrangler:inf] PUT /images/ingest/external%2F3960ccbd06a288a9ee06183ace9c53599d817f27.jpg 200 OK (15ms)
[wrangler:inf] PUT /images/ingest/external%2F0bb526886b95be75e0f61e34b499328194f52951.jpg 200 OK (37ms)
[wrangler:inf] PUT /images/ingest/external%2Fb5ee0be20aec21f893035d1e71efd15ee9aff2b8.jpg 200 OK (45ms)
[wrangler:inf] PUT /images/ingest/external%2Fc1034cbc617359a4853d7888676d94ebc66e5ddf.jpg 200 OK (55ms)
[wrangler:inf] PUT /images/ingest/external%2F0d64f8342f711607f4f9daa0105cc8b2b2d0c390.jpg 200 OK (66ms)
[wrangler:inf] PUT /images/ingest/external%2F62ee81f2c6801b76a677f11ade8fbd54f07bafa9.jpg 200 OK (74ms)
[wrangler:inf] PUT /images/ingest/external%2F78c12f4f47d4ed179e2ab67eb28961736437d44a.jpg 200 OK (52ms)
[wrangler:inf] PUT /images/ingest/external%2F2d25858738eeeab23c5a9115861cef24c52140e5.jpg 200 OK (49ms)
[wrangler:inf] PUT /images/ingest/external%2F085c223f3ae71f0f506af8d641a69e274eda2787.jpg 200 OK (50ms)
[wrangler:inf] PUT /images/ingest/external%2F5b906219fe598d53546c14c307746ed164b68278.jpg 200 OK (17ms)
[wrangler:inf] PUT /images/ingest/external%2F13de82ea110e60d86dde9ca33c8b25c2a4d621e0.jpg 200 OK (16ms)
[wrangler:inf] PUT /images/ingest/external%2F7be7bed02ae068d758c6b1641d21f5abf3caea85.png 200 OK (23ms)
[wrangler:inf] PUT /images/ingest/external%2F9bb649b275943a0af0dbafae48fdf5ba300cf2b0.png 200 OK (30ms)
[wrangler:inf] PUT /images/ingest/external%2F7b269c42dec0ddff8820acd5a617656118470264.png 200 OK (37ms)
[wrangler:inf] PUT /images/ingest/external%2Fef8e73370c6739d07d84b0112876096b3e69a972.png 200 OK (20ms)
[wrangler:inf] PUT /images/ingest/external%2Fe51e85fe934a688aed6480f04b7fac2b74a7d1fe.jpg 200 OK (13ms)
[wrangler:inf] PUT /images/ingest/external%2Fe8ad72c282021fcb1a88ac1e31020f43e6d0b886.jpg 200 OK (24ms)
[wrangler:inf] PUT /images/ingest/external%2Fea1d6dbe9665f39774696e5fb689493816802cf3.jpg 200 OK (29ms)
[wrangler:inf] PUT /images/ingest/external%2F8534fd62c1dc21029969cc5c1983f0ff91c2abc3.png 200 OK (22ms)
[wrangler:inf] PUT /images/ingest/external%2F9d275c296f3f8dd04f08641296a0ff89bf728f97.png 200 OK (16ms)
[wrangler:inf] PUT /images/ingest/external%2F4ed05380d7b8dc6f1b9ee6735f7b418301a8b36d.png 200 OK (15ms)
[wrangler:inf] PUT /images/ingest/external%2F4b1340fd6386805d8424e3c0a2aa01fa6dd193c6.png 200 OK (15ms)
[wrangler:inf] PUT /images/ingest/external%2F01512d7824c40f50d7a30bc27482ebbaf9f30a59.png 200 OK (14ms)
[wrangler:inf] PUT /images/ingest/external%2F3a118a5bbd416a0b405c46c483ab9092cb73a429.jpg 200 OK (14ms)
[wrangler:inf] PUT /images/ingest/external%2F174ccc35b7e59a81f1232c605c882a751d4701b0.png 200 OK (15ms)
[wrangler:inf] PUT /images/ingest/external%2F393dae06c1c7b4d43e36b2f172c6302e7782298d.png 200 OK (27ms)
[wrangler:inf] PUT /images/ingest/external%2F10011ae60147aac1bf7d2f6e6b5fb2b33da5cfb8.png 200 OK (36ms)
[wrangler:inf] PUT /images/ingest/external%2F5d618676247c06e7c501e2a88bf44538409a8106.png 200 OK (32ms)
[wrangler:inf] PUT /images/ingest/external%2F3496cb8401d3b744f276f745d2c0678298574131.png 200 OK (24ms)
[wrangler:inf] PUT /images/ingest/external%2F54d35aa36f8daf68bb97fc7eb8bbfd377bb14ec2.png 200 OK (63ms)
[wrangler:inf] PUT /images/ingest/external%2Fab0b7637d38e38cd28ff57c6b32c61be8de62b02.png 200 OK (14ms)
[wrangler:inf] PUT /images/ingest/external%2Fe580201e03cdc01dcd182cb929e0d47ca299dc7c.png 200 OK (18ms)
[wrangler:inf] PUT /images/ingest/external%2F12db41496352098b6eb0dca35558831a0c9dced7.png 200 OK (18ms)
[wrangler:inf] PUT /images/ingest/external%2F028cf6b1013dbd16b5c189ae0d4eab8fbd27b9b9.png 200 OK (29ms)
[wrangler:inf] PUT /images/ingest/external%2F684a29d6283a212e2cdc5a199d42aba2e6641388.png 200 OK (41ms)
[wrangler:inf] PUT /images/ingest/external%2F8f26f6799df7e9bb81024edbf37c05fbd79d24ca.png 200 OK (39ms)
[wrangler:inf] PUT /images/ingest/external%2Fdc88eb1b0f923b722997325b09826e73b5873264.png 200 OK (14ms)
[wrangler:inf] PUT /images/ingest/external%2F5759459d45e7514ba3b3315f9b91b356f85dd3e8.png 200 OK (17ms)
[wrangler:inf] PUT /images/ingest/external%2F65376920f4676e7bc2cb9814854441f2a1cc5351.png 200 OK (19ms)
[wrangler:inf] PUT /images/ingest/external%2F52a8bac7b6038b7d7866d2d29577e4f789cfea97.jpg 200 OK (14ms)
[wrangler:inf] PUT /images/ingest/external%2Fa80078d885ee4bd5a91b46c8db784c9be63b9eed.jpg 200 OK (22ms)
[wrangler:inf] PUT /images/ingest/external%2F639853d0e4df6919762adc7095db7a47585e7ef4.png 200 OK (36ms)
[wrangler:inf] PUT /images/ingest/external%2F4648118a5d37dd8d1bd0055439c3941b99c5fe30.jpg 200 OK (25ms)
[wrangler:inf] PUT /images/ingest/external%2F5f5a10fc1c5aa3ff5475f86d507cf1946201866a.jpg 200 OK (30ms)
[wrangler:inf] PUT /images/ingest/external%2Fbe6afdc235b71ebee7a1d27969142f71b7677d58.jpg 200 OK (33ms)
[wrangler:inf] PUT /images/ingest/external%2Fb29cce06fd0b6397e43336eab08d3c95151aa08d.jpg 200 OK (41ms)
[wrangler:inf] PUT /images/ingest/external%2Fdfcd859c28ad0ee89a675e3135a58ed5d99520c4.jpg 200 OK (44ms)
[wrangler:inf] PUT /images/ingest/external%2F331ceefce53595639dfd072bd5f81428fb0ad77c.png 200 OK (64ms)
[wrangler:inf] PUT /images/ingest/external%2F8ee69b2de5f6b09d70fefd208f43e503f8654a05.png 200 OK (43ms)
[wrangler:inf] PUT /images/ingest/external%2F28ff64261885299719d3c2628b7ca3fde890fbf0.png 200 OK (104ms)
[wrangler:inf] PUT /images/ingest/external%2F435434b11e6e6f93dc6d6a1db695dc48a6181cae.png 200 OK (29ms)
[wrangler:inf] PUT /images/ingest/external%2F48007759c217ede7d387c163cdc763e5a4976de9.png 200 OK (48ms)
[wrangler:inf] PUT /images/ingest/external%2F6d998d47ab7630a7a7cfe0a316e2d768225a49f8.png 200 OK (54ms)
[wrangler:inf] PUT /images/ingest/external%2F042729a0460fe84a0b83f3fa39f276f4617bc718.png 200 OK (70ms)
[wrangler:inf] PUT /images/ingest/external%2Fd1b9a9da8cc1427a75e3a1d7e720555a57d8fc2d.png 200 OK (41ms)
[wrangler:inf] PUT /images/ingest/external%2F6bfce30b8cad271aa5691639a66d2083d09a6abc.png 200 OK (52ms)
[wrangler:inf] PUT /images/ingest/external%2Fe6e0892f1ca2e9a71e5c9268537c9720ec52776e.png 200 OK (60ms)
[wrangler:inf] PUT /images/ingest/external%2F5651177778778086acdc5dd880072a96e286039c.jpg 200 OK (61ms)
[wrangler:inf] PUT /images/ingest/external%2F82bc8562fa987db4f1be278aad95676fe99f4b75.png 200 OK (55ms)
[wrangler:inf] PUT /images/ingest/external%2Fc274f0a42c57d8cf94c312b8c80e2f8c3f82d717.png 200 OK (95ms)
[wrangler:inf] PUT /images/ingest/external%2F591c0e6432b278a3bb7a34b9b82601f8811563b4.jpg 200 OK (51ms)
[wrangler:inf] PUT /images/ingest/external%2F1dae29cf6c2a11fc8618329bef584b3ccdd35324.jpg 200 OK (43ms)
[wrangler:inf] PUT /images/ingest/external%2Fbca291788cbcda72cb5dc996de416b11997db9ea.jpg 200 OK (27ms)
[wrangler:inf] PUT /images/ingest/external%2F80f5493c76d92173c29eafd394a0863b94d98000.png 200 OK (48ms)
[wrangler:inf] PUT /images/ingest/external%2Ffd1c90c46e84c828ff44cb3f093046c8e5c6c976.jpg 200 OK (56ms)
[wrangler:inf] PUT /images/ingest/external%2F202b46f91bba85520a48608db724a771e961b256.png 200 OK (21ms)
[wrangler:inf] PUT /images/ingest/external%2F8d9d8ce7d06cf1120cc400f6b0740a91ffff880d.png 200 OK (39ms)
[wrangler:inf] PUT /images/ingest/external%2Fec53d37d39ab6dbd76d278fbd395923ae6fc17a1.png 200 OK (33ms)
[wrangler:inf] PUT /images/ingest/external%2Fba5d266e860eaf0aa30804a13a43b6b751ea8408.jpg 200 OK (30ms)
[wrangler:inf] PUT /images/ingest/external%2F2d8b45a509c3db44e5ee5f3572796f9b7b6f9614.png 200 OK (24ms)
[wrangler:inf] PUT /images/ingest/external%2F7ced79a5f0ddd0867f0898c4b4ee954880f6d0c0.png 200 OK (31ms)
[wrangler:inf] PUT /images/ingest/external%2F0688282c9ec7ec3cecd3e8234a5e8fa903cc3b6b.png 200 OK (46ms)
[wrangler:inf] PUT /images/ingest/external%2F224e6e731a118652985a5a8b3018b18774ad2cfa.png 200 OK (37ms)
[wrangler:inf] PUT /images/ingest/external%2F2fb8ae9854b985ad137dca108b38cfd91da53d46.png 200 OK (48ms)
[wrangler:inf] PUT /images/ingest/external%2Fdcad4ef38d51c7f1bf41dcd9bffbf021f23e589b.png 200 OK (50ms)
[wrangler:inf] PUT /images/ingest/external%2Fbfff7a321f2c0813327bc6b5aacf365f563d9b75.png 200 OK (43ms)
[wrangler:inf] PUT /images/ingest/external%2Fc6ee9ac4151b32ec754f90997ac42c614d4b5695.png 200 OK (14ms)
[wrangler:inf] PUT /images/ingest/external%2F96406912a24f2f32a5d20a4592d17b48918a3348.png 200 OK (13ms)
[wrangler:inf] PUT /images/ingest/external%2F6e15b6e2f344ccf7fead8ea6e93253cb5c1284c0.png 200 OK (23ms)
[wrangler:inf] PUT /images/ingest/external%2F3521c235e11f603a8e47b30df1cd56557eac3f28.png 200 OK (28ms)
[wrangler:inf] PUT /images/ingest/external%2F61fd388caf6157ef837b85663f320181f2e4bc18.png 200 OK (24ms)
[wrangler:inf] PUT /images/ingest/external%2Fe7fb25c8718ac3b9bdc79d0e6353847c3faa71d1.png 200 OK (28ms)
[wrangler:inf] PUT /images/ingest/external%2F7cf041d65d1b93521d1863b92100241ee75ae7af.png 200 OK (28ms)
[wrangler:inf] PUT /images/ingest/external%2Fa3c34485f2dae83af77558c65b128e9298655009.png 200 OK (41ms)
[wrangler:inf] PUT /images/ingest/external%2F53090d18d5c1df4af87875765c6e03a563235ad5.png 200 OK (55ms)
[wrangler:inf] PUT /images/ingest/external%2F36e18a4360497dfd3df39a3f0b807a2614b9cc8e.png 200 OK (60ms)
[wrangler:inf] PUT /images/ingest/external%2F55839dcb88d0a95d3fc3435412be0b527062f1e5.png 200 OK (30ms)
[wrangler:inf] PUT /images/ingest/external%2Fb738cef4efcfb15d3f9780021031251bf33823f8.png 200 OK (65ms)
[wrangler:inf] PUT /images/ingest/external%2F519b15ce4e29de461829313b5f49d8eefc5284b5.png 200 OK (29ms)
[wrangler:inf] PUT /images/ingest/external%2Fee1d6f0070113b24cd6c77c3e29658c8e50b16b3.png 200 OK (64ms)
[wrangler:inf] PUT /images/ingest/external%2F0b9f0a9bd48c86b7eaf9a72e9e5ad4cc9f4c8751.png 200 OK (23ms)
[wrangler:inf] PUT /images/ingest/external%2Fcb44d07fb9a32888f02cd1b05590c68645c12d38.png 200 OK (35ms)
[wrangler:inf] PUT /images/ingest/external%2F1c29bdffbec37d6a2db7e4fb8f63368ce8f9762e.png 200 OK (29ms)
[wrangler:inf] PUT /images/ingest/external%2F70cf3d9b239c9412537cb470dddec2456c91a0a8.png 200 OK (22ms)
[wrangler:inf] PUT /images/ingest/external%2F42f2c419888abf00cc8ce997ef78902406e77ed6.png 200 OK (30ms)
[wrangler:inf] PUT /images/ingest/external%2Fcb1ddd43b7911f6451945830b3814d4c78e63cea.png 200 OK (59ms)
[wrangler:inf] PUT /images/ingest/external%2F1a02f1c4a82217afc5d8da891e1f4b2e0d69ba95.png 200 OK (19ms)
[wrangler:inf] PUT /images/ingest/external%2F0461a4badc75bee958cfbeb7092f4978bacc4ace.png 200 OK (25ms)
[wrangler:inf] PUT /images/ingest/external%2Fc329d1a5114d614d15d0d39296d1d9334527f51b.png 200 OK (34ms)
[wrangler:inf] PUT /images/ingest/external%2F7f71eba69f83b2273c1557c4f86ba9c4ee6fcac6.png 200 OK (18ms)
[wrangler:inf] PUT /images/ingest/external%2Fabdcfeb60e25e6fc3b91af9ef50c371623eb1ed9.png 200 OK (31ms)
[wrangler:inf] PUT /images/ingest/external%2F5e452c79e1da3e28248d177350fa2ccad42b530d.png 200 OK (43ms)
[wrangler:inf] PUT /images/ingest/external%2Fc1eb605177f78bdd4b241ce06cd076d101309e9d.png 200 OK (34ms)
[wrangler:inf] PUT /images/ingest/external%2F82ef7e175caa3a9857e186354e1e137a4e22d683.png 200 OK (32ms)
[wrangler:inf] PUT /images/ingest/external%2F41740f5de1fb26103cd7f0bd1fd36cbfb6622d2a.png 200 OK (47ms)
[wrangler:inf] PUT /images/ingest/external%2F470a688374b5ef94c3f4b337fefbd3e597eaa261.png 200 OK (40ms)
[wrangler:inf] PUT /images/ingest/external%2Ff2980fdc2412bd450625cfe5ace8fc0db291a4c9.png 200 OK (22ms)
[wrangler:inf] PUT /images/ingest/external%2F18d13c5ac73e5344c7daf2958ac639f8519d2e54.png 200 OK (13ms)
[wrangler:inf] PUT /images/ingest/external%2F1f3d84b71f626ef9a2918e6ed87a44344739ebd6.png 200 OK (27ms)
[wrangler:inf] PUT /images/ingest/external%2F34acf49db6f2313a64d631f683e7653df06e422a.png 200 OK (39ms)
[wrangler:inf] PUT /images/ingest/external%2F3ec55154b4874a9734ce224705b136cdd5657e12.png 200 OK (51ms)
[wrangler:inf] PUT /images/ingest/external%2F7c48aa0f4ccd68c67398fe5eca7f70a7286622c0.png 200 OK (44ms)
[wrangler:inf] PUT /images/ingest/external%2F36d75e9b27567932bd1dc7cb709a089ea545fe93.png 200 OK (58ms)
[wrangler:inf] PUT /images/ingest/external%2Fa26c23dd792c6c189a22fa4260552956068c2911.png 200 OK (63ms)
[wrangler:inf] PUT /images/ingest/external%2F4db8f4aa5529d3a4a018e99e620f7424c099de24.png 200 OK (65ms)
[wrangler:inf] PUT /images/ingest/external%2F7078d157a959843e76194d78cb4296ee2aa2f7a2.png 200 OK (46ms)
[wrangler:inf] PUT /images/ingest/external%2Fa2654aa832b185464469686491ef983cb5caec7a.png 200 OK (34ms)
[wrangler:inf] PUT /images/ingest/external%2Fe8dd29d7fda949f3960827b30cab2246df30ea3d.png 200 OK (38ms)
[wrangler:inf] PUT /images/ingest/external%2Fbfee341640fb3e5f1585ab5783b0623e74a6ad6c.png 200 OK (150ms)
[wrangler:inf] PUT /images/ingest/external%2F3762a2a47ddb85c669f4225e30f9a3e7ed029481.png 200 OK (16ms)
[wrangler:inf] PUT /images/ingest/external%2F81a0276eadbb1e8e2296fc3fc33b130fc58677c5.png 200 OK (30ms)
[wrangler:inf] PUT /images/ingest/external%2F6b9c5c7a5aac257d4266ad6919dc23c62de2311f.png 200 OK (39ms)
[wrangler:inf] PUT /images/ingest/external%2F6206f5050a88f78380b5d41ab68caaf3da1e41c3.png 200 OK (44ms)
[wrangler:inf] PUT /images/ingest/external%2F2d34caa5382fc00331ea815b7fa156f55067ebb3.png 200 OK (49ms)
[wrangler:inf] PUT /images/ingest/external%2Feee750f3cbdb0c98911dab86bd5cce6d4f0da41c.png 200 OK (14ms)
[wrangler:inf] PUT /images/ingest/external%2F3c8689bf7543f04f66dd4b76442023c1353f861d.png 200 OK (15ms)
[wrangler:inf] PUT /images/ingest/external%2F1f6e6a6e592b2720ec06062e9f56975ef443bc1b.png 200 OK (14ms)
[wrangler:inf] PUT /images/ingest/external%2F0ea5d95470667e5702f1e12cbd20b6745c1cac34.png 200 OK (13ms)
[wrangler:inf] PUT /images/ingest/external%2F9f744ce3a181ea62f74cd6ec2c1123b5657b470a.png 200 OK (22ms)
[wrangler:inf] PUT /images/ingest/external%2F0d746da9f433df6e41300f9a1001e7453333780b.png 200 OK (14ms)
[wrangler:inf] PUT /images/ingest/external%2Fb825996a6a422c0fda2f395f5428d035e3d03409.png 200 OK (20ms)
[wrangler:inf] PUT /images/ingest/external%2Ff9790f3e21e9f8096f5b8710f69dc2eb0d61ca60.png 200 OK (25ms)
[wrangler:inf] PUT /images/ingest/external%2F5114f6077dc3a12971212f9e8ea3aa1f741df57f.png 200 OK (31ms)
[wrangler:inf] PUT /images/ingest/external%2Fe19b1b43be9ae3e697b84af8195be8dd6e73205d.png 200 OK (29ms)
[wrangler:inf] PUT /images/ingest/external%2F9ec7f49d2333b95a55c3e84196d1e64089841d76.png 200 OK (66ms)
[wrangler:inf] PUT /images/ingest/external%2F0ab9cf6b6440549e731744dc4aae6d4749e4dc32.png 200 OK (73ms)
[wrangler:inf] PUT /images/ingest/external%2F7a00d538b14bfd703d1410dceac37159a1abf97d.png 200 OK (44ms)
[wrangler:inf] PUT /images/ingest/external%2F5ac0a001044cd3dcf83b0649c7da3183ebcc5365.png 200 OK (60ms)
[wrangler:inf] PUT /images/ingest/external%2F7649499b9644e5aa3b94b5951cf55267410e1864.png 200 OK (43ms)
[wrangler:inf] PUT /images/ingest/external%2Fa6db19fa0c9835d7518bee138606b64a7dd83d47.png 200 OK (16ms)
[wrangler:inf] PUT /images/ingest/external%2F94c47d10ff81199baeb36a67d7128477b84150a8.png 200 OK (12ms)
[wrangler:inf] PUT /images/ingest/external%2F9eb9ce6e5ee5d0c642e6c9b501493523263b2fbc.png 200 OK (22ms)
[wrangler:inf] PUT /images/ingest/external%2Fe6724926b0bbadef249cce0d51adb3c8b11b6b22.png 200 OK (32ms)
[wrangler:inf] PUT /images/ingest/external%2F241ff190fcbf1a2a86a9d6f4358979b4b4a05fc7.png 200 OK (34ms)
[wrangler:inf] PUT /images/ingest/external%2F5dd3d9df2fe3ff9395ec856925c116da3767462b.png 200 OK (28ms)
[wrangler:inf] PUT /images/ingest/external%2Fc75797037058e3578caa271fecec46b9a8dfc57f.png 200 OK (43ms)
[wrangler:inf] PUT /images/ingest/external%2F6f1b3caa5b9dd667f142ee6fd766230a0bb7147b.png 200 OK (63ms)
[wrangler:inf] PUT /images/ingest/external%2F0f3e0beeb64259f0ea1892b2387b0839e078e830.jpg 200 OK (68ms)
[wrangler:inf] PUT /images/ingest/external%2F8dd13938bb4f8defa8d800ad264357871b6342b2.jpg 200 OK (35ms)
[wrangler:inf] PUT /images/ingest/external%2F8527c7faf26d5fff8758c99c9806cdd494de18d0.jpg 200 OK (48ms)
[wrangler:inf] PUT /images/ingest/external%2Fb9e392f5b6b9a85d8d591f3e389df4fd751cf6cf.png 200 OK (42ms)
[wrangler:inf] PUT /images/ingest/external%2Ffe39f8f15c54b2a236d34d831330c89935d2d8b6.png 200 OK (74ms)
[wrangler:inf] PUT /images/ingest/external%2F5d9d81d2a1549776c69e8ba5be1b52c0c6c6ac03.png 200 OK (83ms)
[wrangler:inf] PUT /images/ingest/external%2F655e43ac0d8ab3ae15542c0d8d14ca945a21a452.png 200 OK (89ms)
[wrangler:inf] PUT /images/ingest/external%2Fa054df065fad442a51244d0cbf5fa6467494c259.png 200 OK (35ms)
[wrangler:inf] PUT /images/ingest/external%2F09af49934ba0da1d29b4d31f7e6654343ca22b8a.png 200 OK (137ms)
[wrangler:inf] PUT /images/ingest/external%2F01909d0651bd9510ab455f46ed1eaf33b07ca294.png 200 OK (33ms)
[wrangler:inf] PUT /images/ingest/external%2F0505a3bfb36c3bd0e64151bf6cf47a7a65df9b6a.png 200 OK (42ms)
[wrangler:inf] PUT /images/ingest/external%2Fca7e69b6f38b9463f2b41f4340c270c63991d5ed.png 200 OK (51ms)
[wrangler:inf] PUT /images/ingest/external%2F462f1df6e27d2117007347178e463368234cbe26.png 200 OK (59ms)
[wrangler:inf] PUT /images/ingest/external%2F163d43455fc4d4a905135442a2c2e0bf06da9737.png 200 OK (70ms)
[wrangler:inf] PUT /images/ingest/external%2F41589ac6ef56e50e1c6572f90596e5eef8d107e7.png 200 OK (86ms)
[wrangler:inf] PUT /images/ingest/external%2Ff758b447c5a5c5f6ecfee2d1051d41ee0a20a003.png 200 OK (91ms)
[wrangler:inf] PUT /images/ingest/external%2F330517f751194f2f75fc12680eb731b644fab8e8.png 200 OK (81ms)
[wrangler:inf] PUT /images/ingest/external%2F7e9fc6d2c8ca6b1d9e65d4fa694658600acc9dfa.png 200 OK (93ms)
[wrangler:inf] PUT /images/ingest/external%2Fe4617982c85cdb5e12f1e0d9267e65458702e36c.jpg 200 OK (25ms)
[wrangler:inf] PUT /images/ingest/external%2F6567f6a2cfcd9ac3bdd4830ddde77c81fdc38415.png 200 OK (23ms)
[wrangler:inf] PUT /images/ingest/external%2F3b7260e99f385e5a491eea92554aab37c582ee6a.png 200 OK (33ms)
[wrangler:inf] PUT /images/ingest/external%2Ff55d01fa669b33adf41f04cd0e9398c458265dd7.jpg 200 OK (38ms)
[wrangler:inf] PUT /images/ingest/external%2F496ca117459b7873ea9afe718105a6a4686937c1.png 200 OK (43ms)
[wrangler:inf] PUT /images/ingest/external%2Fbe874ea84c1bccbba55af98b1b161723e4008e0c.png 200 OK (14ms)
[wrangler:inf] PUT /images/ingest/external%2Fd3d6fa770b2628af8057b5816854c55009874ffc.png 200 OK (14ms)
[wrangler:inf] PUT /images/ingest/external%2Fd3dfe95f073e9de1b8916d42cef811c1d48c63e0.png 200 OK (26ms)
[wrangler:inf] PUT /images/ingest/external%2Fb39c2dc44efb8fa2c30c3f81791effc944140a95.png 200 OK (31ms)
[wrangler:inf] PUT /images/ingest/external%2Ff12f6d5152ee80f163a7b3fac3d1010f71d786b7.png 200 OK (41ms)
[wrangler:inf] PUT /images/ingest/external%2Fb37122dadc84fda6ba54f519a2efcd4ced8b758b.png 200 OK (33ms)
[wrangler:inf] PUT /images/ingest/external%2Fef870bc2b902caaf5eb074e23efb8e99d3fbfa3f.png 200 OK (57ms)
[wrangler:inf] PUT /images/ingest/external%2F28331b9cbd42233e09660f3cfc8aa837f3b2fee7.png 200 OK (59ms)
[wrangler:inf] PUT /images/ingest/external%2F4155eb62165df00293bf8595cc41be61723fe348.png 200 OK (25ms)
[wrangler:inf] PUT /images/ingest/external%2F759f0a073b0b8df308c8cc3015c787c9e6e01f6e.png 200 OK (79ms)
[wrangler:inf] PUT /images/ingest/external%2F0f9d9134323ab356829295448f82eac0a79446b2.png 200 OK (18ms)
[wrangler:inf] PUT /images/ingest/external%2F1f6640e1749704485984460c8ed7404185364f6d.jpg 200 OK (13ms)
[wrangler:inf] PUT /images/ingest/external%2F15c0edf98606bcc2e259c5a2c78efb28e719e7ed.jpg 200 OK (13ms)
[wrangler:inf] PUT /images/ingest/external%2F7a7c6f1092d18d2dca90a2ac140e93323cb9b872.png 200 OK (17ms)
[wrangler:inf] PUT /images/ingest/external%2F8b40a077cc30f74e51676439c9e30cd243284e35.jpg 200 OK (21ms)
[wrangler:inf] PUT /images/ingest/external%2F2b7948d62762bf18b71c8c789ad1dec029e49b93.png 200 OK (38ms)
[wrangler:inf] PUT /images/ingest/external%2F8ef59da65b102bb4cac6e96c925989991f5b6acd.jpg 200 OK (15ms)
[wrangler:inf] PUT /images/ingest/external%2F9eb9d8f7592c1efce52778a05270ae53b3f4704f.jpg 200 OK (15ms)
[wrangler:inf] PUT /images/ingest/external%2Fae4c7234915c292b0ce2d79921db0a8ea2e48978.png 200 OK (19ms)
[wrangler:inf] PUT /images/ingest/external%2F4569d997389097711c17d85ca67b6a182b4d5d5a.png 200 OK (26ms)
[wrangler:inf] PUT /images/ingest/external%2F97ef040e1a731e986ec32c9217db73022f4d95d2.png 200 OK (35ms)
[wrangler:inf] PUT /images/ingest/external%2F0e80431f503d9794715f237280ed7296f1e85c1d.png 200 OK (44ms)
[wrangler:inf] PUT /images/ingest/external%2Fb94390985f2157a519e374682a895cf52811f6a8.png 200 OK (43ms)
[wrangler:inf] PUT /images/ingest/external%2Fc5b96fd999d571e36cbb8c2662e9a5ddfcd85463.png 200 OK (28ms)
[wrangler:inf] PUT /images/ingest/external%2F158dbdeb48469800ba654e4a50fe77e68cc2620a.png 200 OK (29ms)
[wrangler:inf] PUT /images/ingest/external%2F6926a21a36ae8ca07ebede509fc567abd62665b0.png 200 OK (13ms)
[wrangler:inf] PUT /images/ingest/external%2F6ae07fb7bf74f1826017b489cbdf16185509db60.png 200 OK (13ms)
[wrangler:inf] PUT /images/ingest/external%2F32721c8dadfe1dda006005b3fc24e0bbf03deb36.png 200 OK (14ms)
[wrangler:inf] PUT /images/ingest/external%2F5f3d240de951f9af4bc3b7347c82b1559c6a5e58.png 200 OK (31ms)
[wrangler:inf] PUT /images/ingest/external%2Fae4d75ffcda0a5cc78ac9337c03a66030a56fd74.png 200 OK (44ms)
[wrangler:inf] PUT /images/ingest/external%2F034fa5f129c98bad7c4545b3b23a3ba27b40a21d.png 200 OK (52ms)
[wrangler:inf] PUT /images/ingest/external%2F52a1ef737f4096e2e8bcf0ebe9d84581ffbb6f73.png 200 OK (48ms)
[wrangler:inf] PUT /images/ingest/external%2Fc424ca88a53a0fd526a3374d90f5dc31181ee0ef.png 200 OK (50ms)
[wrangler:inf] PUT /images/ingest/external%2F9b992dc72d87328e4d258831155864222bafb64a.png 200 OK (60ms)
[wrangler:inf] PUT /images/ingest/external%2F7bdbd7964762a76a4a64ee78ea7d5c7d33a27d50.png 200 OK (66ms)
[wrangler:inf] PUT /images/ingest/external%2Fef76a43c948ee9799805ea287d7e328848187dc5.png 200 OK (31ms)
[wrangler:inf] PUT /images/ingest/external%2F0a6fedf5c1f25fd09c9453952eddf37549e07de0.png 200 OK (28ms)
[wrangler:inf] PUT /images/ingest/external%2F425815117c2dcfa722cf75ad60f0360b0267e4e7.png 200 OK (48ms)
[wrangler:inf] PUT /images/ingest/external%2Fd1be8188a8f61675ef9b2039be7f07a76c1e1232.png 200 OK (39ms)
[wrangler:inf] PUT /images/ingest/external%2Fb883d36e491e0ca4229b3387131215f46da9492d.png 200 OK (58ms)
[wrangler:inf] PUT /images/ingest/external%2Fd97f86a2ebcd2e2415f6223720c05358ad8edbb4.png 200 OK (43ms)
[wrangler:inf] PUT /images/ingest/external%2F00fa04d95275738d24e611625acd23553b8df1eb.png 200 OK (47ms)
[wrangler:inf] PUT /images/ingest/external%2Fbca894245a26655edb7717b1a94d83fe86d66dd5.png 200 OK (32ms)
[wrangler:inf] PUT /images/ingest/external%2Fb96b3d9341a04f3616f7ba3fe3c5e82dea60ce9c.png 200 OK (32ms)
[wrangler:inf] PUT /images/ingest/external%2Fa0bd794232e54c947d3661510c25d35429ba8f16.png 200 OK (31ms)
[wrangler:inf] PUT /images/ingest/external%2F60b0984e295eba92f07a5d3b7f736fa8b1c9aca5.png 200 OK (28ms)
[wrangler:inf] PUT /images/ingest/external%2Ff67dcc7a4b1ea468bfc11541f341b61c4bfe9029.png 200 OK (14ms)
[wrangler:inf] PUT /images/ingest/external%2Fac0706055f38bece8891054fbf6326147feef19b.png 200 OK (13ms)
[wrangler:inf] PUT /images/ingest/external%2F9c4d790d0c1eaa9f94d970b430ed7b3f2fd79584.png 200 OK (14ms)
[wrangler:inf] PUT /images/ingest/external%2F70b23fd36e8e9ae20a4aaf3c8764e453b351d241.png 200 OK (16ms)
[wrangler:inf] PUT /images/ingest/external%2F524f59be9ba26b031e7c638b9f6b5f2d4479ec20.png 200 OK (26ms)
[wrangler:inf] PUT /images/ingest/external%2F14931b298fb7f53ec848860bd83f6c74f9fb8798.png 200 OK (37ms)
[wrangler:inf] PUT /images/ingest/external%2F67caa1353b6b2513f958a4c053649ece7731e649.png 200 OK (14ms)
[wrangler:inf] PUT /images/ingest/external%2Fac1bed2e84b5c76ad1d1f29996e0c000e31a2f85.png 200 OK (15ms)
[wrangler:inf] PUT /images/ingest/external%2Fdf5503f31899d02c61a98b4c8b68b0a426d16b0d.png 200 OK (24ms)
[wrangler:inf] PUT /images/ingest/external%2F0e3a30cb64b340379b274b5cdba61fb1f7cd48c8.png 200 OK (30ms)
[wrangler:inf] PUT /images/ingest/external%2Fa6ed7cb00ed804dfb54f0821feb7eeb0b6dd92cc.png 200 OK (32ms)
[wrangler:inf] PUT /images/ingest/external%2F158044e32464c6b6cac35f943c725543d0551852.png 200 OK (40ms)
[wrangler:inf] PUT /images/ingest/external%2Fde2fc082cd952a231734f4f202f2806ee06c2b84.png 200 OK (13ms)
[wrangler:inf] PUT /images/ingest/external%2F37e4e255a5723f6a00a09add85116a930f894ed6.png 200 OK (13ms)
[wrangler:inf] PUT /images/ingest/external%2F935952f8511e7db05c712fa6ee56bab967d5b227.jpg 200 OK (14ms)
[wrangler:inf] PUT /images/ingest/external%2Ffe5a4d2a3d0c80d9b586c1c4971e1a989df41914.jpg 200 OK (19ms)
[wrangler:inf] PUT /images/ingest/external%2F93a4647dc07c427b45689d58b8392da9b9e89f34.jpg 200 OK (14ms)
[wrangler:inf] PUT /images/ingest/external%2F1b406e7896b146e2242343e6f600a14e6e87694a.jpg 200 OK (13ms)
[wrangler:inf] PUT /images/ingest/external%2Fe7c3a739a432393ead459cbd58c3577d829b3e82.jpg 200 OK (15ms)
[wrangler:inf] PUT /images/ingest/external%2F5a42b2c47709077d5d60bb67d3d801ceac423d7c.png 200 OK (26ms)
[wrangler:inf] PUT /images/ingest/external%2F957495fe5ef6effed9fc1a0a0cc783a7e62a02b6.jpg 200 OK (36ms)
[wrangler:inf] PUT /images/ingest/external%2F541f8640107b5367c4ef5296c5e709c1582a3f31.png 200 OK (26ms)
[wrangler:inf] PUT /images/ingest/external%2Fc18e8bda7c0d1dfc7512edee1e92ff3a52598881.png 200 OK (41ms)
[wrangler:inf] PUT /images/ingest/external%2Fa3e7624846b3eab0e9667dbb641dc3a5e3677979.png 200 OK (17ms)
[wrangler:inf] PUT /images/ingest/external%2F045347cfcde5c8f5c5ff606caa8fdf91e08e8715.png 200 OK (14ms)
[wrangler:inf] PUT /images/ingest/external%2F48d7edc2afbeffafdf71cb8f8c2125442819efdb.jpg 200 OK (29ms)
[wrangler:inf] PUT /images/ingest/external%2Fc9219e354cb53440ee61abdc9920859786478ba1.jpg 200 OK (36ms)
[wrangler:inf] PUT /images/ingest/external%2Fa88098af03c87f758eb1e843bc2891499e729ea8.png 200 OK (44ms)
[wrangler:inf] PUT /images/ingest/external%2F0754a886d7f4fa8517cc2bb16575d063c0194fca.png 200 OK (13ms)
[wrangler:inf] PUT /images/ingest/external%2Fd55fadd8a22738f80769a8c44d3e286c262b4040.jpg 200 OK (13ms)
[wrangler:inf] PUT /images/ingest/external%2Fd0be210c637d6878bca6afd25c51659efad99e6f.png 200 OK (21ms)
[wrangler:inf] PUT /images/ingest/external%2F52deeb9d25c624175e1256caa398133540bbecf4.jpg 200 OK (20ms)
[wrangler:inf] PUT /images/ingest/external%2F1e9490d48f2b5bc047f64635ee9b3cdfe47db461.jpg 200 OK (30ms)
[wrangler:inf] PUT /images/ingest/external%2Fc11dc8d830dcdaa13591e114278d3e522a82d3c9.jpg 200 OK (44ms)
[wrangler:inf] PUT /images/ingest/external%2F1477410322f5700c0be86ca7288d6e54a4624e90.jpg 200 OK (16ms)
[wrangler:inf] PUT /images/ingest/external%2F474ac4968e32494bcc77272b451078316ed7ba6d.jpg 200 OK (17ms)
[wrangler:inf] PUT /images/ingest/external%2Fbe4f0dd0cf2223f01012d8131078e75f423a60df.jpg 200 OK (17ms)
[wrangler:inf] PUT /images/ingest/external%2Ff5eb6561a63ac68ce9795e314914b161e582e5e5.jpg 200 OK (13ms)
[wrangler:inf] PUT /images/ingest/external%2F5b05d7001690c35f7468db3d296fb9ceec5c212f.jpg 200 OK (14ms)
[wrangler:inf] PUT /images/ingest/external%2Fba58352d13b59e4069b2c9226dd4a138922bb323.png 200 OK (12ms)
[wrangler:inf] PUT /images/ingest/external%2Ff4309ab4a74dd1579852f32b18f743cbe7f1f80f.jpg 200 OK (12ms)
[wrangler:inf] PUT /images/ingest/external%2Fc124fde3557771651b79f38b09f24897c1f906bd.png 200 OK (19ms)
[wrangler:inf] PUT /images/ingest/external%2F33592f44e86f0d3676edf3eaba07d143822797b7.png 200 OK (35ms)
[wrangler:inf] PUT /images/ingest/external%2Fdb0dc48b00fae9ba07263c5ab9dbb1261a69fa83.jpg 200 OK (44ms)
[wrangler:inf] PUT /images/ingest/external%2Fd0ad4540c378426d20a8bcb97514e9e2ef6c9582.png 200 OK (53ms)
[wrangler:inf] PUT /images/ingest/external%2F9c2391161959e7780d45c4cbda0baed4da505104.png 200 OK (61ms)
[wrangler:inf] PUT /images/ingest/external%2F9d75dea206028281de7f56fc84b21b0fe5f07ed7.png 200 OK (62ms)
[wrangler:inf] PUT /images/ingest/external%2Fb0582fcafcfedf0ae7c42ebf4011cf48cf48fc32.jpg 200 OK (51ms)
[wrangler:inf] PUT /images/ingest/external%2Febf68c0cf0925d10c88139a402dacbfd853f1494.jpg 200 OK (58ms)
[wrangler:inf] PUT /images/ingest/external%2F5b0806439851b4ff058b68069cbce4ec06f84157.jpg 200 OK (60ms)
[wrangler:inf] PUT /images/ingest/external%2F47b1b7c6b9882f694970f8f0bfe4ce6bb37c33a9.png 200 OK (19ms)
[wrangler:inf] PUT /images/ingest/external%2F5924d8bccab623e61284731cc142b88dd219c8ff.png 200 OK (91ms)
[wrangler:inf] PUT /images/ingest/external%2Fd62a937e561e5634b99c03dffa512f09ba7fc76d.png 200 OK (13ms)
[wrangler:inf] PUT /images/ingest/external%2F2d25eac02c20d089f7e0a0059f525565091de23c.png 200 OK (14ms)
[wrangler:inf] PUT /images/ingest/external%2Fab64c3b3329fc60e96228fb0c64183033d289661.jpg 200 OK (16ms)
[wrangler:inf] PUT /images/ingest/external%2F98e95f25d56516335295d065601512224ea637b5.png 200 OK (19ms)
[wrangler:inf] PUT /images/ingest/external%2Fb5860d25cf302c3ae837fbf31d08dd07a8b798a9.png 200 OK (21ms)
[wrangler:inf] PUT /images/ingest/external%2F1213f071af2a75a481b9cf8c00441720acc7b926.png 200 OK (17ms)
[wrangler:inf] PUT /images/ingest/external%2Fa1e2b9296760458a7cdafbe623c14007ab57ef34.png 200 OK (19ms)
[wrangler:inf] PUT /images/ingest/external%2F8ad4c95fc2df2dbfc3457a04552ad8b00d1c0405.jpg 200 OK (40ms)
[wrangler:inf] PUT /images/ingest/external%2F53bc864d922dd67b642a60167bab4dbd5a002665.png 200 OK (48ms)
[wrangler:inf] PUT /images/ingest/external%2Fe65f5eb5d010d08d3f34977adb5681430fc5101a.jpg 200 OK (57ms)
[wrangler:inf] PUT /images/ingest/external%2F503ed65fede5ef8574a513e893f9e75f1aabf294.png 200 OK (61ms)
[wrangler:inf] PUT /images/ingest/external%2F84c9782affff9d1285c80c9b2a8598f3708f6426.png 200 OK (61ms)
[wrangler:inf] PUT /images/ingest/external%2Fb92381e61b9672fc1f18717988e2b3d9a89dbb22.jpg 200 OK (40ms)
[wrangler:inf] PUT /images/ingest/external%2Fa82301fa0ae6b31077e51bf4fd26be10cbdf4749.png 200 OK (44ms)
[wrangler:inf] PUT /images/ingest/external%2Ffd277e5b87cf719fcd301ee5c28c57317b930c8d.png 200 OK (30ms)
[wrangler:inf] PUT /images/ingest/external%2F8c3d38247b1b4777a393c3e826f71b73e4ee9e4a.png 200 OK (143ms)
[wrangler:inf] PUT /images/ingest/external%2F00cefe24ae9fbd821ab3fc94fe3edfab923402b0.png 200 OK (114ms)
[wrangler:inf] PUT /images/ingest/external%2F13e8656af6111eca12f708876bc3329cb4bcb4a4.png 200 OK (20ms)
[wrangler:inf] PUT /images/ingest/external%2Fa3c4e7baa6154a3dbfcc1088e1c4496c2bca6fd2.jpg 200 OK (23ms)
[wrangler:inf] PUT /images/ingest/external%2Fc52107a45856fae01d530966fa01181b0a878b47.png 200 OK (28ms)
[wrangler:inf] PUT /images/ingest/external%2Fcc6ff65726bb9b505222e773310ecc9afb4c4a93.png 200 OK (12ms)
[wrangler:inf] PUT /images/ingest/external%2Ff5a82f69ff1af4be1d0d71a9c3d840a45803b5d9.png 200 OK (15ms)
[wrangler:inf] PUT /images/ingest/external%2F3071dbf9fb217f54149ba04b0da9f38b2a8b6744.png 200 OK (32ms)
[wrangler:inf] PUT /images/ingest/external%2Fe1f482e623f26bb6a92ddbcc16054f29805dd727.png 200 OK (41ms)
[wrangler:inf] PUT /images/ingest/external%2F78ca4c8641fc6ed7a6e01420e149eb84e1da36ad.png 200 OK (45ms)
[wrangler:inf] PUT /images/ingest/external%2F31cc587e7d5831b9998226a1c864636a6a8650d3.png 200 OK (47ms)
[wrangler:inf] PUT /images/ingest/external%2Fd34aa2c9234485d869087c91ae7ee5c32b786eea.png 200 OK (21ms)
[wrangler:inf] PUT /images/ingest/external%2F65c13b5a9b6d10b193a39cefc3541fe286e6f3d7.png 200 OK (33ms)
[wrangler:inf] PUT /images/ingest/external%2F5a22790da698fffde801f67bf91b194fe7be22f7.png 200 OK (43ms)
[wrangler:inf] PUT /images/ingest/external%2Fb8373c12e0a65705683b8248623c0c87b5df2f75.png 200 OK (43ms)
[wrangler:inf] PUT /images/ingest/external%2F63a871e41705d99cedb32f0cad14da570ee2dd7b.png 200 OK (21ms)
[wrangler:inf] PUT /images/ingest/external%2F7b66de111184987e8f234527e2d3aba4d6548c9c.png 200 OK (32ms)
[wrangler:inf] PUT /images/ingest/external%2F89c95672a69f4b6b242fe7c6490786a1a5110e14.png 200 OK (22ms)
[wrangler:inf] PUT /images/ingest/external%2Fc488c4084656c7be0eee9fce5a828254dfd6197f.png 200 OK (56ms)
[wrangler:inf] PUT /images/ingest/external%2F430f22d6cadf1438c43e6ca2d01fbdedeba0e730.png 200 OK (39ms)
[wrangler:inf] PUT /images/ingest/external%2F6c7db64f9cf1d3789c3b87e3c325d9fbc081695c.png 200 OK (60ms)
[wrangler:inf] PUT /images/ingest/external%2F53e44299562b5da73f534941b2e98958bf220a84.png 200 OK (51ms)
[wrangler:inf] PUT /images/ingest/external%2F4927008a278ea9478a2219b4e1a561d2aacf38de.png 200 OK (46ms)
[wrangler:inf] PUT /images/ingest/external%2F895e89dead9855c134f38fed3ea718097aacf389.jpg 200 OK (48ms)
[wrangler:inf] PUT /images/ingest/external%2Fea0b9bfcecd3f6b33a1cba0e05bd7d46c9bb02d5.jpg 200 OK (54ms)
[wrangler:inf] PUT /images/ingest/external%2F350ccc20102e859fafeddf030a9d816a8ae722e1.jpg 200 OK (49ms)
[wrangler:inf] PUT /images/ingest/external%2F1586600cb7ff64cd9e0820a9d00972270dab6b02.jpg 200 OK (75ms)
[wrangler:inf] PUT /images/ingest/external%2Fcf867b4a4ebc2805df2fc199107e610889927829.png 200 OK (75ms)
[wrangler:inf] PUT /images/ingest/external%2Ffd22cdaf3c85896716ca7307b46e84e0fe32bd05.png 200 OK (82ms)
[wrangler:inf] PUT /images/ingest/external%2F8ca5d813191348f2237767993b28b4d82d6917de.png 200 OK (38ms)
[wrangler:inf] PUT /images/ingest/external%2Fdd51e700825adb47d705beb05642af58e0655464.png 200 OK (48ms)
[wrangler:inf] PUT /images/ingest/external%2F3a2dc8dc594be5ba10194b4e2d95dab64b1d1cb0.png 200 OK (115ms)
[wrangler:inf] PUT /images/ingest/external%2F283514c3f9bfbd0f3b118e81d9fd1872d3d978b3.png 200 OK (159ms)
[wrangler:inf] PUT /images/ingest/external%2F671384de29705df7eeae02d526077ef3a48af6e3.png 200 OK (58ms)
[wrangler:inf] PUT /images/ingest/external%2Ff63b23552277b40a007b9d5b43efe110432c16dc.png 200 OK (70ms)
[wrangler:inf] PUT /images/ingest/external%2F2ceda3037e70ffabd5da30d562477a19ae5f1615.png 200 OK (71ms)
[wrangler:inf] PUT /images/ingest/external%2Fcda92901152128fdec4c9c94d21b82af528a7471.png 200 OK (62ms)
[wrangler:inf] PUT /images/ingest/external%2F85e001a6079ed10088b3fe4959e42171d3c8bfaf.png 200 OK (55ms)
[wrangler:inf] PUT /images/ingest/external%2Fb4420c23ce63e59ed199165083636c8b1ad86a61.png 200 OK (80ms)
[wrangler:inf] PUT /images/ingest/external%2F8d829626f74b75180906776332c52c67a1506701.png 200 OK (20ms)
[wrangler:inf] PUT /images/ingest/external%2F5d95a2d893729a58981ddf88c8f544f52e4f96a8.png 200 OK (42ms)
[wrangler:inf] PUT /images/ingest/external%2Fbd69924926c525569f22eed9584f109f95538e45.png 200 OK (53ms)
[wrangler:inf] PUT /images/ingest/external%2F5bd0cc33e0cb95960b6b052b3b8bff0f5b2d2bf2.png 200 OK (38ms)
[wrangler:inf] PUT /images/ingest/external%2Fb18747dd28563f5846789d6d560283b17ed43f13.png 200 OK (51ms)
[wrangler:inf] PUT /images/ingest/external%2F63f4b5e9a3edff7391a1afb5f8c1e0079dcd86ef.png 200 OK (15ms)
[wrangler:inf] PUT /images/ingest/external%2F5ffd78b38403ab015fad118ccd6957ca27099947.png 200 OK (24ms)
[wrangler:inf] PUT /images/ingest/external%2Fceee88a712ff152ce4b15c503ef1c90f8d1f0052.png 200 OK (31ms)
[wrangler:inf] PUT /images/ingest/external%2Fe118781e919be4d0f4f578ce5db4503f7820063e.png 200 OK (36ms)
[wrangler:inf] PUT /images/ingest/external%2F02d1d120f8887745faf2c1f42e508021792e3efe.png 200 OK (44ms)
[wrangler:inf] PUT /images/ingest/external%2F235bc4189690ffdfeeb434c737cfea8700f503c3.png 200 OK (57ms)
[wrangler:inf] PUT /images/ingest/external%2F3c6b4a1ccb44fe1968d75f49c853d47f53313d52.png 200 OK (62ms)
[wrangler:inf] PUT /images/ingest/external%2Facf26c99d3df7efa9c90a04b9f4e6964ab85c6d6.png 200 OK (72ms)
[wrangler:inf] PUT /images/ingest/external%2F74cdc2c56ffb525b7405c241a6b61ca2136d5aef.jpg 200 OK (15ms)
[wrangler:inf] PUT /images/ingest/external%2F85881f173ab591d7802d654b07db540a3c4e0c7d.jpg 200 OK (22ms)
[wrangler:inf] PUT /images/ingest/external%2Fb79962e26822aab45b36d9f49943985db2033767.jpg 200 OK (38ms)
[wrangler:inf] PUT /images/ingest/external%2Fccb0a972f10ce3d163ae7d95f5ca785ae925639f.jpg 200 OK (42ms)
[wrangler:inf] PUT /images/ingest/external%2F8a093bd9797fe81929c1c986302cb4f67dfebb30.png 200 OK (55ms)
[wrangler:inf] PUT /images/ingest/external%2F486bb0c26b6ef4b2f9d264ee43308b6b961a0cdc.png 200 OK (22ms)
[wrangler:inf] PUT /images/ingest/external%2F9c94d6af67a04175b0a4ced9a3507250f553ad4c.png 200 OK (26ms)
[wrangler:inf] PUT /images/ingest/external%2Fd0a9fa4aa5a8392d02ef9707a0339ed853a0554e.jpg 200 OK (38ms)
[wrangler:inf] PUT /images/ingest/external%2Fa6feb911c0b5d588107af260995b50f0b28c8ce1.jpg 200 OK (46ms)
[wrangler:inf] PUT /images/ingest/external%2Fe208afb61358a39d21c02a191b8d5e0303ac8d2f.jpg 200 OK (45ms)
[wrangler:inf] PUT /images/ingest/external%2F22d8da7af797e6ca594ad6f1dc3cabb4c52a5cbf.png 200 OK (30ms)
[wrangler:inf] PUT /images/ingest/external%2Fdd6fbf10385b2591aac3322b4485b2881c25a846.png 200 OK (46ms)
[wrangler:inf] PUT /images/ingest/external%2Fdc07bed92fe796b0ba876e934a53fad89c44a9b0.png 200 OK (16ms)
[wrangler:inf] PUT /images/ingest/external%2F96e86d770e19e95e9960880c33f40872e59adf01.png 200 OK (34ms)
[wrangler:inf] PUT /images/ingest/external%2Fe6ee3c1f16ef2587b0527644076140c4b440d6a3.png 200 OK (46ms)
[wrangler:inf] PUT /images/ingest/external%2F2c8ee7e3896231aba670bf989ef84e3e5a6cd74c.png 200 OK (35ms)
[wrangler:inf] PUT /images/ingest/external%2Fd0c6d87293687f78b687cb8e538cf0fc4cfeb5a3.png 200 OK (29ms)
[wrangler:inf] PUT /images/ingest/external%2F27e240486ee51231ad0525df48effcd8fc10c2cf.png 200 OK (16ms)
[wrangler:inf] PUT /images/ingest/external%2Fe58a85dc8f5acadd1d26553b935c968c17a1fbdc.png 200 OK (14ms)
[wrangler:inf] PUT /images/ingest/external%2F18e71f3d3fab646ea63ac7ed1095767b02bbed7d.jpg 200 OK (13ms)
[wrangler:inf] PUT /images/ingest/external%2F04742ec3cbc6558474b04415f1da5d5b489c121a.png 200 OK (14ms)
[wrangler:inf] PUT /images/ingest/external%2F7b52450a706f0bce20592908430c47f63fbf4336.png 200 OK (15ms)
[wrangler:inf] PUT /images/ingest/external%2Fe3888939b95b4f0bb6ef34d58549b0ea6bdc6722.png 200 OK (31ms)
[wrangler:inf] PUT /images/ingest/external%2F6ae252b1e9e5ddba16a68bdbb7dc2c75c5a6f3ae.jpg 200 OK (14ms)
[wrangler:inf] PUT /images/ingest/external%2Fbcddabf23536fcbe1ec309b977c7039491e46c2d.png 200 OK (49ms)
[wrangler:inf] PUT /images/ingest/external%2F2e38fc8b617004baa4cfe357fd29c3d6fa297574.png 200 OK (87ms)
[wrangler:inf] PUT /images/ingest/external%2Fc1e59b962a45fa6f71bea51ee5155d6b58942fc1.png 200 OK (91ms)
[wrangler:inf] PUT /images/ingest/external%2F08ca7acb50a0705c289454a55c9720a9ce35cdd1.png 200 OK (111ms)
[wrangler:inf] PUT /images/ingest/external%2F6e75db0f0315da88194d2c9ceb9944e88eaaf015.png 200 OK (117ms)
[wrangler:inf] PUT /images/ingest/external%2F1b89c28dfa8c9eaacb9ad645153c63a510649cd4.jpg 200 OK (80ms)
[wrangler:inf] PUT /images/ingest/external%2F6fbfa5c7236c7a0d19ab914de0541de9fe0dde87.jpg 200 OK (125ms)
[wrangler:inf] PUT /images/ingest/external%2F9b445e3d969dcca88a3e2b8c501651bc4322dd3f.jpg 200 OK (67ms)
[wrangler:inf] PUT /images/ingest/external%2F052ab4ea2bfde6b234a68e5bd8adf03e1b510467.png 200 OK (194ms)
[wrangler:inf] PUT /images/ingest/external%2F6e50053a48c4e74a46e761acf7da410d20599ee0.jpg 200 OK (70ms)
[wrangler:inf] PUT /images/ingest/external%2Fa4157544d890bc0aaed39c399a5e7293cbe0e35b.png 200 OK (61ms)
[wrangler:inf] PUT /images/ingest/external%2Fc42bd53715c05036d94e83cf01bcaea1be2eaa8b.jpg 200 OK (53ms)
[wrangler:inf] PUT /images/ingest/external%2F0c794c4090b0e79318a5eb38f080b79d830c2948.png 200 OK (14ms)
[wrangler:inf] PUT /images/ingest/external%2F2f4d23ab5884e3a663679b532a618d128281fcb6.jpg 200 OK (20ms)
[wrangler:inf] PUT /images/ingest/external%2Ff6c48140b2d7f32ca3fb0ce6a9e2ae935bdb91cd.jpg 200 OK (20ms)
[wrangler:inf] PUT /images/ingest/external%2F00c0cefd1e33a8f4742e4874c602958ff1ec29ec.png 200 OK (38ms)
[wrangler:inf] PUT /images/ingest/external%2Fecbb2462892e8eeb93a8c84752fc91537b5f29c8.jpg 200 OK (31ms)
[wrangler:inf] PUT /images/ingest/external%2Fe8581decec9f661423de5ab3c8e53925e742361e.png 200 OK (40ms)
[wrangler:inf] PUT /images/ingest/external%2F6223a4c6ce58045556ac591841a7601405c2fa73.jpg 200 OK (52ms)
[wrangler:inf] PUT /images/ingest/external%2F3ccba01dac8b18e63b872b74f8d3141b54525f18.jpg 200 OK (61ms)
[wrangler:inf] PUT /images/ingest/external%2F4a5ceafef5b15ee05b5598c8fda074dd20d565fb.png 200 OK (72ms)
[wrangler:inf] PUT /images/ingest/external%2F9ad49a0cbce0c70482db9bb5a96f895564f60a34.png 200 OK (86ms)
[wrangler:inf] PUT /images/ingest/external%2Fb4e7e6c2fec83a7ae3f871489a6652ad2afc4fba.png 200 OK (97ms)
[wrangler:inf] PUT /images/ingest/external%2Fd49d2b5a07f2156a102222655aef54520d36154f.png 200 OK (98ms)
[wrangler:inf] PUT /images/ingest/external%2Fb322dcd9480fe62dbff017c9c85de8c4e35a2dd2.png 200 OK (65ms)
[wrangler:inf] PUT /images/ingest/external%2F54274808ea4866153d5353dbe05879d5bdf024bd.jpg 200 OK (71ms)
[wrangler:inf] PUT /images/ingest/external%2Fbd00bd0ea3d29184fc6078141f10aa94ccedf033.png 200 OK (55ms)
[wrangler:inf] PUT /images/ingest/external%2Fe18e132541d7e01325accc6224ec1fb078f4c5e5.jpg 200 OK (51ms)
[wrangler:inf] PUT /images/ingest/external%2Fb7056687e4dee0dd3915c3b1299a90c2bcd404cf.jpg 200 OK (14ms)
[wrangler:inf] PUT /images/ingest/external%2Fc36cb62fce4826a46646d27f16b859475a69082e.png 200 OK (37ms)
[wrangler:inf] PUT /images/ingest/external%2F8b794027e67fe0e35485c2938e321510d24ae278.png 200 OK (57ms)
[wrangler:inf] PUT /images/ingest/external%2Feb1bb0b7e3b038607b7e3aa361d29207ea24a62d.png 200 OK (64ms)
[wrangler:inf] PUT /images/ingest/external%2F9511bc8616f9b533bc416b100c93804613fa09fc.png 200 OK (69ms)
[wrangler:inf] PUT /images/ingest/external%2Fa04ba0f95266e0c32d762a12c7e7b370187541f6.png 200 OK (97ms)
[wrangler:inf] PUT /images/ingest/external%2Fdc536a276c66724c21f4aa5a33c73aa013446784.png 200 OK (74ms)
[wrangler:inf] PUT /images/ingest/external%2Fbb4b315583b85d3e844754a3a29151b3774eb343.png 200 OK (83ms)
[wrangler:inf] PUT /images/ingest/external%2F3ecbcf35712bb541c6b1726d0827bdf69fd34b4a.png 200 OK (110ms)
[wrangler:inf] PUT /images/ingest/external%2F82e08b728c8df675265ff0e4b5605097c33db318.jpg 200 OK (77ms)
[wrangler:inf] PUT /images/ingest/external%2F2b7670df8982bd1594b16f27a8cf5fe9146782b2.jpg 200 OK (59ms)
[wrangler:inf] PUT /images/ingest/external%2F536b5ef1baf6401dd02d791213fc375dada09dd7.jpg 200 OK (13ms)
[wrangler:inf] PUT /images/ingest/external%2Fa9a0c215cffaa34a8bacc02ca1bccb8a923a6091.jpg 200 OK (26ms)
[wrangler:inf] PUT /images/ingest/external%2F9e7684c822fa6773dc9f376737ad8b7c28d28a91.png 200 OK (46ms)
[wrangler:inf] PUT /images/ingest/external%2F8b3fe074e571860e23995807c0c707b18b7db596.png 200 OK (22ms)
[wrangler:inf] PUT /images/ingest/external%2F0ae5168fb2b93fb94e88256616281d310efefa08.png 200 OK (46ms)
[wrangler:inf] PUT /images/ingest/external%2Fe82b684b1969519c7edd803e33ea6b8a9c6fe5bb.jpg 200 OK (14ms)
[wrangler:inf] PUT /images/ingest/external%2F691cf34f532276b6d5d232b1dde3c2f173795879.png 200 OK (15ms)
[wrangler:inf] PUT /images/ingest/external%2F2edf65c79f207bfc0f32155997742033582fc29c.png 200 OK (20ms)
[wrangler:inf] PUT /images/ingest/external%2F997d045615197687c6124049f631ea93d236e623.jpg 200 OK (17ms)
[wrangler:inf] PUT /images/ingest/external%2F34d46b78503d4702069f621635f8ac7158011012.png 200 OK (24ms)
[wrangler:inf] PUT /images/ingest/external%2F17a78170b1bc08a68584466a5cbd59733b829c87.jpg 200 OK (26ms)
[wrangler:inf] PUT /images/ingest/external%2F761d215983a9af932c513932995f0b8f674a3566.png 200 OK (49ms)
[wrangler:inf] PUT /images/ingest/external%2F5a4de6cb3e207e089ed85dbc7164ebef9302929f.png 200 OK (26ms)
[wrangler:inf] PUT /images/ingest/external%2F586f8106ff714759488da66789c1eb5f21ef9edd.jpg 200 OK (26ms)
[wrangler:inf] PUT /images/ingest/external%2Ffb2e328e19eda6a67984600acc6a971972584d2d.png 200 OK (36ms)
[wrangler:inf] PUT /images/ingest/external%2F3a398ec41dbebf6927b077a4fc1321442951d5e2.png 200 OK (17ms)
[wrangler:inf] PUT /images/ingest/external%2Ffe5db9c7898813d0fcc572d9bd53af940397a694.jpg 200 OK (18ms)
[wrangler:inf] PUT /images/ingest/external%2Fa4fe7f28a187d5aec3a878b68fdf906ef1960c22.jpg 200 OK (18ms)
[wrangler:inf] PUT /images/ingest/external%2F71a2712a1f4a016a2a0c9504026fba434faa0242.png 200 OK (14ms)
[wrangler:inf] PUT /images/ingest/external%2Fb90f1e1f32e21f1972dbb9b0db560abf91b518a1.png 200 OK (13ms)
[wrangler:inf] PUT /images/ingest/external%2Facd35ae660480154cf495ccb8e9ba73b953df6f5.png 200 OK (15ms)
[wrangler:inf] PUT /images/ingest/external%2F1113f9f855824f7cbabb3e84fe68e542d610a366.png 200 OK (16ms)
[wrangler:inf] PUT /images/ingest/external%2F1a88692043f310522fa02978e02766bfca2c922f.jpg 200 OK (19ms)
[wrangler:inf] PUT /images/ingest/external%2F1fcf8ffd83fdf21984e361518b8505f650c07728.jpg 200 OK (31ms)
[wrangler:inf] PUT /images/ingest/external%2Fcb72eb12fde631216404a07c4fbc471872b93dd7.jpg 200 OK (36ms)
[wrangler:inf] PUT /images/ingest/external%2F4c709eb74dfacd07069448e37bd58e0a76852fc0.png 200 OK (14ms)
[wrangler:inf] PUT /images/ingest/external%2F6f18bc7d0ea1597cd1ac031d817acb1cd155f949.png 200 OK (14ms)
[wrangler:inf] PUT /images/ingest/external%2Fa013103aba691006ee1db341cb77fd325f7bdf39.png 200 OK (20ms)
[wrangler:inf] PUT /images/ingest/external%2F1f0c9fcf8bd242a31cb9630fca9c259b1174b5c0.jpg 200 OK (17ms)
[wrangler:inf] PUT /images/ingest/external%2F884134685bb7ce3c30af10fb85548e0993c17ec9.png 200 OK (41ms)
[wrangler:inf] PUT /images/ingest/external%2F208ae79e81636bd55bc96359fbf688c95420174c.jpg 200 OK (14ms)
[wrangler:inf] PUT /images/ingest/external%2F0baeb97c2ca5ff35aec97f854f7bb7fbfdfe5de8.jpg 200 OK (33ms)
[wrangler:inf] PUT /images/ingest/external%2Fc913558d5e17d4d06af610a14c4b5ce739b4014f.png 200 OK (42ms)
[wrangler:inf] PUT /images/ingest/external%2F57488f6e6b9c18f690cff173b369c700d4970489.png 200 OK (46ms)
[wrangler:inf] PUT /images/ingest/external%2Fd94af35e3cb7862e0f13c466762ce8a06dea86da.png 200 OK (56ms)
[wrangler:inf] PUT /images/ingest/external%2Fd2a081f190ee70922fcbfaf04dd67899c150af8b.png 200 OK (63ms)
[wrangler:inf] PUT /images/ingest/external%2F89620978ecbdfcab5b38ca7c1eaa574a42cb6506.png 200 OK (19ms)
[wrangler:inf] PUT /images/ingest/external%2F7a1168f89e21993975930a04b0557f7dbd9ac7ca.png 200 OK (15ms)
[wrangler:inf] PUT /images/ingest/external%2F428f98107fac362942e4a450dd22689dd73df539.png 200 OK (24ms)
[wrangler:inf] PUT /images/ingest/external%2F552ddeb251b4537323a6c9b0a53cfe8d4debea4b.png 200 OK (17ms)
[wrangler:inf] PUT /images/ingest/external%2F1cd879bbce2a65c1c6c769d1a6e1e5708dfec9d6.png 200 OK (15ms)
[wrangler:inf] PUT /images/ingest/external%2F063f0c1979da47d826b3b9b003ef47047fb0b887.png 200 OK (13ms)
[wrangler:inf] PUT /images/ingest/external%2Fccc6147b9fd36a5f9ff1b3a4d66553a30c7d893b.png 200 OK (32ms)
[wrangler:inf] PUT /images/ingest/external%2Fcffa2a96f22e8503b34637ba485ec7520751055a.jpg 200 OK (36ms)
[wrangler:inf] PUT /images/ingest/external%2F5dfcd4e9da61b38afd157a6123809a8866c25a0a.png 200 OK (45ms)
[wrangler:inf] PUT /images/ingest/external%2F4fbb89e27030298eccd20035c9d84ecaafe993bd.jpg 200 OK (53ms)
[wrangler:inf] PUT /images/ingest/external%2F784c08e6da17860070193d898040c91781a83bbc.jpg 200 OK (30ms)
[wrangler:inf] PUT /images/ingest/external%2F6560ec2ddb68f5d51f4142c9525259c2c1229b40.png 200 OK (78ms)
[wrangler:inf] PUT /images/ingest/external%2Fa339b251c19472c80dfa28b4dc8be9664d3131c9.jpg 200 OK (15ms)
[wrangler:inf] PUT /images/ingest/external%2Fb886b2e38ed5bbc042b4a4f613fac561bf9c02fa.jpg 200 OK (15ms)
[wrangler:inf] PUT /images/ingest/external%2F32bd1e15a296dcd108688eacaaf0713c5045ec37.jpg 200 OK (16ms)
[wrangler:inf] PUT /images/ingest/external%2F608e97e3681ed1a9dbb0cb919f02d83a4e203052.png 200 OK (14ms)
[wrangler:inf] PUT /images/ingest/external%2Fa5f82f8ee16a56045e6b4897eaab82e7811a7e4f.png 200 OK (13ms)
[wrangler:inf] PUT /images/ingest/external%2F4b01f9c3a8d113e5f4f1daabad3fb71c647af355.png 200 OK (19ms)
[wrangler:inf] PUT /images/ingest/external%2F71d383a55881e77c190a87a2395be1801662dce7.png 200 OK (23ms)
[wrangler:inf] PUT /images/ingest/external%2Fa4cdadb8f38a157bd7766e29dff1336e08c0d834.png 200 OK (43ms)
[wrangler:inf] PUT /images/ingest/external%2F787f6e29c4eba5cdeb543536c01882e19f5ccef8.png 200 OK (53ms)
[wrangler:inf] PUT /images/ingest/external%2F0df723fd129fdc15456ad4453290913b5757da95.png 200 OK (76ms)
[wrangler:inf] PUT /images/ingest/external%2F34fa42933c0132b592c50043a553e00e0d6e79ca.png 200 OK (103ms)
[wrangler:inf] PUT /images/ingest/external%2F221a80593e96e006d023f34f1fab9446a45b6d47.png 200 OK (110ms)
[wrangler:inf] PUT /images/ingest/external%2Fd11fb46f4eafcea92494fb48777d59f3766cd62e.png 200 OK (138ms)
[wrangler:inf] PUT /images/ingest/external%2Ffe45a04d6f066401a2a9e2847295d3522622e345.png 200 OK (137ms)
[wrangler:inf] PUT /images/ingest/external%2F86b6e3bbb8b0457ee3114ee3e6c9f09fbf2e1621.png 200 OK (111ms)
[wrangler:inf] PUT /images/ingest/external%2Ff9f39e2441c7174262b011daac1ec2373b7245e0.png 200 OK (117ms)
[wrangler:inf] PUT /images/ingest/external%2F91c7e44b01abf4e60744d11209d9a1d506830c26.png 200 OK (123ms)
[wrangler:inf] PUT /images/ingest/external%2F0f2b57c2fd855288ec81b7fda849b6748831568c.jpg 200 OK (75ms)
[wrangler:inf] PUT /images/ingest/external%2F7e1290a76ce82885bb2e0fa9ab9a2b9768ca08f7.jpg 200 OK (59ms)
[wrangler:inf] PUT /images/ingest/external%2F6ca025030a03aeca3de814893fdc93bfb5adb74d.jpg 200 OK (13ms)
[wrangler:inf] PUT /images/ingest/external%2F29e4b868a918e0fd31df935a3ed8b5fce126ca02.png 200 OK (14ms)
[wrangler:inf] PUT /images/ingest/external%2F8ec79e816510a9d1338af69c713e8c6baef9683f.png 200 OK (48ms)
[wrangler:inf] PUT /images/ingest/external%2F1f8544194b599c1f7d7f92f8dc4fceb9b33ac4e4.png 200 OK (56ms)
[wrangler:inf] PUT /images/ingest/external%2F22b7cbef22cd65d4cd8f79d10a3a0a4a77ca6f4d.png 200 OK (63ms)
[wrangler:inf] PUT /images/ingest/external%2F7e2f9461b02c3d149bfc7417bae48b20ea5bd2d0.png 200 OK (54ms)
[wrangler:inf] PUT /images/ingest/external%2F2ed963ca98b066c990f86241b97212ada319fb83.png 200 OK (71ms)
[wrangler:inf] PUT /images/ingest/external%2F6c4f9b2296c4f95389d2cf8075accbfa8448a015.png 200 OK (78ms)
[wrangler:inf] PUT /images/ingest/external%2Fee56a2ea1a46734ae32108363c8e453147b55167.png 200 OK (46ms)
[wrangler:inf] PUT /images/ingest/external%2Fc8612085636d4b9e281b7907605290887cf5b350.png 200 OK (43ms)
[wrangler:inf] PUT /images/ingest/external%2F879798a205f4e3dcd8f58d9ee13f6b45e29273e0.jpg 200 OK (9ms)
[wrangler:inf] PUT /images/ingest/external%2Fa6a60bffd4d868850d9390b60dcbc343870d7f16.png 200 OK (137ms)
[wrangler:inf] PUT /images/ingest/external%2F4f8619b670ce84c4fa6513ea9c8afeaea8c54467.png 200 OK (15ms)
[wrangler:inf] PUT /images/ingest/external%2F7d6634f904f7d2aba253c3a3219e3911da535276.png 200 OK (25ms)
[wrangler:inf] PUT /images/ingest/external%2F97ee2ff2f2ea72f5266a5d4ccc75d6f237ad1aa4.png 200 OK (31ms)
[wrangler:inf] PUT /images/ingest/external%2F38e1ca78e84985ef1b5366da05ae7fe86c4adaf8.png 200 OK (28ms)
[wrangler:inf] PUT /images/ingest/external%2F2351e23b6b27f10df824c289bb4fd3e7bcf45098.png 200 OK (38ms)
[wrangler:inf] PUT /images/ingest/external%2F483dba8704b11a365a12fc559fb524a214951d40.png 200 OK (46ms)
[wrangler:inf] PUT /images/ingest/external%2Fa67371b976e8c638618e9ecf6f9f3fe5ff67d0e3.jpg 200 OK (65ms)
[wrangler:inf] PUT /images/ingest/external%2F67e815fad8266e0f571f9e821bd3de80326d3564.png 200 OK (40ms)
[wrangler:inf] PUT /images/ingest/external%2F0ce8d64c367e7da8a2b690198848eed41324afc0.png 200 OK (21ms)
[wrangler:inf] PUT /images/ingest/external%2Fdb2ea2c46c9285dde36dab6a1fe7db8ec485ee52.png 200 OK (23ms)
[wrangler:inf] PUT /images/ingest/external%2Fb418752a56e8b4749a98629e318f9673e8b57ea8.png 200 OK (32ms)
[wrangler:inf] PUT /images/ingest/external%2F0ccef0eac96ea7402ef3d15e2382fb08276f2944.png 200 OK (14ms)
[wrangler:inf] PUT /images/ingest/external%2F38dead58a2d89a028de1ed860bf89fb0e5b94a35.png 200 OK (17ms)
[wrangler:inf] PUT /images/ingest/external%2F64f5b0d54e989d4b6858edbaf267b3184f9e385c.png 200 OK (15ms)
[wrangler:inf] PUT /images/ingest/external%2Ffc6b417670fc44c298d60ae98c9658498e587c41.png 200 OK (14ms)
[wrangler:inf] PUT /images/ingest/external%2Fb0454fd2012f1df4beb04aabb9d12b1aac061330.png 200 OK (13ms)
[wrangler:inf] PUT /images/ingest/external%2Fd59890bedf5bf7626ef7f7f864244cef94079de8.jpg 200 OK (19ms)
[wrangler:inf] PUT /images/ingest/external%2F1565cf1e879694a54bdcb5a8b6561b17b7c3bd62.jpg 200 OK (25ms)
[wrangler:inf] PUT /images/ingest/external%2F0f3cb66d5555d809f9d921de91d2faa50dac4e9e.png 200 OK (40ms)
[wrangler:inf] PUT /images/ingest/external%2Fd1df3df7cd2b0b5ec0d8f435db61764cfc066026.jpg 200 OK (38ms)
[wrangler:inf] PUT /images/ingest/external%2Fee923f441193e2c30b4a7770bdc8bdf30824e48e.png 200 OK (34ms)
[wrangler:inf] PUT /images/ingest/external%2Ffc351d77384a217ede8ffd18b72e4978d216b1e8.jpg 200 OK (40ms)
[wrangler:inf] PUT /images/ingest/external%2Ff1d3cdc043702d0ce8d80afd9b0cbcf2e0c3a085.png 200 OK (13ms)
[wrangler:inf] PUT /images/ingest/external%2F63811f2bf5e248dcc7ad0f2343b035c2b2d143a5.jpg 200 OK (21ms)
[wrangler:inf] PUT /images/ingest/external%2Fcb0f13d3e7232dc07d0b1f08450983a812d9c255.jpg 200 OK (23ms)
[wrangler:inf] PUT /images/ingest/external%2F591c809b104c814c8296593b70201703658f2637.jpg 200 OK (35ms)
[wrangler:inf] PUT /images/ingest/external%2F324ef0a5b495c49b2f2663237b23427c6845bb13.jpg 200 OK (40ms)
[wrangler:inf] PUT /images/ingest/external%2Fc7ad7ff919f43bfaf241610a79cfb12cd6c54fd9.jpg 200 OK (50ms)
[wrangler:inf] PUT /images/ingest/external%2Fc00734c7eda265e5124332cdad906ee710fcb187.jpg 200 OK (25ms)
[wrangler:inf] PUT /images/ingest/external%2F2ec006da3898105bb1abb2b310ff8e8f81392fbd.jpg 200 OK (44ms)
[wrangler:inf] PUT /images/ingest/external%2F8f00d346bbbb06f2ccfa8717bd65053aa322ace9.jpg 200 OK (46ms)
[wrangler:inf] PUT /images/ingest/external%2Fa0e6819cff92dcacbbffb3823167e648e6f9e588.jpg 200 OK (61ms)
[wrangler:inf] PUT /images/ingest/external%2F813ad95ce76e374cc0c14d93405165481466d8a2.jpg 200 OK (51ms)
[wrangler:inf] PUT /images/ingest/external%2F0682eba167de2f2515db5c1cb8354b91a8236a6f.jpg 200 OK (49ms)
[wrangler:inf] PUT /images/ingest/external%2F6327085dfa0b555e739441e834445d22d181ca5f.jpg 200 OK (26ms)
[wrangler:inf] PUT /images/ingest/external%2F1a9a7125d56b7745ed85afad35abbeefda47c904.png 200 OK (13ms)
[wrangler:inf] PUT /images/ingest/external%2Fcb2c04395c0a19a63496ccd772c12c1fa1ac34fb.png 200 OK (17ms)
[wrangler:inf] PUT /images/ingest/external%2F67c84be75c804193cfad60266fdfb578d3a94731.png 200 OK (30ms)
[wrangler:inf] PUT /images/ingest/external%2F798d860cecfdf430fa02dd19239a434ac458ea6d.png 200 OK (41ms)
[wrangler:inf] PUT /images/ingest/external%2F71a69569d700669bd117db92c49f23765e043644.png 200 OK (14ms)
[wrangler:inf] PUT /images/ingest/external%2F88d3e131c826a59c65d2b0f42015323986133d6f.png 200 OK (16ms)
[wrangler:inf] PUT /images/ingest/external%2F43b2eccd96f3c47efdc73c8c2ca40d8859be57ac.png 200 OK (13ms)
[wrangler:inf] PUT /images/ingest/external%2F644409c2b48cbd728f4db2ccef21bd785409e948.jpg 200 OK (17ms)
[wrangler:inf] PUT /images/ingest/external%2F18b142fc1748855e1575fb6cb0e18c1b23d38a02.png 200 OK (44ms)
[wrangler:inf] PUT /images/ingest/external%2Ffa16ee386bec3b0d66cb1b2839c557e2aac42229.png 200 OK (54ms)
[wrangler:inf] PUT /images/ingest/external%2Fa5f7232ecd68e8267e31fa1bebf46b456b6a122b.png 200 OK (58ms)
[wrangler:inf] PUT /images/ingest/external%2F1b5ec31e5f3e326c71d483668daa400bebf838fb.png 200 OK (64ms)
[wrangler:inf] PUT /images/ingest/external%2F424075459bee70ca6dcde6d42090829b6efddd14.jpg 200 OK (66ms)
[wrangler:inf] PUT /images/ingest/external%2F04a263b75ca24f85e38a94a509bc6c0bf76c967a.jpg 200 OK (54ms)
[wrangler:inf] PUT /images/ingest/external%2Fff2238f5c36bf8f391e59555246a8e954a742ae8.jpg 200 OK (55ms)
[wrangler:inf] PUT /images/ingest/external%2F9e52956865fc0b8e6ee17289095bbab645de6915.png 200 OK (82ms)
[wrangler:inf] PUT /images/ingest/external%2F752c66f82526985c22f220c4da725e55a7a1d73c.jpg 200 OK (32ms)
[wrangler:inf] PUT /images/ingest/external%2Ff638c46f1a668314628895393627c84f20d8d6fa.png 200 OK (85ms)
[wrangler:inf] PUT /images/ingest/external%2Fafb13013f88151fcc2f5497d372344136cc4242c.png 200 OK (189ms)
[wrangler:inf] PUT /images/ingest/external%2F7f6fd13455e48a70c92e2d0dbddf611a8e0f2cde.jpg 200 OK (48ms)
[wrangler:inf] PUT /images/ingest/external%2F96a8bd248214a46b52b8f2ebe17e82ed44313b84.jpg 200 OK (42ms)
[wrangler:inf] PUT /images/ingest/external%2F99a86364bede09b98d77b50c71bc0fb3860d4133.jpg 200 OK (31ms)
[wrangler:inf] PUT /images/ingest/external%2Fe88beb50d46c5fcba2b0cd537b3d15d59516c2ac.png 200 OK (24ms)
[wrangler:inf] PUT /images/ingest/external%2Ff0691baf33d3bc3404ed10fc4b4c85b15a87ab63.jpg 200 OK (51ms)
[wrangler:inf] PUT /images/ingest/external%2Fb87ab7bd5b2f7ec48027cd452c858f5b45f3b85c.png 200 OK (241ms)
[wrangler:inf] PUT /images/ingest/external%2F1f96c1c4f3ee7506754e2190049c833e59cb32cf.png 200 OK (29ms)
[wrangler:inf] PUT /images/ingest/external%2F848f6a1972c30c71744a40c9a0a40ecbc42f4f97.png 200 OK (37ms)
[wrangler:inf] PUT /images/ingest/external%2F42b3784a276d807c12fe4e986c60326c60a541ad.png 200 OK (35ms)
[wrangler:inf] PUT /images/ingest/external%2F270272a35d4761c62281662f51d4ae89c9439f07.png 200 OK (17ms)
[wrangler:inf] PUT /images/ingest/external%2Fe056e5befce1a4cac79bd3cdad03b943f9d21c0c.png 200 OK (48ms)
[wrangler:inf] PUT /images/ingest/external%2F5eb72a8d7d36422c6499e665c613591cebef3d89.png 200 OK (62ms)
[wrangler:inf] PUT /images/ingest/external%2F60753a901a2d8acea546585ff6f91fa76e1c3d94.png 200 OK (71ms)
[wrangler:inf] PUT /images/ingest/external%2Ffe1822fcaec9c0d4600887491f746a5724c97f11.png 200 OK (77ms)
[wrangler:inf] PUT /images/ingest/external%2F5d1663efd2212a264655aa3d05d9daefeabb58fe.png 200 OK (82ms)
[wrangler:inf] PUT /images/ingest/external%2F523d09fb6bd44ea0b7b71ace61ce6c2cd30dee74.png 200 OK (73ms)
[wrangler:inf] PUT /images/ingest/external%2F918c611af1fb95d940196517a0c82e6defaceea6.png 200 OK (71ms)
[wrangler:inf] PUT /images/ingest/external%2F4b34792551be67d0536aae0b7b0c69ebebbc4d0a.png 200 OK (62ms)
[wrangler:inf] PUT /images/ingest/external%2F40ffd9d0904eaf9b5097e556fc013a577b3e5286.png 200 OK (54ms)
[wrangler:inf] PUT /images/ingest/external%2F61a19632dd5c1630b7c6901085d2722df7928f78.png 200 OK (14ms)
[wrangler:inf] PUT /images/ingest/external%2Fa29a893bd37aab312d50c3c4da8bb6915dc6d3dd.jpg 200 OK (15ms)
[wrangler:inf] PUT /images/ingest/external%2F29fd20ece7d788b4a3a63534fe1bbd01900a9b07.png 200 OK (14ms)
[wrangler:inf] PUT /images/ingest/external%2F52d19568d11dda0352e9005a8e683e09a4eb9e42.jpg 200 OK (19ms)
[wrangler:inf] PUT /images/ingest/external%2F95c8084e8684623376d3a9d16244fbc375daef2c.png 200 OK (27ms)
[wrangler:inf] PUT /images/ingest/external%2F252f14ec9994f51a9464dde8c888df97be649fcd.png 200 OK (29ms)
[wrangler:inf] PUT /images/ingest/external%2F35c023eac762a3ba3dcb69d062eef3a1919b52fa.jpg 200 OK (31ms)
[wrangler:inf] PUT /images/ingest/external%2F34760edce068aea1ca251daca7254889577cab67.png 200 OK (28ms)
[wrangler:inf] PUT /images/ingest/external%2Fffffb4ec990d246bf7520a1baf4cb1d103624032.png 200 OK (13ms)
[wrangler:inf] PUT /images/ingest/external%2Fd859f763e7427b8da3e6e48971f733c82f05283e.png 200 OK (19ms)
[wrangler:inf] PUT /images/ingest/external%2F09afe7d890c4b83be19372caff2d2a6b5434939c.png 200 OK (26ms)
[wrangler:inf] PUT /images/ingest/external%2Fa7d53758036571188ca74bc1adc5e6a71a1764ff.png 200 OK (34ms)
[wrangler:inf] PUT /images/ingest/external%2Ffbe78b1d9169a36f7d2907fa53a020f2abd73826.png 200 OK (47ms)
[wrangler:inf] PUT /images/ingest/external%2F80d8dea513b657caea762fb8c387ca5f16916d8c.png 200 OK (54ms)
[wrangler:inf] PUT /images/ingest/external%2Ff1f4d6e4698a38bb3ef12de2704aa5703adccc3e.png 200 OK (61ms)
[wrangler:inf] PUT /images/ingest/external%2F5a647880a256c69cf99f5f49654a95c795d1a5b5.png 200 OK (15ms)
[wrangler:inf] PUT /images/ingest/external%2F74e744d8868d5787998cfa5250a67b64bd45018f.png 200 OK (14ms)
[wrangler:inf] PUT /images/ingest/external%2F138291b2dfcde520927a080075a22e810a08898b.jpg 200 OK (14ms)
[wrangler:inf] PUT /images/ingest/external%2Fa400211edc0d077b709f581721050401b3c51556.png 200 OK (25ms)
[wrangler:inf] PUT /images/ingest/external%2F0f713b1a4cbf4c66c6d90baf546dd9ab50dcc4bc.png 200 OK (15ms)
[wrangler:inf] PUT /images/ingest/external%2F33d09e080466bd97a771a2d04e0b0be9eef14846.png 200 OK (32ms)
[wrangler:inf] PUT /images/ingest/external%2F7ac0e4db61b9999589f733011b8934a93dd144a2.png 200 OK (45ms)
[wrangler:inf] PUT /images/ingest/external%2Fca4686199cd9b42cb86eefa68fc31108f9384a46.png 200 OK (33ms)
[wrangler:inf] PUT /images/ingest/external%2F53331c78265677d8b1156b889a7ee5d9b61d3dcd.png 200 OK (42ms)
[wrangler:inf] PUT /images/ingest/external%2Fa549fc232f2647b65d3c13a32e69a652c53f5b53.jpg 200 OK (15ms)
[wrangler:inf] PUT /images/ingest/external%2Fdd433befba5463df6fa93e26bd887a870f67e5fc.png 200 OK (22ms)
[wrangler:inf] PUT /images/ingest/external%2F62557e739afa9c7e1af0d748813c372d59283ff5.png 200 OK (21ms)
[wrangler:inf] PUT /images/ingest/external%2Fcef4541c5dd70e73f39f5cc6f9b0f13f1c23ce64.jpg 200 OK (25ms)
[wrangler:inf] PUT /images/ingest/external%2F4337dc6ab56e091b1779dcdfbb752ff981c8e003.jpg 200 OK (13ms)
[wrangler:inf] PUT /images/ingest/external%2F2ea3f92b171dd49f41f780444738491447f1325d.jpg 200 OK (12ms)
[wrangler:inf] PUT /images/ingest/external%2Fbb261701ac0af88dd7e08c7e980f038e599a0221.png 200 OK (26ms)
[wrangler:inf] PUT /images/ingest/external%2F07086ccbae2f615d70ed1894dd1a92453fe002f5.jpg 200 OK (36ms)
[wrangler:inf] PUT /images/ingest/external%2Facb00f7e323a5f85e5c3dbe7d7b366692416e1ec.png 200 OK (32ms)
[wrangler:inf] PUT /images/ingest/external%2F7e7a56323c86da8a9242bdd99304412e86cb6f8f.png 200 OK (33ms)
[wrangler:inf] PUT /images/ingest/external%2F1e1a77ab8f6d561dd2617f805fce8fd49ef80de1.png 200 OK (15ms)
[wrangler:inf] PUT /images/ingest/external%2F2c9abaec0e11db25bb8d5250f3aa46f8cfea91ae.png 200 OK (14ms)
[wrangler:inf] PUT /images/ingest/external%2F231fe35b54d5242432e0d83d1a4a7b104be98a78.png 200 OK (16ms)
[wrangler:inf] PUT /images/ingest/external%2Fc17d8c094c0cd3e9397e6afe559fd1148e3a6e83.png 200 OK (15ms)
[wrangler:inf] PUT /images/ingest/external%2F12b0f7df0035c029bd016a2553d2b10bd04e6ea6.png 200 OK (16ms)
[wrangler:inf] PUT /images/ingest/external%2F86de94a8c777adc5151dd0e39f7225b174d28b3f.png 200 OK (21ms)
[wrangler:inf] PUT /images/ingest/external%2F68f912475b4dfcdea12805c6eb0842ce2cf02f41.png 200 OK (24ms)
[wrangler:inf] PUT /images/ingest/external%2F3677b5b7b5b4fa4f53a094c779e2c1199223c91e.png 200 OK (24ms)
[wrangler:inf] PUT /images/ingest/external%2Fb15fe1acb5bb50cc80e9f5caca09be65ee044f78.png 200 OK (36ms)
[wrangler:inf] PUT /images/ingest/external%2Faf6b42d8c2253868d1bdf377a11b7b9e58536c09.png 200 OK (33ms)
[wrangler:inf] PUT /images/ingest/external%2F4e7ce7337df2d3f6c9aebbf92f9f961af42eb1ec.png 200 OK (60ms)
[wrangler:inf] PUT /images/ingest/external%2F759385f1e4e08fd91fc92b7a5d4157fd663126db.png 200 OK (14ms)
[wrangler:inf] PUT /images/ingest/external%2F33210371e17d345a2790442d58ad8d488b6ec9dc.png 200 OK (33ms)
[wrangler:inf] PUT /images/ingest/external%2Fa99492692fca08dfdcecb832e7b91d38121f2a68.png 200 OK (42ms)
[wrangler:inf] PUT /images/ingest/external%2F55ddd5a0a50107f14749de526ec6c307e74bb639.png 200 OK (33ms)
[wrangler:inf] PUT /images/ingest/external%2F8143d4d07f86076f8a49ec4c5c31ba8d5e43c9c4.png 200 OK (50ms)
[wrangler:inf] PUT /images/ingest/external%2Fbde230e7c6491897c66a903becca8df963b655a5.png 200 OK (22ms)
[wrangler:inf] PUT /images/ingest/external%2Fe007fa65578bd37d7dfaedf63cb8ba16b60a10db.png 200 OK (21ms)
[wrangler:inf] PUT /images/ingest/external%2F527d8d9814c6a9b45373c4780e5155f7bc9ecd94.png 200 OK (39ms)
[wrangler:inf] PUT /images/ingest/external%2F4ba9a15052129bc1c3e518b2a2f4a3446442bd1e.png 200 OK (36ms)
[wrangler:inf] PUT /images/ingest/external%2F2c13604f91e3a00c71e27be4f0798d8e3a7d8eec.png 200 OK (54ms)
[wrangler:inf] PUT /images/ingest/external%2Fc5c0c9bfa23ea197708104d15fa07c79ceb3c14c.png 200 OK (36ms)
[wrangler:inf] PUT /images/ingest/external%2Fe2c7c2f23ac2af1a031302ed916c7e26d502328c.png 200 OK (29ms)
[wrangler:inf] PUT /images/ingest/external%2F3cb2d52885e44cd866d4cb9ca21e4478461353d9.png 200 OK (37ms)
[wrangler:inf] PUT /images/ingest/external%2Fe4d4e0f240e75dcaab9eafe78fa0678774151937.png 200 OK (35ms)
[wrangler:inf] PUT /images/ingest/external%2F8ceaf562754b3efabb61fcde3b28098f368aa748.png 200 OK (40ms)
[wrangler:inf] PUT /images/ingest/external%2F0f7164b990b9070718773f8a3cdcc37d8252da0b.png 200 OK (37ms)
[wrangler:inf] PUT /images/ingest/external%2F83da2a5d335eb6dbf0e08ff52ee4a364a823ae65.png 200 OK (50ms)
[wrangler:inf] PUT /images/ingest/external%2Fbeb7a60706092cbca16e3d76a25feabaefd1986b.png 200 OK (72ms)
[wrangler:inf] PUT /images/ingest/external%2Ffcc44d7656a78ce1014d264d5ab986bdd041f3f3.jpg 200 OK (26ms)
[wrangler:inf] PUT /images/ingest/external%2F88576ed0c907fdf58987a42f094c6d3cd9ebd487.png 200 OK (57ms)
[wrangler:inf] PUT /images/ingest/external%2Fcd0a01dccbcb603a354b3339274e3a7fe44ac921.jpg 200 OK (70ms)
[wrangler:inf] PUT /images/ingest/external%2F0f5729f2022618989019fd7b559cab8b483c0de1.jpg 200 OK (79ms)
[wrangler:inf] PUT /images/ingest/external%2F5748449c047a713bc81e6bc5723ed8e880bd3ed2.jpg 200 OK (66ms)
[wrangler:inf] PUT /images/ingest/external%2F0b38a673150e276b7ba44c56625e3e63ddf4cf89.png 200 OK (104ms)
[wrangler:inf] PUT /images/ingest/external%2Fc6be11c9663819a567c8619f8d0eff76a9386f44.png 200 OK (24ms)
[wrangler:inf] PUT /images/ingest/external%2Fc919b335dc1e8e60fe79b1616fe0d4383bf7bcc9.png 200 OK (26ms)
[wrangler:inf] PUT /images/ingest/external%2Ffad4d08b486a7125cd2751decd5df2f9cf8062a3.jpg 200 OK (29ms)
[wrangler:inf] PUT /images/ingest/external%2F8229b4be1f066df9a18371279134b4f1f746a8fb.png 200 OK (13ms)
[wrangler:inf] PUT /images/ingest/external%2Fbc64c348979bdc369735ec9984fb8908854e9b26.png 200 OK (15ms)
[wrangler:inf] PUT /images/ingest/external%2Fa8a9414b76ba6f8d1bc2d5aab53a0b9d13059614.png 200 OK (34ms)
[wrangler:inf] PUT /images/ingest/external%2Fac28032e485d7efcd616f9d26085868f65b59b43.jpg 200 OK (14ms)
[wrangler:inf] PUT /images/ingest/external%2Fdd6f3177437e39cb3d6d2253705c6e97ab68083b.png 200 OK (13ms)
[wrangler:inf] PUT /images/ingest/external%2F2b767192d2bba87c311ab59877911573fa003d9e.jpg 200 OK (13ms)
[wrangler:inf] PUT /images/ingest/external%2Fac9f1873f4f5932f743068847c058c09f9eea410.jpg 200 OK (24ms)
[wrangler:inf] PUT /images/ingest/external%2Fbe2aef9731ffddab839f5fc373492a6cf3329a17.jpg 200 OK (36ms)
[wrangler:inf] PUT /images/ingest/external%2F45061f72185a9e4da3d12b8f699ae886249531ba.jpg 200 OK (46ms)
[wrangler:inf] PUT /images/ingest/external%2F8ce7ee8d392b7ac5f4e314e82d7e4f6624d08bdd.png 200 OK (18ms)
[wrangler:inf] PUT /images/ingest/external%2Fef765135c173b0888b4adbd6bda3670446dc16f3.png 200 OK (30ms)
[wrangler:inf] PUT /images/ingest/external%2Ffd0eb16f16568321518f1785c71267d3a0072264.jpg 200 OK (35ms)
[wrangler:inf] PUT /images/ingest/external%2Fdd06f2a537b7a8977ae2d7a2abc8538c6454492a.png 200 OK (48ms)
[wrangler:inf] PUT /images/ingest/external%2Fbd37754748803d765c6cade8b93cfec66f6c5cb3.png 200 OK (17ms)
[wrangler:inf] PUT /images/ingest/external%2F5a46eaec095b2fed5c9b4215eb5424dfe0d169da.jpg 200 OK (23ms)
[wrangler:inf] PUT /images/ingest/external%2F95fa100d7f12bd9dfb39482100cd4d3d5b0cd239.png 200 OK (17ms)
[wrangler:inf] PUT /images/ingest/external%2F29a7b21a479731fdee1d01cabdd3545d06b4535d.png 200 OK (17ms)
[wrangler:inf] PUT /images/ingest/external%2F86bef70fdb89e00f5bcad5eec3dc709e73e4f409.png 200 OK (18ms)
[wrangler:inf] PUT /images/ingest/external%2F83e80bd5d6bd7377199f7427368f7798603636ee.jpg 200 OK (24ms)
[wrangler:inf] PUT /images/ingest/external%2F48dce37b3523dab67cdf00b9d28100fcf1c7c7b8.jpg 200 OK (20ms)
[wrangler:inf] PUT /images/ingest/external%2Fd2a52c095e2c55a6a00774178d1a9f6b83f8563a.png 200 OK (28ms)
[wrangler:inf] PUT /images/ingest/external%2Ff8ad27d620515b519946fe56198dd9fafc087f19.jpg 200 OK (15ms)
[wrangler:inf] PUT /images/ingest/external%2F2d702a99b1db471968242808ede66792ff69a083.png 200 OK (19ms)
[wrangler:inf] PUT /images/ingest/external%2Fffd1112e36692ad906834e29700666b66c80bfc1.jpg 200 OK (18ms)
[wrangler:inf] PUT /images/ingest/external%2F54e964ca6b2a54cce5da61ddf3d60d696bc21dfa.jpg 200 OK (13ms)
[wrangler:inf] PUT /images/ingest/external%2F6c1ad0edf45a16afe44089189bdfc53c5e1bd3f3.jpg 200 OK (15ms)
[wrangler:inf] PUT /images/ingest/external%2F875843c926a61f3ba19ff449dd63673369c9ed85.png 200 OK (29ms)
[wrangler:inf] PUT /images/ingest/external%2Fc8e3730351f21ea1ed243668f6d3ef12f4875b3e.jpg 200 OK (45ms)
[wrangler:inf] PUT /images/ingest/external%2F6f075427983bd77ddbe7de075b44e8ddcbb087f1.jpg 200 OK (38ms)
[wrangler:inf] PUT /images/ingest/external%2Fe66abdca92f63d3167b1f25fd94fa6cda0772fcc.png 200 OK (38ms)
[wrangler:inf] PUT /images/ingest/external%2F9c431134da3b4bf5abc1aa4efd4bcda32743fb6e.png 200 OK (33ms)
[wrangler:inf] PUT /images/ingest/external%2F90f89d4f602d44007fd22494dad30778d8dd27cb.png 200 OK (36ms)
[wrangler:inf] PUT /images/ingest/external%2Fdc33aa97aad68569b5b171b1fdde7c2663e847e1.jpg 200 OK (44ms)
[wrangler:inf] PUT /images/ingest/external%2F082a7b101851ad7b69318abe091bd4223b55c608.png 200 OK (119ms)
[wrangler:inf] PUT /images/ingest/external%2F13d931ff48a5f63ed07badfc2caa5b6e5a0c76d4.jpg 200 OK (19ms)
[wrangler:inf] PUT /images/ingest/external%2F383a7e532e1959c1c6e96361a816658d84dd7809.jpg 200 OK (16ms)
[wrangler:inf] PUT /images/ingest/external%2Fc2b59b1bb9ea5a8dc1c2dcc4498392b95b826fce.jpg 200 OK (22ms)
[wrangler:inf] PUT /images/ingest/external%2Fcf16c32121473f67d4bcbd487cff4f644e2b5f91.png 200 OK (32ms)
[wrangler:inf] PUT /images/ingest/external%2F3a247407b9e5f3fb6bf997f9267ca0d017cf9280.png 200 OK (15ms)
[wrangler:inf] PUT /images/ingest/external%2F34704e34cb5366b265b7cbc4dc54da372666a43a.png 200 OK (12ms)
[wrangler:inf] PUT /images/ingest/external%2F780036d24dd084c63f9ee8f4b478629f13b40dfe.jpg 200 OK (12ms)
[wrangler:inf] PUT /images/ingest/external%2Fdcc7b236d8e6714eb4fe949930c3574b29db529c.jpg 200 OK (21ms)
[wrangler:inf] PUT /images/ingest/external%2Fd6d69cda647b57272110e476027e19a88de235c1.png 200 OK (28ms)
[wrangler:inf] PUT /images/ingest/external%2Fafa690f37f0add0219e56beb9836eadac5ea62ea.png 200 OK (17ms)
[wrangler:inf] PUT /images/ingest/external%2Ff5340083c487e046ab15d19bc5bf94520f5b3f32.jpg 200 OK (21ms)
[wrangler:inf] PUT /images/ingest/external%2F1b9988d11fb9a7cb8ecafe6fa6f7667dc7fdcdf3.jpg 200 OK (18ms)
[wrangler:inf] PUT /images/ingest/external%2F5e87f6ae88ab27d7fdb63810bb74690d07431b77.jpg 200 OK (22ms)
[wrangler:inf] PUT /images/ingest/external%2F54fe1894587b43c249c9e3b7eb45060b93fadc71.png 200 OK (37ms)
[wrangler:inf] PUT /images/ingest/external%2Ff161ccb4ff4f860fa60f0c514779bb358df2d967.png 200 OK (34ms)
[wrangler:inf] PUT /images/ingest/external%2F1dccc5e7c0036444beee9f2defc933d904c6ac34.png 200 OK (25ms)
[wrangler:inf] PUT /images/ingest/external%2F82494d27ba5a4aa6e54dc4604a3887739c32a248.jpg 200 OK (14ms)
[wrangler:inf] PUT /images/ingest/external%2F44c2cbe4c0a4ded4535ac1ff891c0f9fa2ed6e97.png 200 OK (16ms)
[wrangler:inf] PUT /images/ingest/external%2Fe6c00392bc0905b3628da0602e1dff088329e20a.png 200 OK (15ms)
[wrangler:inf] PUT /images/ingest/external%2F213ff54568e2ab0a22fd51ea66bae8b33b748593.png 200 OK (22ms)
[wrangler:inf] PUT /images/ingest/external%2Fb629438c312f3ca57652b509b5684ea080565a68.png 200 OK (16ms)
[wrangler:inf] PUT /images/ingest/external%2F30950fac1461e03a15bc793e984b787b97198d18.png 200 OK (26ms)
[wrangler:inf] PUT /images/ingest/external%2Ff8b29b9a82708ced70da12fb97773d95ccb4fe8d.png 200 OK (23ms)
[wrangler:inf] PUT /images/ingest/external%2F5999aa99466365e289027cbf1d4ece0e78320c72.png 200 OK (29ms)
[wrangler:inf] PUT /images/ingest/external%2F22d4c754683dcf5547dc5d5a96cab3998b32583d.png 200 OK (33ms)
[wrangler:inf] PUT /images/ingest/external%2Ff85e367ae2eb134b9a0da7998541657a7fdad948.png 200 OK (52ms)
[wrangler:inf] PUT /images/ingest/external%2Fba48c69e82e56a19a87399d768145ba40f6ef449.jpg 200 OK (60ms)
[wrangler:inf] PUT /images/ingest/external%2F411bbe553d94fb16438a1adf428ee3adc3bbd5b4.png 200 OK (73ms)
[wrangler:inf] PUT /images/ingest/external%2F0b4e3d01f0e7af3f7de910f1ef09bf408f850307.png 200 OK (52ms)
[wrangler:inf] PUT /images/ingest/external%2F611cd5cf1bd170716f821865776faf852056147b.jpg 200 OK (66ms)
[wrangler:inf] PUT /images/ingest/external%2Fe5717fc33f8cd8b46c5c39d8ee8d36d28f8729fe.jpg 200 OK (66ms)
[wrangler:inf] PUT /images/ingest/external%2F85f278d0054475786b358302479ad85f64dfabf5.jpg 200 OK (73ms)
[wrangler:inf] PUT /images/ingest/external%2F44063ab5208bb6ad5cbfc6ad6a619a48ad8cedf8.jpg 200 OK (59ms)
[wrangler:inf] PUT /images/ingest/external%2Fe450535072c14c3d5f2719eee6ce7567b7aaa3df.jpg 200 OK (59ms)
[wrangler:inf] PUT /images/ingest/external%2F7b1b7e7c78f268711ff0128201cbd3d2c20a5e71.jpg 200 OK (25ms)
[wrangler:inf] PUT /images/ingest/external%2Fe03903b977615f92fbeaad6afd329b69d30ae76f.jpg 200 OK (13ms)
[wrangler:inf] PUT /images/ingest/external%2F8ac4d2793f65b771a8f2eee0a49d2a40e3e3faaf.jpg 200 OK (12ms)
[wrangler:inf] PUT /images/ingest/external%2F43a467a3caa7513b1a1ecfb9d6d59d190882279b.jpg 200 OK (16ms)
[wrangler:inf] PUT /images/ingest/external%2Fe6f41544b21165485da8b4cffb7e025ebad9cd6c.png 200 OK (15ms)
[wrangler:inf] PUT /images/ingest/external%2F92c7c91c18ca9ba5b6fd67e7194cb003b651583f.jpg 200 OK (14ms)
[wrangler:inf] PUT /images/ingest/external%2Fff62b8d7eb84eefffe1bb052a92c80c97d45300c.jpg 200 OK (24ms)
[wrangler:inf] PUT /images/ingest/external%2F2c64a439a555ab835a3fb0fd0ccc5d72950da041.png 200 OK (29ms)
[wrangler:inf] PUT /images/ingest/external%2Fc2072d2d9caa48d3c1e0714edbbae90b3ea5ee84.jpg 200 OK (31ms)
[wrangler:inf] PUT /images/ingest/external%2F4014a60bd62ec08849bde1407ca5271efffbf0ee.png 200 OK (21ms)
[wrangler:inf] PUT /images/ingest/external%2F6dff339276635f99341ed78c98b7e1a75b84e2c9.jpg 200 OK (15ms)
[wrangler:inf] PUT /images/ingest/external%2Ff78f0717e73b42930fb36a72fff719750930b691.png 200 OK (18ms)
[wrangler:inf] PUT /images/ingest/external%2F9ddf1743db0040a188227ee1b383314ad5aa827a.png 200 OK (27ms)
[wrangler:inf] PUT /images/ingest/external%2Fed06a90081fc80018b75ea877e844fe0be3d3199.png 200 OK (28ms)
[wrangler:inf] PUT /images/ingest/external%2Fc644ef5da78970ffe53168f891c1c6b40076dc71.png 200 OK (27ms)
[wrangler:inf] PUT /images/ingest/external%2F0a83d4a76cbc9f3da8fa3c1f5a4921a846be36a2.png 200 OK (14ms)
[wrangler:inf] PUT /images/ingest/external%2Fc29ca29aa3d3b6e7b15192eba7c70e4148ccb6e6.png 200 OK (34ms)
[wrangler:inf] PUT /images/ingest/external%2F6c000843695eddded68ea393f1b55b1785c5d102.png 200 OK (36ms)
[wrangler:inf] PUT /images/ingest/external%2F51d70e3e3c0b7e9d895a59392ab2c60c2ceae4a2.png 200 OK (26ms)
[wrangler:inf] PUT /images/ingest/external%2F8c3b7ff9f90eb1710b54d6a4ddb54d80124e4868.png 200 OK (44ms)
[wrangler:inf] PUT /images/ingest/external%2F68156962a397338e4494495050c85b922a87c074.png 200 OK (15ms)
[wrangler:inf] PUT /images/ingest/external%2F3e53b547cfc8c6e6e5701b2ec7b5307397121af8.png 200 OK (14ms)
[wrangler:inf] PUT /images/ingest/external%2F6758936860e965b0ed7cf9c5732fc7a8eb4bdf69.png 200 OK (15ms)
[wrangler:inf] PUT /images/ingest/external%2F79f304b945e7cdcf2ceefa49a799599c1d05a965.jpg 200 OK (13ms)
[wrangler:inf] PUT /images/ingest/external%2F4796b89162730147c87a00eb53e17413936e9024.png 200 OK (15ms)
[wrangler:inf] PUT /images/ingest/external%2Fb515327076fcab914add83af50cd3a4040d6a6f8.png 200 OK (26ms)
[wrangler:inf] PUT /images/ingest/external%2F7fefae284faab0a52794e261d78f33fa2c46f6f5.png 200 OK (37ms)
[wrangler:inf] PUT /images/ingest/external%2F0843aace3a50b056b983ae9eda747afff0bce98b.png 200 OK (43ms)
[wrangler:inf] PUT /images/ingest/external%2F84752a3b4041473ad0248e334c2a1f947e31b888.png 200 OK (17ms)
[wrangler:inf] PUT /images/ingest/external%2F8337006486594090a7dc5122f95713b7da5bc7ac.jpg 200 OK (15ms)
[wrangler:inf] PUT /images/ingest/external%2F6dd52e4966e2a7e3cd1f47d8e44c45747bc6fda6.png 200 OK (15ms)
[wrangler:inf] PUT /images/ingest/external%2Ff2d512377d7714b6e7ca46bf7765e37453aefca4.png 200 OK (12ms)
[wrangler:inf] PUT /images/ingest/external%2F3d2aa7761431e095ff343ad9b18ae828dca90db7.png 200 OK (13ms)
[wrangler:inf] PUT /images/ingest/external%2Ff1ea2adb29678231d6a1afdf21d6db86d0fb4871.png 200 OK (43ms)
[wrangler:inf] PUT /images/ingest/external%2F290ad798d20d9c6d1adb3ff8599fa4c32ebb6bdd.png 200 OK (50ms)
[wrangler:inf] PUT /images/ingest/external%2Fe2e611aadcce9a7cc148b7c504682518cba8bec2.png 200 OK (58ms)
[wrangler:inf] PUT /images/ingest/external%2Fc2470fe6d2c18e5b7388f109648a6cb4be54923b.png 200 OK (72ms)
[wrangler:inf] PUT /images/ingest/external%2F2aa8dc457f6acb8001ab1e815f6ce920ae18f36b.png 200 OK (72ms)
[wrangler:inf] PUT /images/ingest/external%2F3322f41c02d95df35526be4c10b5675bb94e8e3c.png 200 OK (73ms)
[wrangler:inf] PUT /images/ingest/external%2F0a5fa27920a17906bce251b119fc43ce09fe00f4.png 200 OK (80ms)
[wrangler:inf] PUT /images/ingest/external%2F271036e895374fd151d7232093d53659e7832870.png 200 OK (101ms)
[wrangler:inf] PUT /images/ingest/external%2F71163cf12654099ab63763d28788c01c92d12933.png 200 OK (74ms)
[wrangler:inf] PUT /images/ingest/external%2F5876eea503e89fb0ed4f2d03fb966314c2b28cc1.png 200 OK (53ms)
[wrangler:inf] PUT /images/ingest/external%2F209daf38b90dedb7714adc2db81d26dbaba690eb.png 200 OK (14ms)
[wrangler:inf] PUT /images/ingest/external%2Ff577c51fd04677792a6f6cd7b401448012486afe.jpg 200 OK (15ms)
[wrangler:inf] PUT /images/ingest/external%2F5359d9385a379ec0d733115d1ac11f543dc701f6.png 200 OK (16ms)
[wrangler:inf] PUT /images/ingest/external%2F263be47f1b8df6a1874f4e3b6694fede33a30b20.png 200 OK (15ms)
[wrangler:inf] PUT /images/ingest/external%2Fe29367e49dd35c8f9204ec37386d8604ccf94f0b.png 200 OK (14ms)
[wrangler:inf] PUT /images/ingest/external%2Fb8879c22fa7b6113e9db3432dd1f28bf417bf238.png 200 OK (13ms)
[wrangler:inf] PUT /images/ingest/external%2F4728ca87301c52d5e5ded4323ddb46ae438e276c.png 200 OK (23ms)
[wrangler:inf] PUT /images/ingest/external%2Fdbf975b6a71287b8067270011ff3bf9a26fab5a1.png 200 OK (37ms)
[wrangler:inf] PUT /images/ingest/external%2F6f1dadddca4c02196474001e58fac131df828b1e.png 200 OK (50ms)
[wrangler:inf] PUT /images/ingest/external%2F11d7773cbf6851f23c15d83822f2c2f44bfe647d.png 200 OK (50ms)
[wrangler:inf] PUT /images/ingest/external%2F569bc050393a83db858ba495433d6a46bf960ae4.png 200 OK (44ms)
[wrangler:inf] PUT /images/ingest/external%2F53eb0d435af6bb8b27122cf3c4a40bb908b83297.png 200 OK (45ms)
[wrangler:inf] PUT /images/ingest/external%2F82362d8fc1e64a820acd4156da07b60582ac4166.png 200 OK (57ms)
[wrangler:inf] PUT /images/ingest/external%2F881460c439ab971d5d3030f35a9b69851824ab49.jpg 200 OK (33ms)
[wrangler:inf] PUT /images/ingest/external%2F403688e9461063ce511b314378a3aac04ced9b28.png 200 OK (37ms)
[wrangler:inf] PUT /images/ingest/external%2Fd52c34f2e7fa5e9e37385cdef823dc5b0e6a07a3.png 200 OK (14ms)
[wrangler:inf] PUT /images/ingest/external%2F078fe7e7684790b10a02532833ddd83035409183.png 200 OK (16ms)
[wrangler:inf] PUT /images/ingest/external%2F8ed34e58c0cc8066af4c949e95f0063a5398764b.png 200 OK (12ms)
[wrangler:inf] PUT /images/ingest/external%2Fe2ffc42da9c5d51788384703ccd16071daaeba19.png 200 OK (30ms)
[wrangler:inf] PUT /images/ingest/external%2F37114666b9aeb5ad2891737fc1fa2113d8c1d1c7.png 200 OK (44ms)
[wrangler:inf] PUT /images/ingest/external%2F5ee9713971a8e085c4a321c7438daa2aa97f5cbb.png 200 OK (19ms)
[wrangler:inf] PUT /images/ingest/external%2F9c69f52f36eb675bd9bf137cda9989218e2f576d.png 200 OK (19ms)
[wrangler:inf] PUT /images/ingest/external%2F28643a61dca6810a8748ec1affa741d12403b752.png 200 OK (31ms)
[wrangler:inf] PUT /images/ingest/external%2F9e614a2a5eff201fe573ff5d22b46b3778384325.png 200 OK (40ms)
[wrangler:inf] PUT /images/ingest/external%2F48d03fffd729d767c89df24fc67c25c3a6c89db2.png 200 OK (28ms)
[wrangler:inf] PUT /images/ingest/external%2Fe181578eca8fc00a2f76e05306e531e952d2937f.png 200 OK (31ms)
[wrangler:inf] PUT /images/ingest/external%2F433014d4a44e001a33318fd178c97c6014395520.png 200 OK (42ms)
[wrangler:inf] PUT /images/ingest/external%2F27d0ebd46d2bfe2098046cbe5431c59bcd2cbfec.jpg 200 OK (23ms)
[wrangler:inf] PUT /images/ingest/external%2Fe668c52a9df89e908334c37d0286a844f047f306.png 200 OK (24ms)
[wrangler:inf] PUT /images/ingest/external%2Fa0ff02ad510a88d3bb49b4254067ec8ea8acdffa.jpg 200 OK (36ms)
[wrangler:inf] PUT /images/ingest/external%2F8e9093acd42a9348b56f4a89231cce6202d41246.png 200 OK (14ms)
[wrangler:inf] PUT /images/ingest/external%2F80e285b267f9b40c1eeaf03a47db93ce098a5535.png 200 OK (24ms)
[wrangler:inf] PUT /images/ingest/external%2F901f019bb8bdc4c3b45087a20d7fae741855c855.jpg 200 OK (32ms)
[wrangler:inf] PUT /images/ingest/external%2F3539c7f0681f7696ca224142bb40d2c633ffa1a4.png 200 OK (25ms)
[wrangler:inf] PUT /images/ingest/external%2Fdec8c86d5fa662e90351ae7b90c2d0f953975812.png 200 OK (29ms)
[wrangler:inf] PUT /images/ingest/external%2Ff20094adc4988a41b5433003dda196d0af345a8c.png 200 OK (31ms)
[wrangler:inf] PUT /images/ingest/external%2Fbb5c7e637a01af696b241dac7f7cdc23e00a9c1d.png 200 OK (18ms)
[wrangler:inf] PUT /images/ingest/external%2F21c2c94096546f47299ea0b6bfeb5add3301303e.png 200 OK (19ms)
[wrangler:inf] PUT /images/ingest/external%2F51c5c4a06a217c6a0db40e3646b556c991f5c04c.png 200 OK (17ms)
[wrangler:inf] PUT /images/ingest/external%2Fca1718ddbe7db870e78940e9f1a0516f92a045d1.jpg 200 OK (14ms)
[wrangler:inf] PUT /images/ingest/external%2Ffe6c559cd4da5cf43cfd6003e5a58b62bb362239.png 200 OK (28ms)
[wrangler:inf] PUT /images/ingest/external%2Fb7b25f3ba8432d4e1490b6871bac1f45f947851d.png 200 OK (36ms)
[wrangler:inf] PUT /images/ingest/external%2Feba635ab3969df7f6d49bb50a61f4bc39feb7931.png 200 OK (26ms)
[wrangler:inf] PUT /images/ingest/external%2F3c88834c66c58e4e88b6b4275d2229a2d77c77ab.png 200 OK (13ms)
[wrangler:inf] PUT /images/ingest/external%2Fb87b9efdad6cddd6bd3a1c9a9984874fb34f5577.png 200 OK (14ms)
[wrangler:inf] PUT /images/ingest/external%2Facfb6329e0e5ada2140149c03aa52494e637f751.png 200 OK (13ms)
[wrangler:inf] PUT /images/ingest/external%2Fd964aaa063c35d3759f0d5dc830b9275ded37eac.png 200 OK (13ms)
[wrangler:inf] PUT /images/ingest/external%2F1a509b4c7f573862270eff6ac74262fa8420c185.png 200 OK (21ms)
[wrangler:inf] PUT /images/ingest/external%2Fc2d8282b04b16f5340338a86cc459cd30fd16905.png 200 OK (30ms)
[wrangler:inf] PUT /images/ingest/external%2F32cb4b4b870c7981e1b72d077256a42c7e453292.png 200 OK (35ms)
[wrangler:inf] PUT /images/ingest/external%2F6a315032d40e4d14a4aea9c8c621da3d096a0f3f.png 200 OK (15ms)
[wrangler:inf] PUT /images/ingest/external%2F66d674aa7454cd85262923f293035a67f7be20ea.png 200 OK (15ms)
[wrangler:inf] PUT /images/ingest/external%2Fbf89ac6d26b2fdff8fc361365a3a15a897ad08df.png 200 OK (14ms)
[wrangler:inf] PUT /images/ingest/external%2F2964404b36248cf68c51ba8c344414427bfb6098.png 200 OK (13ms)
[wrangler:inf] PUT /images/ingest/external%2F607c37f00861ee9ae66e654e827778d53e6388ec.png 200 OK (16ms)
[wrangler:inf] PUT /images/ingest/external%2F61f119d4e902d32feb34642ac08febcfec5ef6b3.png 200 OK (24ms)
[wrangler:inf] PUT /images/ingest/external%2F63c589ef9f5f3568e1be45fc3d3dc8d01c8639b8.png 200 OK (13ms)
[wrangler:inf] PUT /images/ingest/external%2Fa69ea79c9c9a9ff05961f9d1a67c26ee958ee753.png 200 OK (12ms)
[wrangler:inf] PUT /images/ingest/external%2Fde8721516b29255e4ba2b2b8f2f3674badeb6c95.png 200 OK (23ms)
[wrangler:inf] PUT /images/ingest/external%2Fcc84524851a16453472edfe7888488f89a15ec92.png 200 OK (13ms)
[wrangler:inf] PUT /images/ingest/external%2F82cc0ab88f8fb529a194bac0e302a97ac3eb420d.png 200 OK (19ms)
[wrangler:inf] PUT /images/ingest/external%2F51f528f9ee915561240b17ee5ebc5a26cfee095d.png 200 OK (16ms)
[wrangler:inf] PUT /images/ingest/external%2Fbefd5bc08d0b57016db611bd8c41605a232ad562.png 200 OK (21ms)
[wrangler:inf] PUT /images/ingest/external%2F1a50a05d86c93c359573ec0d02148b5aff5901ab.png 200 OK (14ms)
[wrangler:inf] PUT /images/ingest/external%2Fd4702d8786d8685fc6ca111e982b05944233bda1.png 200 OK (16ms)
[wrangler:inf] PUT /images/ingest/external%2F4139cc4e3d51950b967453618ea9afd9a49d6d90.png 200 OK (22ms)
[wrangler:inf] PUT /images/ingest/external%2F5dfe2e3cb5ad3c02c085486feb0cf0fe13c1240d.png 200 OK (24ms)
[wrangler:inf] PUT /images/ingest/external%2F3bc1fefe0002e9606afca2bd9190dd964a830863.png 200 OK (39ms)
[wrangler:inf] PUT /images/ingest/external%2F93c7f8faf1c2551b6dcf0a565341aec409c34c62.png 200 OK (37ms)
[wrangler:inf] PUT /images/ingest/external%2Ff7075a496f83e955c1b168d401eddc202b205169.png 200 OK (45ms)
[wrangler:inf] PUT /images/ingest/external%2Fc7a1b4f7047445440c59bb656e631978a60c9754.png 200 OK (43ms)
[wrangler:inf] PUT /images/ingest/external%2F62fc2e3aef601e9a887d5f8c75879908b1d3c7aa.png 200 OK (22ms)
[wrangler:inf] PUT /images/ingest/external%2Fae17fc881da2c8a0d5d90dbc7bdc06126a5ffb6c.png 200 OK (13ms)
[wrangler:inf] PUT /images/ingest/external%2F63393c72ac529d2d995c503b7a0171d57f874291.png 200 OK (22ms)
[wrangler:inf] PUT /images/ingest/external%2F80c346a0fb7579f632018d75206b926238c29dcd.jpg 200 OK (22ms)
[wrangler:inf] PUT /images/ingest/external%2F779d988c407d250b1093892f2912e334c10b5bfd.jpg 200 OK (27ms)
[wrangler:inf] PUT /images/ingest/external%2F3fd5e1800279d8248f7efafa27bc6fd2f5172f9a.jpg 200 OK (43ms)
[wrangler:inf] PUT /images/ingest/external%2Fad7a3c4b03c90518b732b891888c79d8a8b48bfa.jpg 200 OK (35ms)
[wrangler:inf] PUT /images/ingest/external%2Fbeb0f071aaf9e9d1da8df4f4ed26d0351343d5a9.png 200 OK (32ms)
[wrangler:inf] PUT /images/ingest/external%2F77c105a7292bc2ba4f8e3502223d36f7e0af094d.png 200 OK (13ms)
[wrangler:inf] PUT /images/ingest/external%2F6387459b0845597149c560efbc18fd78e43e6bc2.png 200 OK (16ms)
[wrangler:inf] PUT /images/ingest/external%2Fb51c78730924d875b180f4ccb468cf5aa37e7b83.png 200 OK (24ms)
[wrangler:inf] PUT /images/ingest/external%2Fe0a4f421c4fbfd21e08c10d9bb8991a38d72dba9.png 200 OK (24ms)
[wrangler:inf] PUT /images/ingest/external%2F7685cc8c1b8c3455df3b22ac45a7f7104ffee074.png 200 OK (13ms)
[wrangler:inf] PUT /images/ingest/external%2F513f0edccf64e937ceb50be142f52932f5e82206.png 200 OK (13ms)
[wrangler:inf] PUT /images/ingest/external%2Fdc5304e47159aa94316ff01fa5c6ae60926ce508.png 200 OK (21ms)
[wrangler:inf] PUT /images/ingest/external%2F619ad392ad6a75b19af048f3b0971f3e533e7953.png 200 OK (29ms)
[wrangler:inf] PUT /images/ingest/external%2Fa419d2d64f1ee1326f14243b514f785815fddd11.png 200 OK (22ms)
[wrangler:inf] PUT /images/ingest/external%2F42383bfc65aab578c320fd1dde70fbae80b2c00b.jpg 200 OK (27ms)
[wrangler:inf] PUT /images/ingest/external%2F45c7e095a0b82f932059d6910c06c29256487415.png 200 OK (36ms)
[wrangler:inf] PUT /images/ingest/external%2F01304d35c1eb5d572618bb063f665d7e875f2c1d.jpg 200 OK (51ms)
[wrangler:inf] PUT /images/ingest/external%2Fbdbeda448688fed9431ab823adb99048a728e961.jpg 200 OK (48ms)
[wrangler:inf] PUT /images/ingest/external%2F7bcbb16470ee3637dbde18647a3827d78b6bd599.jpg 200 OK (59ms)
[wrangler:inf] PUT /images/ingest/external%2F7f7a48becc2b68668236c7484f8824fb3cc140ef.png 200 OK (39ms)
[wrangler:inf] PUT /images/ingest/external%2F849c612c9a015d6cef1fd06a217be715d4a26bd1.png 200 OK (62ms)
[wrangler:inf] PUT /images/ingest/external%2F48ce45986032c8add33844e07b492b7bac9b6acd.jpg 200 OK (64ms)
[wrangler:inf] PUT /images/ingest/external%2F37dd0ca9d97f837113b2b4ae98febf8befbd053a.png 200 OK (78ms)
[wrangler:inf] PUT /images/ingest/external%2Ff7415223e95141e5881a6503d9763c23ffce7476.png 200 OK (60ms)
[wrangler:inf] PUT /images/ingest/external%2F00b31d403d5fec4cf288436c757b0f2c25d5449b.png 200 OK (54ms)
[wrangler:inf] PUT /images/ingest/external%2F0a04c83e1be6ac4f8b7d635a679b5323e6fa450a.png 200 OK (61ms)
[wrangler:inf] PUT /images/ingest/external%2Fd32be9287ca592e85b11ef43defa046f5827857d.png 200 OK (82ms)
[wrangler:inf] PUT /images/ingest/external%2F301c1255f99d5949e9a57b36cbecca4a7f956300.png 200 OK (15ms)
[wrangler:inf] PUT /images/ingest/external%2F2c08aa137d5c59283ec4e05aebade197bb00939a.png 200 OK (23ms)
[wrangler:inf] PUT /images/ingest/external%2F6cc653e8a04ee31a4f4016e18493559bb9d7b00b.png 200 OK (18ms)
[wrangler:inf] PUT /images/ingest/external%2Fe4046d307969355953006bd167cbbb4778404238.png 200 OK (24ms)
[wrangler:inf] PUT /images/ingest/external%2F904b55fdaad0e239c6905c34378dce4a2ef8d018.png 200 OK (28ms)
[wrangler:inf] PUT /images/ingest/external%2F35d2c472675ba9be536e8f73530b61b770b1a733.png 200 OK (13ms)
[wrangler:inf] PUT /images/ingest/external%2F30c5fe143f6d9e447a44cb5ccf73b2dfee19736b.png 200 OK (13ms)
[wrangler:inf] PUT /images/ingest/external%2Fa62bc21e09c46660ade7bb862863b2376ecebe53.png 200 OK (14ms)
[wrangler:inf] PUT /images/ingest/external%2F7d0ecf976d6ece22fde3b0fceaef21f8bfb6b7d8.png 200 OK (14ms)
[wrangler:inf] PUT /images/ingest/external%2Fb00f9bdd4c8eabc28ce1f38413dd58e8693d78ed.png 200 OK (13ms)
[wrangler:inf] PUT /images/ingest/external%2F5719cde82b18a9eb2cbf382b7030a56c64897a52.png 200 OK (14ms)
[wrangler:inf] PUT /images/ingest/external%2F150619ccfdf3cb6e364d8e26084c3798a227d919.png 200 OK (26ms)
[wrangler:inf] PUT /images/ingest/external%2Fcece689fee97cf46e441990fa2320b14e7e3410a.jpg 200 OK (35ms)
[wrangler:inf] PUT /images/ingest/external%2Ffc16cc6ecc0cc0a8bce6fd9ce0b81281f883aa0d.png 200 OK (64ms)
[wrangler:inf] PUT /images/ingest/external%2F7f41c073b54407b7991fc82f46b6bf52bc0ff538.png 200 OK (63ms)
[wrangler:inf] PUT /images/ingest/external%2F89d801e537b97f9e5ace30ddff0344dc93f395a0.png 200 OK (51ms)
[wrangler:inf] PUT /images/ingest/external%2F6bd0abe49d78214cee0729543cb177f357c01a9e.png 200 OK (59ms)
[wrangler:inf] PUT /images/ingest/external%2F66a1be1466e44cf057b16031b681dfed234ab3ad.png 200 OK (13ms)
[wrangler:inf] PUT /images/ingest/external%2Fc9f904244b38ef58c49016729f63a15492e6fe8a.jpg 200 OK (26ms)
[wrangler:inf] PUT /images/ingest/external%2F6b1c664305a170c7e6528fe57dfa89939ccd9ce3.jpg 200 OK (27ms)
[wrangler:inf] PUT /images/ingest/external%2Fd46bd974e318f553aaed12de92a408ef779332be.jpg 200 OK (51ms)
[wrangler:inf] PUT /images/ingest/external%2Fa0c9f5aa4f8da3980006ae895c12700a90e34584.jpg 200 OK (60ms)
[wrangler:inf] PUT /images/ingest/external%2Fcd2a484e5d52b892217bd3a9b6d6a60811154d30.png 200 OK (82ms)
[wrangler:inf] PUT /images/ingest/external%2Fb9d144d6d5b30170fabfa11cc705a7ed010326e4.png 200 OK (67ms)
[wrangler:inf] PUT /images/ingest/external%2F5c9f221f0a397367593bce23642741ff74045720.png 200 OK (42ms)
[wrangler:inf] PUT /images/ingest/external%2Fe275f2d50b561883a950c162b853eb86d32d55b0.png 200 OK (49ms)
[wrangler:inf] PUT /images/ingest/external%2F35d22ade2a0e887df7e5360557b72093e16bf560.png 200 OK (30ms)
[wrangler:inf] PUT /images/ingest/external%2F7937c4fcb753c3cf2612e8f44f91c72af6d824b1.png 200 OK (42ms)
[wrangler:inf] PUT /images/ingest/external%2F4f1e22da6381c4b6d10183fac06c6eb9d97cee7b.png 200 OK (26ms)
[wrangler:inf] PUT /images/ingest/external%2F66163b4162c5e6a9c81fdc6f27fdc1528da2deb8.png 200 OK (13ms)
[wrangler:inf] PUT /images/ingest/external%2Fcb91a16e7dfada5855fb40275c9bee2f3fe8bf65.png 200 OK (15ms)
[wrangler:inf] PUT /images/ingest/external%2F7cf88c373b2d3f09545642bb0ec76d2eecc08ef1.jpg 200 OK (14ms)
[wrangler:inf] PUT /images/ingest/external%2Fa84dfd5274c1769bc6e8a7d52109037f3ba87279.jpg 200 OK (14ms)
[wrangler:inf] PUT /images/ingest/external%2Fbcc1e314c88e73aa84aa358af6f063bc8c6bc0e4.png 200 OK (16ms)
[wrangler:inf] PUT /images/ingest/external%2Fca098dd98f87cf869c80bc24a9ab282895c30dcb.png 200 OK (20ms)
[wrangler:inf] PUT /images/ingest/external%2F6712f9452ea0a8e4be42b71af0f3fd81b7fdcfa8.png 200 OK (32ms)
[wrangler:inf] PUT /images/ingest/external%2F1c648f96fde88bd6032c3a32220b77a33cc82d14.png 200 OK (13ms)
[wrangler:inf] PUT /images/ingest/external%2F31176f8c7ecc86a4eb9230c7c04154a503b1b1cd.png 200 OK (14ms)
[wrangler:inf] PUT /images/ingest/external%2F2a7bd945c829d4e5f41d367c43d4e8e1a60f2ca5.jpg 200 OK (16ms)
[wrangler:inf] PUT /images/ingest/external%2F76171b2e42bf605d87880e7d5f81f887db9705a6.jpg 200 OK (18ms)
[wrangler:inf] PUT /images/ingest/external%2F87916946e7af32aec6f03828920d30ee35c7071b.png 200 OK (17ms)
[wrangler:inf] PUT /images/ingest/external%2F120171ded73cb5aa302f41f8dd24a9167778f16a.jpg 200 OK (23ms)
[wrangler:inf] PUT /images/ingest/external%2Ff8d5c3be8e294d7d8fc5c9a968bbaf68d3a2934e.jpg 200 OK (36ms)
[wrangler:inf] PUT /images/ingest/external%2F1e7f5e8053eeff3daa16a43a214689ec6a15ef76.jpg 200 OK (41ms)
[wrangler:inf] PUT /images/ingest/external%2Fb7e8220deac0badf4ed9ec7d033222b2774bb1ee.jpg 200 OK (20ms)
[wrangler:inf] PUT /images/ingest/external%2Fd019ce9fe89d01f296654dc4f7a622a7b9349924.png 200 OK (16ms)
[wrangler:inf] PUT /images/ingest/external%2Faa456d8423ef0e72e2d79acce2c74af61fd8fc86.jpg 200 OK (27ms)
[wrangler:inf] PUT /images/ingest/external%2F6d73fc97fcbae39d770f17e18a23ac9e8ce86b29.jpg 200 OK (41ms)
[wrangler:inf] PUT /images/ingest/external%2F6a4bfc99449c9f77afc7321698de91f85a9b2c93.jpg 200 OK (26ms)
[wrangler:inf] PUT /images/ingest/external%2F46a37a8e850ad0651b4f19caf1107e414407a1ca.jpg 200 OK (14ms)
[wrangler:inf] PUT /images/ingest/external%2F285243bb9f953293e5dc82ec5f8c1b16c3450db8.jpg 200 OK (29ms)
[wrangler:inf] PUT /images/ingest/external%2Ff07f6360adf0dba3aa4129ebb1d38f72a15612b4.png 200 OK (36ms)
[wrangler:inf] PUT /images/ingest/external%2F62011d82ab85a022b7cf5e99308028375d286fdf.jpg 200 OK (38ms)
[wrangler:inf] PUT /images/ingest/external%2F9b8a73100aa98837a795719b085d39633c403626.jpg 200 OK (26ms)
[wrangler:inf] PUT /images/ingest/external%2Fa626ac3667eef1fe1f24868750f4c62f53cde865.jpg 200 OK (25ms)
[wrangler:inf] PUT /images/ingest/external%2Fe71054840424432d02505d5611c66d5e0db08fc7.jpg 200 OK (19ms)
[wrangler:inf] PUT /images/ingest/external%2F89e882408a85784d0514f51930ffcf9209cdaaf7.jpg 200 OK (12ms)
[wrangler:inf] PUT /images/ingest/external%2Fba10ed3f63441deaa1f26e248f2dfba3908c011f.jpg 200 OK (14ms)
[wrangler:inf] PUT /images/ingest/external%2F41e2f6feeaa513350ad8100ae9b6a211b1e6b506.jpg 200 OK (21ms)
[wrangler:inf] PUT /images/ingest/external%2F34a54b2c9cf57a96961c198c710b1e31d39f5026.jpg 200 OK (13ms)
[wrangler:inf] PUT /images/ingest/external%2F17167cfcb34ce8a5226dd74057ff49d721e93771.jpg 200 OK (17ms)
[wrangler:inf] PUT /images/ingest/external%2F67df2a0b1a49e830404bce73bd723592d318c96c.jpg 200 OK (13ms)
[wrangler:inf] PUT /images/ingest/external%2F405fd58c89a14e5e8fc91ffaffcef384e0a89c39.jpg 200 OK (17ms)
[wrangler:inf] PUT /images/ingest/external%2F0949560aacaad79df79aea76caec5affeffafaf2.jpg 200 OK (15ms)
[wrangler:inf] PUT /images/ingest/external%2F268e0de605b61420fe1310ee4c11b22a5dbcf731.jpg 200 OK (27ms)
[wrangler:inf] PUT /images/ingest/external%2F0d81e45e2888f9b116d7529266a42f10c5610530.jpg 200 OK (14ms)
[wrangler:inf] PUT /images/ingest/external%2F8ffdbd74b7bb6966685ee2748d136185555ea74e.jpg 200 OK (24ms)
[wrangler:inf] PUT /images/ingest/external%2Fafc935a4c29270f7417b6bd7130546f74e34febd.jpg 200 OK (32ms)
[wrangler:inf] PUT /images/ingest/external%2F42eb4b1cc671fa35f17fdfa832f96c9826c6ece4.jpg 200 OK (46ms)
[wrangler:inf] PUT /images/ingest/external%2F31ee8010a0df23f76eee838fb584761ab8d8fe3f.png 200 OK (45ms)
[wrangler:inf] PUT /images/ingest/external%2Fc10d6c925e87240b10feb6aa62c14fd3779df562.jpg 200 OK (54ms)
[wrangler:inf] PUT /images/ingest/external%2F43056903d8d150e946f4e7725f2c97d668e9ceb3.png 200 OK (19ms)
[wrangler:inf] PUT /images/ingest/external%2F3424bc3165aa17f826df021d94138436222d5b6e.png 200 OK (41ms)
[wrangler:inf] PUT /images/ingest/external%2F1173b480ddbf7902ccca4e8aead211969799ad50.png 200 OK (58ms)
[wrangler:inf] PUT /images/ingest/external%2F0d08d3f81ff2c35cadbd1e0d533c6906245087ee.png 200 OK (55ms)
[wrangler:inf] PUT /images/ingest/external%2F2256a3df3cc0aa1cdb9151e87063f3dae6d7c726.png 200 OK (13ms)
[wrangler:inf] PUT /images/ingest/external%2Fb7026fac38a1293765f6404ada6fbd7fa0b573f0.png 200 OK (19ms)
[wrangler:inf] PUT /images/ingest/external%2F416a6d393e5fabde2aa913822d19e93e677befdf.png 200 OK (16ms)
[wrangler:inf] PUT /images/ingest/external%2Fd878f21dfe39e30398f22ee7cc0218fbfcbfbc32.png 200 OK (22ms)
[wrangler:inf] PUT /images/ingest/external%2F7c5502781a4092323e9be8dfdbbf6f378d82108a.png 200 OK (39ms)
[wrangler:inf] PUT /images/ingest/external%2Fe17a47f5fef33393bf681208cb9a2b10cb7fde44.jpg 200 OK (49ms)
[wrangler:inf] PUT /images/ingest/external%2F645f7226e6e7e3b33473852803fad8fdd3b6cd8c.png 200 OK (62ms)
[wrangler:inf] PUT /images/ingest/external%2Fe079584f9c2863828c1babc11d9eb7ef2b3e6519.png 200 OK (55ms)
[wrangler:inf] PUT /images/ingest/external%2F775e2102ab77d3f42670aa22af40845c3feec447.jpg 200 OK (56ms)
[wrangler:inf] PUT /images/ingest/external%2F07d6137dbe4081c7e0e3a707e0acce457594208f.png 200 OK (39ms)
[wrangler:inf] PUT /images/ingest/external%2Fa3c049b710ef636eb39606eee23ee988911c8197.jpg 200 OK (45ms)
[wrangler:inf] PUT /images/ingest/external%2F1766d41e20fd71d71079e62095c8f5441338728e.png 200 OK (31ms)
[wrangler:inf] PUT /images/ingest/external%2F6a7c5335501cc76d492da3263d6bd804e93e8361.jpg 200 OK (49ms)
[wrangler:inf] PUT /images/ingest/external%2Faaaa913719704d092380df96f67e0a2e8285d077.png 200 OK (49ms)
[wrangler:inf] PUT /images/ingest/external%2F57fd1ef610a60271d19bbbeb292d6661fa240108.png 200 OK (51ms)
[wrangler:inf] PUT /images/ingest/external%2Ff63ffd10b5087bebdfd22ab03f3453ee1a785cfc.png 200 OK (51ms)
[wrangler:inf] PUT /images/ingest/external%2Fa0065473648c4f02e2cc13b30cf8f13e268fb9d2.png 200 OK (54ms)
[wrangler:inf] PUT /images/ingest/external%2F681c98d150b15676cfa60ebf7efd368cd5459f6d.png 200 OK (78ms)
[wrangler:inf] PUT /images/ingest/external%2Fc9541e3f03feef252585a8547761dbe4f07acd25.png 200 OK (12ms)
[wrangler:inf] PUT /images/ingest/external%2Fcf016dfd458e895bcde19212ad7de8156d852cdb.png 200 OK (14ms)
[wrangler:inf] PUT /images/ingest/external%2F5dc0acac75c1571a32ea58b4aef726dca6b8cff1.png 200 OK (12ms)
[wrangler:inf] PUT /images/ingest/external%2F44fa0c0ef03fbcdb82d3220a6794a36fbde12bb9.jpg 200 OK (21ms)
[wrangler:inf] PUT /images/ingest/external%2F9a282b28ec7dae257e5babb64a98f73a7b49cb68.jpg 200 OK (23ms)
[wrangler:inf] PUT /images/ingest/external%2F6034bd4213a7863bf19780a2a7d171c77fe782d5.jpg 200 OK (16ms)
[wrangler:inf] PUT /images/ingest/external%2F2bbd84e873d27c9def1d5b9fbd77d74b67bc585f.jpg 200 OK (24ms)
[wrangler:inf] PUT /images/ingest/external%2F73d49dba6d4c84cca40e7b31796e3f650a357d91.png 200 OK (13ms)
[wrangler:inf] PUT /images/ingest/external%2Fe3f469dd4db0d457099f94646a5b3baa4a1f38ea.png 200 OK (19ms)
[wrangler:inf] PUT /images/ingest/external%2F13c18feba57b6ca6c41fbe8bb249b4d52d662c42.png 200 OK (26ms)
[wrangler:inf] PUT /images/ingest/external%2Fc60d77f864ca3a1c6f88d39c7578aaffdd138012.jpg 200 OK (33ms)
[wrangler:inf] PUT /images/ingest/external%2Fbd204f4c30de5cd4a1d95f37f83a699d32025437.png 200 OK (43ms)
[wrangler:inf] PUT /images/ingest/external%2Ffb959048c9e7722f3f88658a805c42df0260d1a3.png 200 OK (41ms)
[wrangler:inf] PUT /images/ingest/external%2Ff6871c30e67f846c3eb2cadbbea2fb3718ecd330.png 200 OK (16ms)
[wrangler:inf] PUT /images/ingest/external%2Ffc750af38aff0b630e0b2d0bb5cae37b60a28d55.png 200 OK (22ms)
[wrangler:inf] PUT /images/ingest/external%2F032d949ad34fae0e1a51d8791c13e119c1793652.jpg 200 OK (15ms)
[wrangler:inf] PUT /images/ingest/external%2F25077677c185268398f4ef5393f9e424a810a19d.jpg 200 OK (14ms)
[wrangler:inf] PUT /images/ingest/external%2F4564f5cbc1797ee589f7d3369b6a4a355cdc5e39.png 200 OK (19ms)
[wrangler:inf] PUT /images/ingest/external%2Fcf5f68894025f97aa0c9265ea33a50202711364c.jpg 200 OK (26ms)
[wrangler:inf] PUT /images/ingest/external%2F6b6aab771ca78d947034c4f82b6bc9f57ba3a52e.jpg 200 OK (24ms)
[wrangler:inf] PUT /images/ingest/external%2F21080421edc36aeff3550758d3c7e0bca65cc3ca.png 200 OK (43ms)
[wrangler:inf] PUT /images/ingest/external%2F8f43261fe26bce94d48b5dd262914e391de7c8bd.png 200 OK (85ms)
[wrangler:inf] PUT /images/ingest/external%2Fc3f575b11d7b7374c8a3d7b9d6f9870deda3e725.png 200 OK (69ms)
[wrangler:inf] PUT /images/ingest/external%2F4e83301492207ed58f2acd2741089ebdfd7b235a.png 200 OK (64ms)
[wrangler:inf] PUT /images/ingest/external%2F92e2c54f82a68cd933124734627c5ba9e2117126.png 200 OK (57ms)
[wrangler:inf] PUT /images/ingest/external%2F3c3b36f025efb68ed154b35a8ccf6f4ee4c91e2b.png 200 OK (60ms)
[wrangler:inf] PUT /images/ingest/external%2Fc15d89a107ceee2b4fde0e744822db45acd976ae.png 200 OK (83ms)
[wrangler:inf] PUT /images/ingest/external%2F62e1fe44bcecea255470dbf83db2a080998f6d46.png 200 OK (48ms)
[wrangler:inf] PUT /images/ingest/external%2Fb90a201db326a3b2b2693d2e173e38cd55cf7dfe.png 200 OK (26ms)
[wrangler:inf] PUT /images/ingest/external%2F5c0f741f72e21b40772b04b7648d84bee5c4d754.png 200 OK (13ms)
[wrangler:inf] PUT /images/ingest/external%2F3614769072f939d094ed0da5e1edeefc77d23fc1.png 200 OK (17ms)
[wrangler:inf] PUT /images/ingest/external%2Ff6eff563b6b8b0f9f9890903eb1f111dec16ddc9.png 200 OK (20ms)
[wrangler:inf] PUT /images/ingest/external%2Fff54c1eec7cc9457d8da404eda4ead3c3b75fe50.png 200 OK (13ms)
[wrangler:inf] PUT /images/ingest/external%2Fd70d405c01653c7570ad8ca1f09ee101795c6b58.png 200 OK (29ms)
[wrangler:inf] PUT /images/ingest/external%2Fafbd09aa49cdd912a525077770458b946bf260af.png 200 OK (36ms)
[wrangler:inf] PUT /images/ingest/external%2F12326e90bee73c8f985fecfe50015bfa4b335e7d.png 200 OK (37ms)
[wrangler:inf] PUT /images/ingest/external%2Fa8fdcb5052bba0a39c86205eef9ba69d3528f970.png 200 OK (48ms)
[wrangler:inf] PUT /images/ingest/external%2Fe5079685f4e62ccbc04cfaccf1f7a37f43bc3c19.png 200 OK (54ms)
[wrangler:inf] PUT /images/ingest/external%2F40dc10a33dc5bc8a96b31744713218d3e8111dee.png 200 OK (61ms)
[wrangler:inf] PUT /images/ingest/external%2Fba321d78af888082600ff44d07e6411071a4e2bd.png 200 OK (78ms)
[wrangler:inf] PUT /images/ingest/external%2F7615bba9b27b459ba35e186defc2aa1b46f798b5.png 200 OK (52ms)
[wrangler:inf] PUT /images/ingest/external%2Fc25ba22984f5f0d3464b701bb20dc7bd17931334.png 200 OK (43ms)
[wrangler:inf] PUT /images/ingest/external%2Fd3f9f7f7b7305508e940e917f8fceec16f98b766.png 200 OK (14ms)
[wrangler:inf] PUT /images/ingest/external%2Fc872bc7c257852b69cec1730f2e3283d08c263ab.png 200 OK (15ms)
[wrangler:inf] PUT /images/ingest/external%2F5f3d694231e8f20a66784a70f21fc1472fb46638.png 200 OK (24ms)
[wrangler:inf] PUT /images/ingest/external%2F8372bbfc9b5fa941f8630ee3fb1f5e6b933c4c63.png 200 OK (27ms)
[wrangler:inf] PUT /images/ingest/external%2Ffd9c216abe99964c07a3c296ad0a30c91a839efb.png 200 OK (51ms)
[wrangler:inf] PUT /images/ingest/external%2F7d1ae70f901e603988014494811def8c54674890.png 200 OK (51ms)
[wrangler:inf] PUT /images/ingest/external%2Fdf030ee815eaea7029a6927468b5f30aee02f8b2.png 200 OK (14ms)
[wrangler:inf] PUT /images/ingest/external%2F89ccc9b9e60631e4cb8b6135ec12baba1ee7c113.png 200 OK (15ms)
[wrangler:inf] PUT /images/ingest/external%2F2b3d9187293bc849a3dc6f8a0d4fb2fadf2b158e.png 200 OK (23ms)
[wrangler:inf] PUT /images/ingest/external%2Fa528560ee599d439e1063eb67db1a03d2bf8e705.png 200 OK (32ms)
[wrangler:inf] PUT /images/ingest/external%2F6e3594c4b9daa9ecff2f89cf5fddaf53c2772655.png 200 OK (35ms)
[wrangler:inf] PUT /images/ingest/external%2Fe0dbe1f9a14fb132780a5cd91a5cdda3cd4013fb.png 200 OK (38ms)
[wrangler:inf] PUT /images/ingest/external%2Ffa36bf252d8c9d45b2668e172754254363823dd0.png 200 OK (36ms)
[wrangler:inf] PUT /images/ingest/external%2Fe73085e6329ac141aefa87b5147d50ff3d29b4dd.png 200 OK (13ms)
[wrangler:inf] PUT /images/ingest/external%2F9b05f2fb7556a30f342d4f1324e2707523124786.png 200 OK (14ms)
[wrangler:inf] PUT /images/ingest/external%2Fd28850023b741c8767f53a6b820d60949aa68366.png 200 OK (12ms)
[wrangler:inf] PUT /images/ingest/external%2Fefd18cf0bf3413ee6af7fd8d151572623be34736.png 200 OK (19ms)
[wrangler:inf] PUT /images/ingest/external%2Fd1ee32b5d23059aa08d3276459ac42db42b47240.png 200 OK (25ms)
[wrangler:inf] PUT /images/ingest/external%2F123cc5533ee2146161e8a6d39a3bfb9ba7672fd1.png 200 OK (27ms)
[wrangler:inf] PUT /images/ingest/external%2F7dd682f67ca366577fad0fbc301f90420abfe279.jpg 200 OK (28ms)
[wrangler:inf] PUT /images/ingest/external%2Fdc41c2118d9f29da3448cd8df7e790569b0e3447.png 200 OK (19ms)
[wrangler:inf] PUT /images/ingest/external%2Fd42a99d47269746860853bd6d16d87594f260114.jpg 200 OK (16ms)
[wrangler:inf] PUT /images/ingest/external%2Fe6c95e1a9882cb73d00d0de476dcf753010e072f.png 200 OK (14ms)
[wrangler:inf] PUT /images/ingest/external%2F6777f7f31543156aec082efa9a8170bbcdb52f8e.png 200 OK (18ms)
[wrangler:inf] PUT /images/ingest/external%2F540af9e4b1121df966e2d3e9d4602a9169ec8d2b.png 200 OK (30ms)
[wrangler:inf] PUT /images/ingest/external%2Faaa1af74fb9052bf6f5897c66f41e6b19176d0af.png 200 OK (39ms)
[wrangler:inf] PUT /images/ingest/external%2F009da65f38ed4f11e7eefbc6418db46ff813e43a.png 200 OK (41ms)
[wrangler:inf] PUT /images/ingest/external%2F21c894444867015b011221223f1a81d34ea8aac3.png 200 OK (62ms)
[wrangler:inf] PUT /images/ingest/external%2Fc3b4dab199318a124d066ca05fe6285de41fba2e.png 200 OK (35ms)
[wrangler:inf] PUT /images/ingest/external%2Fd0d58a6a6863273dd3ad9be5905f12b1664ec705.png 200 OK (40ms)
[wrangler:inf] PUT /images/ingest/external%2Fa4f5d930486deec9ca537998e84896036566048b.png 200 OK (46ms)
[wrangler:inf] PUT /images/ingest/external%2F179c65a01461e4cf2811f678bfde243f629f0fd0.png 200 OK (40ms)
[wrangler:inf] PUT /images/ingest/external%2F791dc2cc20b96df2e099aa71ceb64d045959e830.png 200 OK (25ms)
[wrangler:inf] PUT /images/ingest/external%2Fa27a6a7c20971cb9df99ef1d35703570aa25ce7f.png 200 OK (51ms)
[wrangler:inf] PUT /images/ingest/external%2F133fa55f9bf6560ade053fd97f5b71257e0cd2bf.png 200 OK (20ms)
[wrangler:inf] PUT /images/ingest/external%2F2a9f98b9e197fad95b25f49119657e98472d7f23.png 200 OK (33ms)
[wrangler:inf] PUT /images/ingest/external%2F7073d697d1447aa004b672f08687f4b125c1fdce.png 200 OK (29ms)
[wrangler:inf] PUT /images/ingest/external%2F14f67605cb1a31beed3c08c21ec2f7f69b418507.png 200 OK (31ms)
[wrangler:inf] PUT /images/ingest/external%2F9c35141057bbb614764ccecd3a7de340c0199fc5.png 200 OK (37ms)
[wrangler:inf] PUT /images/ingest/external%2Fc6237d00fdb51f3c759d6430da2e43cb75cc1363.png 200 OK (36ms)
[wrangler:inf] PUT /images/ingest/external%2F41dae18a8c9cd8ff800a62cf5a254081ddacc7f0.png 200 OK (39ms)
[wrangler:inf] PUT /images/ingest/external%2Feea66cb0225f12fb48e994f8b738dbdc1effb115.png 200 OK (24ms)
[wrangler:inf] PUT /images/ingest/external%2F24cd7286fa47430f5f484e38514ab1b705cce704.png 200 OK (34ms)
[wrangler:inf] PUT /images/ingest/external%2F4c613b49fd3a6965243c0cd89cd6b89165c29f80.png 200 OK (16ms)
[wrangler:inf] PUT /images/ingest/external%2Fd4bec5612bfb33fe84e2141994106042d70e4e2a.png 200 OK (24ms)
[wrangler:inf] PUT /images/ingest/external%2Feb8a7292eb3da808c1b4be29448f77f70406a572.png 200 OK (32ms)
[wrangler:inf] PUT /images/ingest/external%2Fc3787898c5586e6585f53edfa5dc9ed5b11bd243.png 200 OK (34ms)
[wrangler:inf] PUT /images/ingest/external%2F79cdb3e9507bde19c34d8f7ceadd30becc07737b.png 200 OK (28ms)
[wrangler:inf] PUT /images/ingest/external%2F7356685a867348ee8f3b9016a8971d1a1a96bc51.png 200 OK (21ms)
[wrangler:inf] PUT /images/ingest/external%2Ff9b4427a97ca9c3de6ce74022d4c43be04f85b0c.png 200 OK (35ms)
[wrangler:inf] PUT /images/ingest/external%2F4e487cd57925a9ba2b21806e37eca65a08443a57.png 200 OK (41ms)
[wrangler:inf] PUT /images/ingest/external%2Fe7f0f47704f9c86cde0fdb9157368503c32c87ba.png 200 OK (32ms)
[wrangler:inf] PUT /images/ingest/external%2Fc35377941b2aa7edacb33deb8805e64e7f863385.png 200 OK (19ms)
[wrangler:inf] PUT /images/ingest/external%2F442a05eb29dd7debb779b6b9b77438a162e93d15.png 200 OK (16ms)
[wrangler:inf] PUT /images/ingest/external%2Fbf841375cf7c83fccabf3bd327bc3ce9c3372da4.png 200 OK (17ms)
[wrangler:inf] PUT /images/ingest/external%2F59fd7e6e9f23becd93f6684c6a40d314c72b65e5.png 200 OK (28ms)
[wrangler:inf] PUT /images/ingest/external%2F03cb2c7ee2b55f90b9582f187937b73b3cef4723.png 200 OK (37ms)
[wrangler:inf] PUT /images/ingest/external%2Fc43a5941e691792ec81dca49ac3f60a8571c69a8.png 200 OK (41ms)
[wrangler:inf] PUT /images/ingest/external%2Fe5c1e6f2c0f72374aa83aac73d70caf532c604c5.png 200 OK (13ms)
[wrangler:inf] PUT /images/ingest/external%2Fd82d567e3dba1b1b6ee9f5449fc1c3e9dff1ef85.png 200 OK (27ms)
[wrangler:inf] PUT /images/ingest/external%2F490bdc0d41a9ddd3c600479e44e0f52af3fd6354.png 200 OK (42ms)
[wrangler:inf] PUT /images/ingest/external%2Fa47b547497abac91ce8cdde72ccf452de28c0ce0.png 200 OK (43ms)
[wrangler:inf] PUT /images/ingest/external%2F231a16b670ceb1f4630480b0345e3b9504ee3758.png 200 OK (54ms)
[wrangler:inf] PUT /images/ingest/external%2Fb817bb2ce4c2007ab9f1dfd14ac22efccbe76e18.png 200 OK (60ms)
[wrangler:inf] PUT /images/ingest/external%2Fdfc82be59f0dcd33d884c1ef03a8376ca8d7fe53.png 200 OK (72ms)
[wrangler:inf] PUT /images/ingest/external%2F8192282876f38037618ac6cda13a0fa2c546f66a.png 200 OK (77ms)
[wrangler:inf] PUT /images/ingest/external%2F58b86a0c3f0e448d3afd1084b598bbbe477c08f6.png 200 OK (73ms)
[wrangler:inf] PUT /images/ingest/external%2Fed92299a9da7133fb8aee201880f6b15d5228e53.png 200 OK (47ms)
[wrangler:inf] PUT /images/ingest/external%2Fa14994088c7d2e7e4c369a786352c11bc133eb1b.png 200 OK (62ms)
[wrangler:inf] PUT /images/ingest/external%2F6938e7bdd4154b497a9c90e05bbf12bdafbd6ffa.png 200 OK (36ms)
[wrangler:inf] PUT /images/ingest/external%2F22fe28cd3dd3a6eecc9cc0206258042191b55cac.png 200 OK (15ms)
[wrangler:inf] PUT /images/ingest/external%2F0d4d29a55af38acb9d7c8e7c48256bc2133ec74d.png 200 OK (23ms)
[wrangler:inf] PUT /images/ingest/external%2F4e36ed6eb39fe733665f58ad4d798d6919df7478.png 200 OK (34ms)
[wrangler:inf] PUT /images/ingest/external%2F4626d1ee8f29fa33c5332eb2ef86a271ab1755fb.png 200 OK (46ms)
[wrangler:inf] PUT /images/ingest/external%2F7542a759087da733edb597ceb722da9b9f4a3ed7.png 200 OK (38ms)
[wrangler:inf] PUT /images/ingest/external%2Fe4bd9ad44543e72fc721e17fbb4c23b2e60e5ca6.png 200 OK (34ms)
[wrangler:inf] PUT /images/ingest/external%2F16ccc3ae2f865482fbbe52a86f7ee9631fd4c2e7.png 200 OK (28ms)
[wrangler:inf] PUT /images/ingest/external%2Fdab9782642e8abec90af07b9080bf98dc4fb06e3.png 200 OK (16ms)
[wrangler:inf] PUT /images/ingest/external%2F917e2c33250c377aabb20748f7bc990da1467cad.png 200 OK (15ms)
[wrangler:inf] PUT /images/ingest/external%2Febb9c7ba0cdae99aa82a15a8d35b3119b40f6ffa.png 200 OK (14ms)
[wrangler:inf] PUT /images/ingest/external%2Ffc20e876cdc82db89fd532d570cca4a691eb4b47.png 200 OK (13ms)
[wrangler:inf] PUT /images/ingest/external%2F6545cb9b4c9ae881305047fe1c7a2effd404bf96.png 200 OK (15ms)
[wrangler:inf] PUT /images/ingest/external%2Fa038962e5e1df9623d5f30f9882c7bd7ed5403f5.png 200 OK (14ms)
[wrangler:inf] PUT /images/ingest/external%2Ff161d2891e17a12e65b4f6749888d552a519c70b.png 200 OK (19ms)
[wrangler:inf] PUT /images/ingest/external%2Fe87f03edc4b4a03b23a18f61c5cf0d8465976ca7.png 200 OK (26ms)
[wrangler:inf] PUT /images/ingest/external%2F8c3c6dbf9bcf27320b45bc5ac9d01625b2dff948.png 200 OK (23ms)
[wrangler:inf] PUT /images/ingest/external%2F441f9a8b47037fe951104e533d7c0e2fcd0ba91e.png 200 OK (28ms)
[wrangler:inf] PUT /images/ingest/external%2F4b34ee2176a1d1262cd4393f8d4878ee7da80bc5.png 200 OK (36ms)
[wrangler:inf] PUT /images/ingest/external%2F5aa7cb6889a99d99d0ae02b7fe2dff5992f5a4bc.png 200 OK (34ms)
[wrangler:inf] PUT /images/ingest/external%2F10d3cb38edd5376f502e55e9255f280e4e1e0ee8.png 200 OK (28ms)
[wrangler:inf] PUT /images/ingest/external%2F09da5edbc8844f6716191f2a2618d0ef62555e81.png 200 OK (14ms)
[wrangler:inf] PUT /images/ingest/external%2Fb6c0d03d9fc1a224e4b5e433431cff6d67489532.jpg 200 OK (22ms)
[wrangler:inf] PUT /images/ingest/external%2F2eeef6850e299715595d86371b9d79a0e43451b0.png 200 OK (33ms)
[wrangler:inf] PUT /images/ingest/external%2F52421cb3d0dd9f9682466409d15b37e62acbec22.png 200 OK (42ms)
[wrangler:inf] PUT /images/ingest/external%2F901b21bcb0beaf9c1f06a0938c2eae97faed405a.png 200 OK (43ms)
[wrangler:inf] PUT /images/ingest/external%2F7b816652fa5af8b8267e030fc4c5538a69ae1c75.png 200 OK (18ms)
[wrangler:inf] PUT /images/ingest/external%2Fd4ed424dbcc445f6aaf2f8db564212063b00edb9.jpg 200 OK (23ms)
[wrangler:inf] PUT /images/ingest/external%2Fd15f9ac6c36169b3d1cdaa59b04f9d27e41986bc.jpg 200 OK (14ms)
[wrangler:inf] PUT /images/ingest/external%2Fff9fa3c2c0fb0d8d16cccb6f5062c5ba1835321a.jpg 200 OK (14ms)
[wrangler:inf] PUT /images/ingest/external%2F8906610f77b0a627eb87dadc474fb2b126227066.png 200 OK (17ms)
[wrangler:inf] PUT /images/ingest/external%2F9ecfe5299ba7a877b05bf830a343474c671e6b48.jpg 200 OK (20ms)
[wrangler:inf] PUT /images/ingest/external%2F3b80d2ff385210923f5d7c41d8900cbc5e2ff068.png 200 OK (15ms)
[wrangler:inf] PUT /images/ingest/external%2F79d92e6dcdbcd5e96343d4df125ddb3714fdab96.png 200 OK (24ms)
[wrangler:inf] PUT /images/ingest/external%2Fc8daa2c4aebb38aa0557ea025612d422b466140b.png 200 OK (45ms)
[wrangler:inf] PUT /images/ingest/external%2Fe7ea330173e5a5cc268bbedf65a9199900a71278.jpg 200 OK (40ms)
[wrangler:inf] PUT /images/ingest/external%2Fe65fd6d87c88026e7a33c9338d2d8c79133457fb.png 200 OK (55ms)
[wrangler:inf] PUT /images/ingest/external%2Fe498ee31aeec4dda26e2341dbf664825ff18a230.jpg 200 OK (54ms)
[wrangler:inf] PUT /images/ingest/external%2F9d468dabb0059a2cde56a9bef3f8077e71900a8b.jpg 200 OK (62ms)
[wrangler:inf] PUT /images/ingest/external%2F366ff4e3c2506aab9dbf0feeffb677d9c3c801f9.png 200 OK (79ms)
[wrangler:inf] PUT /images/ingest/external%2Fa8cb2e6ffd75927f70d0c56489cce847ce2ab6fd.jpg 200 OK (71ms)
[wrangler:inf] PUT /images/ingest/external%2F5682b939c0141416454093dc6e61e31877897d7d.png 200 OK (65ms)
[wrangler:inf] PUT /images/ingest/external%2F0618dee983138862d979ed522b3fd349987b5bfb.png 200 OK (21ms)
[wrangler:inf] PUT /images/ingest/external%2F97fa5977d8d8eb1c47662fe47b9a024d0ad9e432.png 200 OK (20ms)
[wrangler:inf] PUT /images/ingest/external%2F4c091c50739172cdb19a2c59e193ad697416c164.png 200 OK (14ms)
[wrangler:inf] PUT /images/ingest/external%2F2726a50de2f35b7933b4a8c2972ee3fbd1d82bc4.png 200 OK (22ms)
[wrangler:inf] PUT /images/ingest/external%2Fdb39e8d44194dccb557bb5a13d505567c3e221ed.png 200 OK (33ms)
[wrangler:inf] PUT /images/ingest/external%2F2531ecf0e136d1b0e06d05d8e235ce22c343f217.png 200 OK (40ms)
[wrangler:inf] PUT /images/ingest/external%2Fa6885709e82f23f014b02f4c8e276ff591f484c9.png 200 OK (17ms)
[wrangler:inf] PUT /images/ingest/external%2F79ce87357583d4550dd19fdeb610c7e98287f5b2.png 200 OK (13ms)
[wrangler:inf] PUT /images/ingest/external%2F6bf42bf749206d30badc0f034b4d3daf3062ac76.png 200 OK (14ms)
[wrangler:inf] PUT /images/ingest/external%2F99b1f9404065efd81669403a4722a43dc6c2af61.png 200 OK (14ms)
[wrangler:inf] PUT /images/ingest/external%2F005b2cad9eda77fca893fca654f817579b788481.png 200 OK (23ms)
[wrangler:inf] PUT /images/ingest/external%2F93a8ee98cb555628f701bcbae2533e92ba369eb3.png 200 OK (22ms)
[wrangler:inf] PUT /images/ingest/external%2Fed37ca5c6238c76a8e0d998d5891b7b1c088de5a.png 200 OK (14ms)
[wrangler:inf] PUT /images/ingest/external%2F92f919ecbcb42a4665a03f3cd11f6d5b67a93533.jpg 200 OK (16ms)
[wrangler:inf] PUT /images/ingest/external%2F84af8058a12e836a2f3ccf0957527d415ef5e9f1.png 200 OK (29ms)
[wrangler:inf] PUT /images/ingest/external%2Ffcd48b22656ba672f51170f48c674b654e874276.png 200 OK (26ms)
[wrangler:inf] PUT /images/ingest/external%2F69807542299d3fd5c26fd6f8a3ba42c72354a171.png 200 OK (30ms)
[wrangler:inf] PUT /images/ingest/external%2F6269cc24257a28fb0a566494a1536fb1a1061053.png 200 OK (35ms)
[wrangler:inf] PUT /images/ingest/external%2F4ebb10c2f4474d63b36e2a4f6d37dded685ea187.png 200 OK (45ms)
[wrangler:inf] PUT /images/ingest/external%2Fd7c232e658a35c2d35222cff5135fdd81def1153.png 200 OK (45ms)
[wrangler:inf] PUT /images/ingest/external%2F074571f56d67097a37bdd7ad2f1d6eecf5c4fce8.png 200 OK (55ms)
[wrangler:inf] PUT /images/ingest/external%2Fac48598207bedb0d2ca5e208c9cdab6836c23b1e.gif 200 OK (30ms)
[wrangler:inf] PUT /images/ingest/external%2Fed76d46165c7d928054019ba9348593d5534828c.png 200 OK (18ms)
[wrangler:inf] PUT /images/ingest/external%2Fb61b4c16fa52e2f1f49d2007ed5f9187b153db54.png 200 OK (42ms)
[wrangler:inf] PUT /images/ingest/external%2F5ff2dfd9f16e3106459202f7c75cc98527a6f371.png 200 OK (45ms)
[wrangler:inf] PUT /images/ingest/external%2Fe1be78fd08b9c13184883cff781f69df85689fec.jpg 200 OK (30ms)
[wrangler:inf] PUT /images/ingest/external%2Fe30679692bee98f11033ecb5ce7dcbb220e78407.png 200 OK (29ms)
[wrangler:inf] PUT /images/ingest/external%2F101be141c10cc4cdfb7b4a720b3529f492836740.png 200 OK (35ms)
[wrangler:inf] PUT /images/ingest/external%2F0c33baacc7d0ebf04eb06a03743148eef5f0d6b5.png 200 OK (33ms)
[wrangler:inf] PUT /images/ingest/external%2F868683aa5c79aace96d9623ba50cfd3dabc9b7c1.jpg 200 OK (41ms)
[wrangler:inf] PUT /images/ingest/external%2F50f8be315ddf592e139ad80bae84c56a0e147543.png 200 OK (52ms)
[wrangler:inf] PUT /images/ingest/external%2F6e609376cb897db4558f2554398c20d981d2efe3.png 200 OK (68ms)
[wrangler:inf] PUT /images/ingest/external%2Fa7926762b8afb8c717344d68f37b9866ad9100bc.png 200 OK (60ms)
[wrangler:inf] PUT /images/ingest/external%2Ff1a135878997d53abcba0566be3917afcd5a8361.png 200 OK (78ms)
[wrangler:inf] PUT /images/ingest/external%2F1ef94377fbe3e528a03906ee095341b811aebabb.png 200 OK (84ms)
[wrangler:inf] PUT /images/ingest/external%2F041fc3a0463e59f5703a00d297aab42ff5532e39.png 200 OK (19ms)
[wrangler:inf] PUT /images/ingest/external%2F59be145a5175e00a23b1c7583502f77ca95e741d.png 200 OK (19ms)
[wrangler:inf] PUT /images/ingest/external%2F884cd3e1485a1d4dca6764f578f9c25ea032c46a.jpg 200 OK (24ms)
[wrangler:inf] PUT /images/ingest/external%2F6e2782b92f2267b3ec440b62e561d30e8fa9ccd8.png 200 OK (45ms)
[wrangler:inf] PUT /images/ingest/external%2F14736fe1a6bc7af739bf284c05e9a905d5ef2298.jpg 200 OK (59ms)
[wrangler:inf] PUT /images/ingest/external%2Ff29ed3461c6fb646cd7e722062e1493875e2df5b.jpg 200 OK (76ms)
[wrangler:inf] PUT /images/ingest/external%2F9a3c9e194d6de5748bfe04b9fd1a973d0306a381.jpg 200 OK (19ms)
[wrangler:inf] PUT /images/ingest/external%2Fcb35e5faca521e7110bfa8a388ef1a42ea59f435.png 200 OK (20ms)
[wrangler:inf] PUT /images/ingest/external%2Fa5728499a21bd603b2831cf93913afef70aa9133.jpg 200 OK (15ms)
[wrangler:inf] PUT /images/ingest/external%2F751e10c6ff0c9b4e7d4877dc99b700a3468ced74.jpg 200 OK (15ms)
[wrangler:inf] PUT /images/ingest/external%2F252510f0b1a242494377a27437cfec16c3cfc75b.jpg 200 OK (23ms)
[wrangler:inf] PUT /images/ingest/external%2Ff16f925a0c37badf46a456a3472857de17ef56a7.jpg 200 OK (38ms)
[wrangler:inf] PUT /images/ingest/external%2F17beab9035b1a43a2ebc151524f2317455d59b65.jpg 200 OK (43ms)
[wrangler:inf] PUT /images/ingest/external%2Fcc8eb73395ff58a50b62a498c4905ff9c18bedd0.jpg 200 OK (46ms)
[wrangler:inf] PUT /images/ingest/external%2F5e482d5f99a77127abdb33921483877b43f2155b.png 200 OK (66ms)
[wrangler:inf] PUT /images/ingest/external%2F69a97e34b778ae8b3035d8854785d4ac099b7eb6.png 200 OK (25ms)
[wrangler:inf] PUT /images/ingest/external%2F9bb0a7d2951afe34795f67029696fe09b9105079.png 200 OK (28ms)
[wrangler:inf] PUT /images/ingest/external%2F961f6e3323900a1dd5f6a2b82f243fe3dd77cc44.png 200 OK (61ms)
[wrangler:inf] PUT /images/ingest/external%2F187461bb087423af21f4bb6c6fc414df13db4677.png 200 OK (69ms)
[wrangler:inf] PUT /images/ingest/external%2Fb93572f04c85f36b258efd1dff8a3f1962471008.png 200 OK (43ms)
[wrangler:inf] PUT /images/ingest/external%2Fa93bb66551ad5f7b512d1a9512ec79a9759f2cbb.png 200 OK (20ms)
[wrangler:inf] PUT /images/ingest/external%2Fd151dc8c7eb04e39fd6609fc42ab82a785075dbc.jpg 200 OK (18ms)
[wrangler:inf] PUT /images/ingest/external%2Fc9324e816aa31e8bbb7247b7ae474054e6ca3256.png 200 OK (19ms)
[wrangler:inf] PUT /images/ingest/external%2F3e7e895c5c2a3385c712fa52351254b5abbbf645.png 200 OK (19ms)
[wrangler:inf] PUT /images/ingest/external%2Fa4d9700ae426906791d2458fce037703a824f3ea.png 200 OK (20ms)
[wrangler:inf] PUT /images/ingest/external%2Fbf50b63480894420f0e95b413b0b009c1790d161.png 200 OK (28ms)
[wrangler:inf] PUT /images/ingest/external%2Fff4c958a8f7fd828d31f934434497fb2842c119b.png 200 OK (16ms)
[wrangler:inf] PUT /images/ingest/external%2F27f04737dd70c410ac0c74d066d4ccf28a0f4f6c.png 200 OK (18ms)
[wrangler:inf] PUT /images/ingest/external%2F54c3edbb19381d51bf956e2a1dfd0e5a7d44e8ce.png 200 OK (30ms)
[wrangler:inf] PUT /images/ingest/external%2F01a89ea05035b27c247ce987949018dc2f2e3828.png 200 OK (68ms)
[wrangler:inf] PUT /images/ingest/external%2Fd559c94657cc709efdc176394130e4d34439a129.png 200 OK (85ms)
[wrangler:inf] PUT /images/ingest/external%2Fd4a56ffe053054d45b3d4a888e0e0621587ca2a1.png 200 OK (81ms)
[wrangler:inf] PUT /images/ingest/external%2F9078d00460c683bdb0a765dd6166797d523b2b8c.png 200 OK (46ms)
[wrangler:inf] PUT /images/ingest/external%2F5c54b0066f6d5ed1384163f38d891fe0b07c2c97.png 200 OK (33ms)
[wrangler:inf] PUT /images/ingest/external%2F113d5789818dca4bd7aa2d2bc5dafc2471d9d929.png 200 OK (24ms)
[wrangler:inf] PUT /images/ingest/external%2F8fefd1b96e62bf1bbe330686e6253d2a1bb2ff35.png 200 OK (32ms)
[wrangler:inf] PUT /images/ingest/external%2F2fd606b20d014523cfbd3493ac8786ae4563e100.png 200 OK (42ms)
[wrangler:inf] PUT /images/ingest/external%2F53c224531cb56ec27be9d98bdb00705c58c9134e.jpg 200 OK (14ms)
[wrangler:inf] PUT /images/ingest/external%2Fc59cdcede9cd8e2ffcedfa917fcb50f8adccfd45.jpg 200 OK (22ms)
[wrangler:inf] PUT /images/ingest/external%2F0c29ec44d11ef43a7f33813eae6231bf3125cb20.jpg 200 OK (39ms)
[wrangler:inf] PUT /images/ingest/external%2F414a4eddba7529f329ee6f2938ff8ea5a6b044aa.jpg 200 OK (22ms)
[wrangler:inf] PUT /images/ingest/external%2Fc7c539226760ad66552923b632cab61956bf2972.png 200 OK (32ms)
[wrangler:inf] PUT /images/ingest/external%2F7c435ccd597456538c9c3d5151f411f1252cd9ed.png 200 OK (41ms)
[wrangler:inf] PUT /images/ingest/external%2Fe6e8641c88ac1e021a78da501df331fd7408c2cc.png 200 OK (27ms)
[wrangler:inf] PUT /images/ingest/external%2F852b7785ad42bc442bf082a6125bf5ba952ad0ef.png 200 OK (18ms)
[wrangler:inf] PUT /images/ingest/external%2Fbae85f6dd1b054aafd663bc03167e2595a1220b9.png 200 OK (21ms)
[wrangler:inf] PUT /images/ingest/external%2Fb6f4b3e43f18664e2edefaad7e01ac1f127d584a.png 200 OK (30ms)
[wrangler:inf] PUT /images/ingest/external%2F52717af1cc067338758518d146a0f856dddf265d.png 200 OK (34ms)
[wrangler:inf] PUT /images/ingest/external%2F487b437e23f59706345eba41a8e8b97e1752979b.png 200 OK (35ms)
[wrangler:inf] PUT /images/ingest/external%2F16cd9a602d47cbab01a9ad66dd53bc653d62d2f8.png 200 OK (13ms)
[wrangler:inf] PUT /images/ingest/external%2Fa1711cc36fab8997e1ff54938b4fdca24ca84460.jpg 200 OK (18ms)
[wrangler:inf] PUT /images/ingest/external%2Fd108ca6300fd763bd8811e43f87bffe0bf3636b1.jpg 200 OK (28ms)
[wrangler:inf] PUT /images/ingest/external%2F9bac2376840fdcfcb4a2de70fd2e38d2e020cc21.jpg 200 OK (30ms)
[wrangler:inf] PUT /images/ingest/external%2Ffaf37bfdb41e03475bfba59c182c0272a9a3a642.jpg 200 OK (38ms)
[wrangler:inf] PUT /images/ingest/external%2Ff54c08246a31a480f3a6df3589fd99ee4966f01f.png 200 OK (44ms)
[wrangler:inf] PUT /images/ingest/external%2Ff22195e7d10d926828679a3a4060c018cf2a2966.png 200 OK (22ms)
[wrangler:inf] PUT /images/ingest/external%2F47bb558d5ab583e6556f014e3294aa63643119f6.png 200 OK (25ms)
[wrangler:inf] PUT /images/ingest/external%2F6d37533fd3db8d8769a778df56b99979c7ac5ef7.jpg 200 OK (19ms)
[wrangler:inf] PUT /images/ingest/external%2F1b1fc7e209b7d71a30b3853b996da6004730f2c1.png 200 OK (43ms)
[wrangler:inf] PUT /images/ingest/external%2Ff9f74dd91a26c64706dbf262c49bfc11a6b092d9.png 200 OK (55ms)
[wrangler:inf] PUT /images/ingest/external%2F97461d076a3006ff3f1be02c50b76397333a9acf.jpg 200 OK (81ms)
[wrangler:inf] PUT /images/ingest/external%2F8dfe2af801547c765488d1d4a23f67424b0ad08f.png 200 OK (78ms)
[wrangler:inf] PUT /images/ingest/external%2Fc3b9dc060d1d451aeb6b45f90945af94be0899d9.jpg 200 OK (66ms)
[wrangler:inf] PUT /images/ingest/external%2F6eb8a74c8f4af1e3e692901595112d189b789a5b.png 200 OK (138ms)
[wrangler:inf] PUT /images/ingest/external%2F3033ca94ac3c00a89621f4a3a6c7091ff1cf9d1f.jpg 200 OK (31ms)
[wrangler:inf] PUT /images/ingest/external%2F293926a8efaaa96b5fc89ee2ddb56d3ac30ebe8c.jpg 200 OK (59ms)
[wrangler:inf] PUT /images/ingest/external%2F28561d315e548c7f207078cf6fc0a5d4b784dddb.png 200 OK (86ms)
[wrangler:inf] PUT /images/ingest/external%2F7275afa055d1abf2a010d675b3d54c5e91749b21.png 200 OK (39ms)
[wrangler:inf] PUT /images/ingest/external%2Fceb4af9042747dd230f04991fdc41039ed6456a1.png 200 OK (36ms)
[wrangler:inf] PUT /images/ingest/external%2Ff8a3d5e9363484d9d00cdfbf0a22dfeb4ab3226f.jpg 200 OK (48ms)
[wrangler:inf] PUT /images/ingest/external%2Fc0e7af40e774a05a342d181397912d9b87383786.jpg 200 OK (58ms)
[wrangler:inf] PUT /images/ingest/external%2F738ff9b0d0e05c3a5e3d36bf25e3e701b3dbfd33.png 200 OK (52ms)
[wrangler:inf] PUT /images/ingest/external%2F6f632ab43d122511680444d9837bd2f06a70a053.png 200 OK (56ms)
[wrangler:inf] PUT /images/ingest/external%2F0ae92972d2a41f689989cd8c09629c9d54e2cf44.jpg 200 OK (63ms)
[wrangler:inf] PUT /images/ingest/external%2F20818dda1e8d81617b6ed993791373243d65db64.png 200 OK (37ms)
[wrangler:inf] PUT /images/ingest/external%2F337acf95cb1e6560c3fdc98745c13b7496e34259.jpg 200 OK (25ms)
[wrangler:inf] PUT /images/ingest/external%2Fef35ca23ade0776ecc852d76e7d37a86365d5288.jpg 200 OK (18ms)
[wrangler:inf] PUT /images/ingest/external%2F0b8df6613d2c677c69cc1adc9f2ac9bf20d29d24.png 200 OK (15ms)
[wrangler:inf] PUT /images/ingest/external%2Fa58af4f7704546425fa6a9daa299344950b08fbb.jpg 200 OK (12ms)
[wrangler:inf] PUT /images/ingest/external%2F6092821895e9344f4cdce1a58fd8229de3f59023.png 200 OK (21ms)
[wrangler:inf] PUT /images/ingest/external%2F56e5ca0cfd3c661dd6e94966a8941b9facac46cf.jpg 200 OK (25ms)
[wrangler:inf] PUT /images/ingest/external%2F6fbfc83ac9a6edea5e0655afc69e4a12ef9278d6.jpg 200 OK (15ms)
[wrangler:inf] PUT /images/ingest/external%2F7fe0a0b6f2d030864d1367b6212b6b3c65fc64e7.png 200 OK (29ms)
[wrangler:inf] PUT /images/ingest/external%2F8dd87f240d48262272d800a77c2b38a920fd244c.png 200 OK (39ms)
[wrangler:inf] PUT /images/ingest/external%2F571812890f76675da6c15ce3af63daf0c563e3a7.png 200 OK (36ms)
[wrangler:inf] PUT /images/ingest/external%2Fe3efaa57104eef4c4768ea88dd1b21996029e5b4.jpg 200 OK (55ms)
[wrangler:inf] PUT /images/ingest/external%2Fb66fb1e6b674bb86d3b93ca29ab1bd36f84362cd.png 200 OK (71ms)
[wrangler:inf] PUT /images/ingest/external%2Fd14b15ef6643f08c2b46dc2138f10e393bb01928.png 200 OK (81ms)
[wrangler:inf] PUT /images/ingest/external%2Fe94ba6e6862f420fb9290d2ceec931820f5dd379.png 200 OK (81ms)
[wrangler:inf] PUT /images/ingest/external%2Fe9ccdc32c6cbb8560bc61d32cc91641c1b4ed08d.jpg 200 OK (94ms)
[wrangler:inf] PUT /images/ingest/external%2F0216ca4cc41783feca04639070950c68ad5f6e41.png 200 OK (64ms)
[wrangler:inf] PUT /images/ingest/external%2Fc0292579a2ad948cb245e1ac831e0af614e800a4.png 200 OK (89ms)
[wrangler:inf] PUT /images/ingest/external%2Feac74bc499f2f24af695d1a5d3064c3dec432064.png 200 OK (106ms)
[wrangler:inf] PUT /images/ingest/external%2F7b12c2316be2adfed1fb0cd68b2a1bed4399fd31.jpg 200 OK (70ms)
[wrangler:inf] PUT /images/ingest/external%2F0746ca37267083e46abab20f791f9b5466b2ece0.jpg 200 OK (94ms)
[wrangler:inf] PUT /images/ingest/external%2F106839f1473fede31369ddb72ed82be8c950e487.png 200 OK (282ms)
[wrangler:inf] PUT /images/ingest/external%2Ff64f9dbe8687a1ce6fff8e9947d6e492e53e50c8.png 200 OK (56ms)
[wrangler:inf] PUT /images/ingest/external%2Fbd072031fc85049c9a236fb33171574a74b37014.jpg 200 OK (76ms)
[wrangler:inf] PUT /images/ingest/external%2Fc95ee39f0388e0a318379f32e246f98278993e56.png 200 OK (63ms)
[wrangler:inf] PUT /images/ingest/external%2Fa05c4c0ca2d890e7b083da535682fba3681b6a6e.jpg 200 OK (77ms)
[wrangler:inf] PUT /images/ingest/external%2F0f04e39d10856a137781383d6f2e0db3b711e41d.png 200 OK (73ms)
[wrangler:inf] PUT /images/ingest/external%2F2e859fe6015c09530ed5b74d227d7f66f9d2b694.png 200 OK (56ms)
[wrangler:inf] PUT /images/ingest/external%2F5bd221833c29853400b20887cdc3144cb1b5c4fd.png 200 OK (36ms)
[wrangler:inf] PUT /images/ingest/external%2F06e7fc230567e0b3b262ac063260343a13a261a0.png 200 OK (55ms)
[wrangler:inf] PUT /images/ingest/external%2Fe8376da7aaf21a4143b91c5c26e338b17bb123b4.jpg 200 OK (25ms)
[wrangler:inf] PUT /images/ingest/external%2F8c246c977579177a993e4da983a29cf64619ed17.jpg 200 OK (32ms)
[wrangler:inf] PUT /images/ingest/external%2F795875c84b28847ba00cf42f52f32aefcade7ffa.jpg 200 OK (41ms)
[wrangler:inf] PUT /images/ingest/external%2F6dd8a9e9aa41935fc223eb4ee18686e190fe9542.jpg 200 OK (48ms)
[wrangler:inf] PUT /images/ingest/external%2F69167e89dd84b8c0dadc941efbe54a6e888c06b4.png 200 OK (78ms)
[wrangler:inf] PUT /images/ingest/external%2Fc25a0ea7fd156d014e4bcbcc62dd816f57cba33e.png 200 OK (15ms)
[wrangler:inf] PUT /images/ingest/external%2F7e019d6b82e8d9d449e58ecf27be88c5264f1e44.jpg 200 OK (13ms)
[wrangler:inf] PUT /images/ingest/external%2F98d9753421d72758aecd076c45df76e703ea734c.png 200 OK (21ms)
[wrangler:inf] PUT /images/ingest/external%2F9bf296693e262a4625a137d42177117ba08c523b.png 200 OK (32ms)
[wrangler:inf] PUT /images/ingest/external%2Fd4eaaf1177cd036c909835839bfb34be634f42ea.png 200 OK (42ms)
[wrangler:inf] PUT /images/ingest/external%2F18e231869d8b9451dd92b4c58a0982e3b609bb5c.jpg 200 OK (48ms)
[wrangler:inf] PUT /images/ingest/external%2Fe1fe507574654ccce65c544006012ba0d05cfb60.jpg 200 OK (49ms)
[wrangler:inf] PUT /images/ingest/external%2Fb49af383787a1c89b17c09156603911f9537e6b2.png 200 OK (54ms)
[wrangler:inf] PUT /images/ingest/external%2F29ae4fb196a9425adae9a7d5a077153886b5ec54.jpg 200 OK (63ms)
[wrangler:inf] PUT /images/ingest/external%2F4f4cfb899a57abc4ec3d1eb68ef17fbac5f73aa0.jpg 200 OK (21ms)
[wrangler:inf] PUT /images/ingest/external%2F063d56fa89208556ba4bc506df57fbb2837bd04a.jpg 200 OK (36ms)
[wrangler:inf] PUT /images/ingest/external%2Fd9a9618e849d1ecd6411513dcb7964b0c2e5faac.jpg 200 OK (49ms)
[wrangler:inf] PUT /images/ingest/external%2F46feb92d87a1adf904b1e82d936ecb97a78d7090.png 200 OK (21ms)
[wrangler:inf] PUT /images/ingest/external%2Fc294889e005348b695e2e8cd39d6b22ca6a60135.png 200 OK (19ms)
[wrangler:inf] PUT /images/ingest/external%2F10313b47bf2b965fd033a1d24b20dd4be2802cbf.png 200 OK (26ms)
[wrangler:inf] PUT /images/ingest/external%2F9fb7f0d3d771e23ac99876085932a4b699decc47.png 200 OK (47ms)
[wrangler:inf] PUT /images/ingest/external%2F9514127a274f44f4b6fff448592c530b8eed89f8.png 200 OK (50ms)
[wrangler:inf] PUT /images/ingest/external%2F6618d1b5a504205d9ac4d05a5ee91ac52c3d4cb1.png 200 OK (69ms)
[wrangler:inf] PUT /images/ingest/external%2F77ffe0981b556bd54d14def6bb1d04165b776ff0.jpg 200 OK (30ms)
[wrangler:inf] PUT /images/ingest/external%2Ff30fbfbdd7d7d1393462ef7c0e7de5c6e5777a39.jpg 200 OK (36ms)
[wrangler:inf] PUT /images/ingest/external%2Fcb54867b69be85dcf406a6d28c7029034a9bd608.jpg 200 OK (54ms)
[wrangler:inf] PUT /images/ingest/external%2F68ac05e096afb30fb7d5f8052078fa9f2a24e8ea.jpg 200 OK (41ms)
[wrangler:inf] PUT /images/ingest/external%2F9da55cecbcb6a44cd85674963531be63d5c00728.png 200 OK (51ms)
[wrangler:inf] PUT /images/ingest/external%2F7fc52b37699ec46e04b0d2f2e5527e3244af355e.png 200 OK (58ms)
[wrangler:inf] PUT /images/ingest/external%2F0f1b77539fc860dd1f5b6881f5ecf94ca4bed282.png 200 OK (43ms)
[wrangler:inf] PUT /images/ingest/external%2F959afc547c53902cf73e43a9582a0ae1b8b8bd7e.png 200 OK (58ms)
[wrangler:inf] PUT /images/ingest/external%2F8c9a88b6161f17303313fbb25a41eab9d3323473.jpg 200 OK (58ms)
[wrangler:inf] PUT /images/ingest/external%2F14dd78577f3bbe5bb6ceed4b7fed470f3dd3e722.png 200 OK (31ms)
[wrangler:inf] PUT /images/ingest/external%2Fcaf1511c63885410ceebe7bac8dd39c97e190ab2.png 200 OK (46ms)
[wrangler:inf] PUT /images/ingest/external%2F70ac8f51b756c894ca6b7d68ab464e74961413b1.png 200 OK (61ms)
[wrangler:inf] PUT /images/ingest/external%2Feefbc3fe6b04d38d255d5b5e57f49e544636bd54.png 200 OK (79ms)
[wrangler:inf] PUT /images/ingest/external%2F19491271cc9816168273f1d9a41e093706c5c53d.png 200 OK (87ms)
[wrangler:inf] PUT /images/ingest/external%2Fed94d8947d29d9326f2ba677dfb3e8df12143d74.png 200 OK (20ms)
[wrangler:inf] PUT /images/ingest/external%2F233d08f46e2367707c924c5703893eacddca0c15.png 200 OK (29ms)
[wrangler:inf] PUT /images/ingest/external%2F81448e516f3b0bdf46ed592ddbea95f90b31411b.png 200 OK (43ms)
[wrangler:inf] PUT /images/ingest/external%2Fb64b0ae4e3fd926cb9425fb27c49c1a61fc0f3f5.png 200 OK (54ms)
[wrangler:inf] PUT /images/ingest/external%2F44c5c5ecd5565e5dc395fb1d861773ec13cfd938.jpg 200 OK (57ms)
[wrangler:inf] PUT /images/ingest/external%2F687c0d71f9790f0d6983e389dc073bea03d91c4b.png 200 OK (17ms)
[wrangler:inf] PUT /images/ingest/external%2F33aa42db57327f90e554aca762fbb3cf824c2c26.jpg 200 OK (15ms)
[wrangler:inf] PUT /images/ingest/external%2Fde05c644f5a30fe7a1d87290c93b15b7b48bbfc5.jpg 200 OK (13ms)
[wrangler:inf] PUT /images/ingest/external%2Fcd2514e838b583cff1920fa78c072b5a9e2f6f8a.png 200 OK (14ms)
[wrangler:inf] PUT /images/ingest/external%2Fb8783976a906cb30cab523657c51e715d2b1c168.png 200 OK (14ms)
[wrangler:inf] PUT /images/ingest/external%2Fbcb29fd2121732d273e93d258909f50719ee9176.jpg 200 OK (22ms)
[wrangler:inf] PUT /images/ingest/external%2Fe01d771f42840b9a9fd9657161ef0d301373ac9b.jpg 200 OK (32ms)
[wrangler:inf] PUT /images/ingest/external%2F62492457ea812909a79041c8464cdc38a7ceca01.png 200 OK (35ms)
[wrangler:inf] PUT /images/ingest/external%2Fec7021885476695a74f314ce457cab8742c6ae4f.jpg 200 OK (25ms)
[wrangler:inf] PUT /images/ingest/external%2F6754b0468381dd8cb6ced19fd6dd09fe679bb234.jpg 200 OK (17ms)
[wrangler:inf] PUT /images/ingest/external%2F821d777f1cb3cfc15ad88316f3f0ca60d62c7572.jpg 200 OK (14ms)
[wrangler:inf] PUT /images/ingest/external%2F4966f932a50b82378eb3216ccfe34e382db06eb6.jpg 200 OK (16ms)
[wrangler:inf] PUT /images/ingest/external%2F45c65bf04dd9bd147db5734bb29a34e9c38fe2cd.png 200 OK (17ms)
[wrangler:inf] PUT /images/ingest/external%2F541cc2e779b867fec148197651c5968f6c7b05a6.png 200 OK (22ms)
[wrangler:inf] PUT /images/ingest/external%2F62e90a3cab9f86ee5699705e68086614f6409f0b.png 200 OK (14ms)
[wrangler:inf] PUT /images/ingest/external%2F07c6bed9a066b3c45e685fd8153a919b41f02dd7.jpg 200 OK (21ms)
[wrangler:inf] PUT /images/ingest/external%2F87af2a6e8d7e062fcdf95f89ae61a75a347d58d6.png 200 OK (33ms)
[wrangler:inf] PUT /images/ingest/external%2F9e0dc4724d032c25d7a26df2c9e8838342cd96e6.jpg 200 OK (25ms)
[wrangler:inf] PUT /images/ingest/external%2F7920f7928f01c228617cf97026855eb2bfb3fe65.jpg 200 OK (35ms)
[wrangler:inf] PUT /images/ingest/external%2F7e35852d21cc60d7b69faad0e725f9110405083a.jpg 200 OK (17ms)
[wrangler:inf] PUT /images/ingest/external%2Ff79ee514feb546bb9ec61743c555214b204b3cf3.jpg 200 OK (30ms)
[wrangler:inf] PUT /images/ingest/external%2Fb54228a6bb2b82a3745ba19b76cdceb2f319d70b.png 200 OK (14ms)
[wrangler:inf] PUT /images/ingest/external%2Fabeda7f8103d0ca16dcc149536dbdf10ce51277d.jpg 200 OK (15ms)
[wrangler:inf] PUT /images/ingest/external%2F1147c96cef665a41232444df3469e181db8f6659.jpg 200 OK (14ms)
[wrangler:inf] PUT /images/ingest/external%2F59532613523ac8027df0b6fbd2852142863b2aeb.jpg 200 OK (15ms)
[wrangler:inf] PUT /images/ingest/external%2F0d152e7657fb4de1a418bc9d9f6985a05744b8b1.png 200 OK (28ms)
[wrangler:inf] PUT /images/ingest/external%2F8efaa9e91a628fd64c17bed1cccb0ac6cf8f1483.jpg 200 OK (40ms)
[wrangler:inf] PUT /images/ingest/external%2Fe9a879f76c23ded594c8011b3008b3c2cc5132d0.jpg 200 OK (40ms)
[wrangler:inf] PUT /images/ingest/external%2F8372724adf85f4a51b2135c955b871f4872b27be.png 200 OK (45ms)
[wrangler:inf] PUT /images/ingest/external%2F1d95d5a6b12b02bc4d2bd19d8cbd17d522c24872.jpg 200 OK (38ms)
[wrangler:inf] PUT /images/ingest/external%2Ffa4b8330d666131543ec2c6e7d725d1ffd17143f.png 200 OK (21ms)
[wrangler:inf] PUT /images/ingest/external%2Fd6cfbff87db04d91db7afa52457beda4285e1d3d.png 200 OK (39ms)
[wrangler:inf] PUT /images/ingest/external%2F2fba0e8891706bcee32f0cb8f043441c5534db6b.png 200 OK (50ms)
[wrangler:inf] PUT /images/ingest/external%2F1ed7e0a435efe2ee255d662ee248353d4a44c454.png 200 OK (28ms)
[wrangler:inf] PUT /images/ingest/external%2F58e44dfedcc19e2866453c9392674d6b549084a4.png 200 OK (37ms)
[wrangler:inf] PUT /images/ingest/external%2Fdb80acb2288529d5461a78d15ce32229b2a39f8e.png 200 OK (38ms)
[wrangler:inf] PUT /images/ingest/external%2F5d220f4a89ec7888368ad5b89547b031819c1c19.png 200 OK (55ms)
[wrangler:inf] PUT /images/ingest/external%2F49e220aba91273f603944401dd3a3221a6116756.jpg 200 OK (40ms)
[wrangler:inf] PUT /images/ingest/external%2F9fbf3537cd2b5a445058fee63dfddbf1d5c76c24.png 200 OK (14ms)
[wrangler:inf] PUT /images/ingest/external%2F7a975d49a587683374e83e4aea498e3fc989db32.png 200 OK (15ms)
[wrangler:inf] PUT /images/ingest/external%2F5a302cbdf5d6288e1779eb036b35198bd873e04f.png 200 OK (15ms)
[wrangler:inf] PUT /images/ingest/external%2F0adfccbe96b51847267979a0aef56607720bfe54.png 200 OK (30ms)
[wrangler:inf] PUT /images/ingest/external%2Fe11c2a910b8f2c1e10dd10fac41c8b5cac67d7af.png 200 OK (38ms)
[wrangler:inf] PUT /images/ingest/external%2F45971d06a609cf59da47949483b6370288708356.png 200 OK (51ms)
[wrangler:inf] PUT /images/ingest/external%2Fcdde9d9c9edbd8615df17a880a2bfa2a4bd561f1.png 200 OK (57ms)
[wrangler:inf] PUT /images/ingest/external%2Fb75d03086cdaa150f2de2e213c415f8cbfdc5870.png 200 OK (54ms)
[wrangler:inf] PUT /images/ingest/external%2F6bd58aa818cee956b1557b9060e94f62e585ce2f.png 200 OK (23ms)
[wrangler:inf] PUT /images/ingest/external%2F54da64fbbea21e36949a0937821b1dd51f9aa2b1.png 200 OK (36ms)
[wrangler:inf] PUT /images/ingest/external%2Fc464ea3d43cb65f199d00ebb84df1f6bd741417a.png 200 OK (22ms)
[wrangler:inf] PUT /images/ingest/external%2F667b3d20661edfc51c111d255e07d1d501f1fb8a.png 200 OK (29ms)
[wrangler:inf] PUT /images/ingest/external%2Fa708a0b0e4dd12c3d17400588cde58330df438f0.png 200 OK (19ms)
[wrangler:inf] PUT /images/ingest/external%2Fd7e63fbdc06beefcebc445888cbc9e8f639e2189.png 200 OK (16ms)
[wrangler:inf] PUT /images/ingest/external%2Fbb764c010afa3146e604fb635174d81e77487304.png 200 OK (17ms)
[wrangler:inf] PUT /images/ingest/external%2Fc7a4ed20c2d31397fbbdbc1fe910071012448a75.png 200 OK (14ms)
[wrangler:inf] PUT /images/ingest/external%2Ffe0b80c8593877da4bfc7e260428fe6ddb89940a.png 200 OK (21ms)
[wrangler:inf] PUT /images/ingest/external%2F54b8f20c1adb95ea3cae8d82ac197b1ad91d68ef.png 200 OK (38ms)
[wrangler:inf] PUT /images/ingest/external%2F74928f85b2bdcc737398cbf339dd67e78e353402.png 200 OK (48ms)
[wrangler:inf] PUT /images/ingest/external%2F5f246bbb6f77d4f977443dd6baf54b507cce3ce6.png 200 OK (48ms)
[wrangler:inf] PUT /images/ingest/external%2F32a45fecc38ecbecf98377de05219e4822ff91b3.png 200 OK (54ms)
[wrangler:inf] PUT /images/ingest/external%2F7b17698f0d3c3b7baf08db3d3976f61567ca0c8b.png 200 OK (33ms)
[wrangler:inf] PUT /images/ingest/external%2Fc86d2209214493cbf706741301ab53cccf38db0b.png 200 OK (42ms)
[wrangler:inf] PUT /images/ingest/external%2Fde71451165356f9375f35c25e2beba368c8b6548.png 200 OK (13ms)
[wrangler:inf] PUT /images/ingest/external%2F244c33b9e84669d20957764499b0c1151231ac0e.png 200 OK (13ms)
[wrangler:inf] PUT /images/ingest/external%2F2e3c14c01d9a41ea809084f756456b6f654c2d35.png 200 OK (20ms)
[wrangler:inf] PUT /images/ingest/external%2F1dea1ff9598f6ef359e19f8607d1501763960cd6.png 200 OK (29ms)
[wrangler:inf] PUT /images/ingest/external%2F16728ec2352ae0ede02d7e5775fe98fa65ed56d0.png 200 OK (14ms)
[wrangler:inf] PUT /images/ingest/external%2Fe9666ccb127f2f049a049b355cb3bfcc2a5f332a.png 200 OK (16ms)
[wrangler:inf] PUT /images/ingest/external%2Fdaa2bef18b23cb19994bdcd183b4f6a7520b1a86.png 200 OK (20ms)
[wrangler:inf] PUT /images/ingest/external%2F81e7c5e1183b93f18586ec0d2d8940a1c0fffcda.png 200 OK (18ms)
[wrangler:inf] PUT /images/ingest/external%2F244a08a3d35d77576ae7960a1b0d72fa7de5e1d3.png 200 OK (29ms)
[wrangler:inf] PUT /images/ingest/external%2F7a5351f1a1f3496ae0711376564b0492c73f8ba2.png 200 OK (19ms)
[wrangler:inf] PUT /images/ingest/external%2F14625ce1dd12d4f732bd0f40a32960fe3768a7b5.png 200 OK (21ms)
[wrangler:inf] PUT /images/ingest/external%2F384a98a47ea972db941a231f774882230652571c.png 200 OK (43ms)
[wrangler:inf] PUT /images/ingest/external%2Fb70476329b5a7895854e220b3012209e455bcacf.png 200 OK (55ms)
[wrangler:inf] PUT /images/ingest/external%2F551711de126a13eff5289d0c41ee115c4258b04b.png 200 OK (68ms)
[wrangler:inf] PUT /images/ingest/external%2F8e764382a85db65ff613ee7dce83dd365c1887c7.png 200 OK (47ms)
[wrangler:inf] PUT /images/ingest/external%2F356ecc32330bfa21b3cd8d65f2e46d5f9aa246d4.png 200 OK (68ms)
[wrangler:inf] PUT /images/ingest/external%2F7843ae39465d300966665c571074f70e89c5da51.png 200 OK (67ms)
[wrangler:inf] PUT /images/ingest/external%2F11ecc78231bc1325b35a9414d0caf46a5fcce300.png 200 OK (40ms)
[wrangler:inf] PUT /images/ingest/external%2Fa141cddddbdb84961d4919a4e8025a75297affa4.png 200 OK (14ms)
[wrangler:inf] PUT /images/ingest/external%2F4fae6273fd73aec3cbc3c15432d37f4cbb4fed9d.png 200 OK (28ms)
[wrangler:inf] PUT /images/ingest/external%2Fa376ec3b82b8c95cfe1c91b350bba0e76777516c.jpg 200 OK (40ms)
[wrangler:inf] PUT /images/ingest/external%2F101cbbb802d96021276c176a44009cba41354587.png 200 OK (45ms)
[wrangler:inf] PUT /images/ingest/external%2F16a8ab52a7eba110d9f07bd409bfa538ad1a2658.png 200 OK (55ms)
[wrangler:inf] PUT /images/ingest/external%2Ff13e3d6c0b92757229f9c5efa934d771bf2f487d.jpg 200 OK (59ms)
[wrangler:inf] PUT /images/ingest/external%2Fd432e9e1547b931bb701ab4922956254dc679fea.png 200 OK (54ms)
[wrangler:inf] PUT /images/ingest/external%2F8e3fe65ae2029cf1d126304e8c70183cc1250534.png 200 OK (17ms)
[wrangler:inf] PUT /images/ingest/external%2F6131c739dc76ccef21c40f78a591fd92473727f7.png 200 OK (27ms)
[wrangler:inf] PUT /images/ingest/external%2Fc408cd56be8480ac914ece7a01e8d873866c5b7d.png 200 OK (15ms)
[wrangler:inf] PUT /images/ingest/external%2F7c813494968083acc65463b271e2cdf7a43815e9.png 200 OK (14ms)
[wrangler:inf] PUT /images/ingest/external%2F1dbdb5da48d4389acc5408e7ed99c46fc76f4c66.png 200 OK (19ms)
[wrangler:inf] PUT /images/ingest/external%2F0f860034951ce18847a1397a39c407c0e55f89a1.jpg 200 OK (15ms)
[wrangler:inf] PUT /images/ingest/external%2F068307cc6538cf4d1cb4f8cc631430a118285551.jpg 200 OK (19ms)
[wrangler:inf] PUT /images/ingest/external%2F6fc93938b167e652450af4ef549ce7138dc9b451.png 200 OK (28ms)
[wrangler:inf] PUT /images/ingest/external%2F1617f765072b3919533cf698c940386e800495a9.jpg 200 OK (20ms)
[wrangler:inf] PUT /images/ingest/external%2Feae19ffe192b0c1b6eec75e239a858c253f77e30.png 200 OK (15ms)
[wrangler:inf] PUT /images/ingest/external%2Fc79dc6cd6b1368851491390a529599cfa4802f39.png 200 OK (24ms)
[wrangler:inf] PUT /images/ingest/external%2F6f21ac02e092297bd513b3738d18b474e17c1ee3.png 200 OK (38ms)
[wrangler:inf] PUT /images/ingest/external%2F044e65915ff9ba3b45c3e0943f33c77c1ce452df.png 200 OK (47ms)
[wrangler:inf] PUT /images/ingest/external%2Fa77d24089dd410977626a9058c22f4e6ea2f4d6f.jpg 200 OK (20ms)
[wrangler:inf] PUT /images/ingest/external%2F8e891f6fb285fd9a871a746f2475a9639438fe73.jpg 200 OK (40ms)
[wrangler:inf] PUT /images/ingest/external%2F732eac1c4147414c8d929d6e93bc5bf55a24fb15.png 200 OK (50ms)
[wrangler:inf] PUT /images/ingest/external%2Fd6a2da68d62b929fd7d80581e5920767483ef6df.jpg 200 OK (44ms)
[wrangler:inf] PUT /images/ingest/external%2F3ca6fe212dbb2383730517b359050fd0e90554d9.png 200 OK (44ms)
[wrangler:inf] PUT /images/ingest/external%2F47ed9231c2709edd227d0db146e20f41fe9f9074.png 200 OK (39ms)
[wrangler:inf] PUT /images/ingest/external%2F92ee881210c60c6577b3f3209033bc179d8a04fd.png 200 OK (36ms)
[wrangler:inf] PUT /images/ingest/external%2F8525b3b511273e9b8b5544e58fc53aa9a228c348.png 200 OK (43ms)
[wrangler:inf] PUT /images/ingest/external%2F51829d8271803029bfe8e17b5b0ed973eef9b914.png 200 OK (22ms)
[wrangler:inf] PUT /images/ingest/external%2F1165cf7d711c59e59af07482e2c4497ac788387a.png 200 OK (22ms)
[wrangler:inf] PUT /images/ingest/external%2Fe0335322a96ab20cd259478a3f5b2e1ac194c61b.png 200 OK (19ms)
[wrangler:inf] PUT /images/ingest/external%2F5ef6af317bb62c383e3589b28a15fa13cf5e56c6.png 200 OK (33ms)
[wrangler:inf] PUT /images/ingest/external%2F613e579e96598d9bea69b8b114701884dc0eac32.png 200 OK (42ms)
[wrangler:inf] PUT /images/ingest/external%2F38bb6e817640fca732257f95a9da9d41407a21b6.jpg 200 OK (48ms)
[wrangler:inf] PUT /images/ingest/external%2Fee9b1cfb5a7b7d0c6eef285f58c84dbc2277ca13.png 200 OK (52ms)
[wrangler:inf] PUT /images/ingest/external%2Fdbebf5d2a1f82706f409f82746be7fe4930ccc11.png 200 OK (43ms)
[wrangler:inf] PUT /images/ingest/external%2Fe4186f75f8e2ae63d4f3e4c4fe38daf8ddc07590.png 200 OK (14ms)
[wrangler:inf] PUT /images/ingest/external%2F05755d70e4f4c7931000bf954633e281139d9e82.png 200 OK (18ms)
[wrangler:inf] PUT /images/ingest/external%2Ff27004b9bd34c84fc258d64d31ea4833145cca2e.png 200 OK (27ms)
[wrangler:inf] PUT /images/ingest/external%2F4c65f11fa96af69587afb48ae6feb6714ac2f0ad.png 200 OK (14ms)
[wrangler:inf] PUT /images/ingest/external%2Fb1cf00e687028a0246258e6806cec46cb194c657.jpg 200 OK (13ms)
[wrangler:inf] PUT /images/ingest/external%2F376b7a977e884910f13b4162fd397d128bac46bb.png 200 OK (20ms)
[wrangler:inf] PUT /images/ingest/external%2F8f300861628f3d339ac875c59c6d29d92eefeea4.png 200 OK (13ms)
[wrangler:inf] PUT /images/ingest/external%2Ff720a08784846a82cf9cd28539134382e48ac886.png 200 OK (13ms)
[wrangler:inf] PUT /images/ingest/external%2F9e920e9f72ef17a07d5a791d1564f8c485a473dd.png 200 OK (21ms)
[wrangler:inf] PUT /images/ingest/external%2Ff929876ef70fd9c38cf1774b5614b711f2c7fb37.png 200 OK (26ms)
[wrangler:inf] PUT /images/ingest/external%2Ff86dc67e1cd44ead305a0d37c1e63cf0a4486c80.png 200 OK (44ms)
[wrangler:inf] PUT /images/ingest/external%2F604abb26dd4babc74404ab5cfa419c088b74410e.png 200 OK (70ms)
[wrangler:inf] PUT /images/ingest/external%2F6d3c0cec0b20e0836fbe55535438ca264c933014.png 200 OK (66ms)
[wrangler:inf] PUT /images/ingest/external%2Fa255683e66acd5430a3a04a75c43038192b470f2.png 200 OK (89ms)
[wrangler:inf] PUT /images/ingest/external%2Fd8b4ecb13f53ff395abdee9c0b3426c21b5e841a.png 200 OK (102ms)
[wrangler:inf] PUT /images/ingest/external%2F1579b53bf9317d3c530cce71b144074ad0cffc92.png 200 OK (102ms)
[wrangler:inf] PUT /images/ingest/external%2F5f4f4f354af716c0889437e1911f3456d30da26c.jpg 200 OK (49ms)
[wrangler:inf] PUT /images/ingest/external%2F39d8262225b4ee3b04d9855d81bc189749b5d166.png 200 OK (69ms)
[wrangler:inf] PUT /images/ingest/external%2Fbdd5ea7fbf5926e19e133425bc50bb4c106531a4.png 200 OK (62ms)
[wrangler:inf] PUT /images/ingest/external%2F1b4174162b17282b0abb90183d7e625fe8b835d6.png 200 OK (35ms)
[wrangler:inf] PUT /images/ingest/external%2F3b8234b76e32b198cbb578da577c14f5618040d6.png 200 OK (29ms)
[wrangler:inf] PUT /images/ingest/external%2F2227d01af86db25fe282a452174174bef8346815.png 200 OK (32ms)
[wrangler:inf] PUT /images/ingest/external%2F250aba049c1db96a994bca803c6fd7370c733a18.png 200 OK (19ms)
[wrangler:inf] PUT /images/ingest/external%2F2ba4d0a18e653a45b347c697c1a77b63265d2a8b.png 200 OK (35ms)
[wrangler:inf] PUT /images/ingest/external%2F566dd0b12e26dcc0867f7ad86edf1e5216800c49.png 200 OK (47ms)
[wrangler:inf] PUT /images/ingest/external%2F751df3f033b37bb93cd34677f40de6b0b5074233.png 200 OK (52ms)
[wrangler:inf] PUT /images/ingest/external%2F8fa67d376b9474fd27f4cd4bf10afd62149ee9be.png 200 OK (59ms)
[wrangler:inf] PUT /images/ingest/external%2Fad4e1ef5020307113089e30849400bf5e15b8369.png 200 OK (63ms)
[wrangler:inf] PUT /images/ingest/external%2Fa93ad0badf70a5941ca1fc457ddf2bc672e17a29.png 200 OK (59ms)
[wrangler:inf] PUT /images/ingest/external%2F5a2a3192f2e9c628a0217b292a20f75f6f8e260d.png 200 OK (138ms)
[wrangler:inf] PUT /images/ingest/external%2F2bb406bf57c5b7f8c48e596cf16ebf935359fddd.png 200 OK (82ms)
[wrangler:inf] PUT /images/ingest/external%2Fe29612e589afa270b6b631e1d9f4236c878aa8a8.jpg 200 OK (69ms)
[wrangler:inf] PUT /images/ingest/external%2F4c4bafdc25c03624819231034dd8d610357491de.png 200 OK (72ms)
[wrangler:inf] PUT /images/ingest/external%2F8f6bcb6071fbd99b2c6e2821cbc53225f1efa441.png 200 OK (36ms)
[wrangler:inf] PUT /images/ingest/external%2Fbbb561078410441f7884ef536ca8963fdb77d5c7.png 200 OK (39ms)
[wrangler:inf] PUT /images/ingest/external%2Fa0e4a49a364b9ef13bc0c98150faee7f46b2a5d1.png 200 OK (21ms)
[wrangler:inf] PUT /images/ingest/external%2Fab64a035f92b92f138173d0931465721ffc95c50.png 200 OK (63ms)
[wrangler:inf] PUT /images/ingest/external%2F741125e5634c874b111c5c6723eaa18469fad0e8.png 200 OK (84ms)
[wrangler:inf] PUT /images/ingest/external%2F258dd023d95806a98380979b1f9caa2c1d9f4708.png 200 OK (84ms)
[wrangler:inf] PUT /images/ingest/external%2F6d770fee26c59f4374b6481675811b2919c702b3.png 200 OK (103ms)
[wrangler:inf] PUT /images/ingest/external%2F39d5a2d6ba1f3e859a3927f31a352c51b1e66329.png 200 OK (105ms)
[wrangler:inf] PUT /images/ingest/external%2Fb4be9375d5d2c69569ebd25bdf310a397e929a60.png 200 OK (88ms)
[wrangler:inf] PUT /images/ingest/external%2Feaf016d565bb41a4d7e4c448e6e824c9e57d99dd.png 200 OK (67ms)
[wrangler:inf] PUT /images/ingest/external%2F4c6ff8e62740670e0ef70690f40f54b69afe1339.png 200 OK (103ms)
[wrangler:inf] PUT /images/ingest/external%2F9963958b4b72bb0e0012b04b2915e201cfed470b.png 200 OK (58ms)
[wrangler:inf] PUT /images/ingest/external%2F597cef8ff423c0ac1496c092fd89bf44019d8c7d.png 200 OK (44ms)
[wrangler:inf] PUT /images/ingest/external%2F839ec4de94d83fb48cb0b941dc099c8230756e96.png 200 OK (103ms)
[wrangler:inf] PUT /images/ingest/external%2F6632392061003db2aa6c9fb98e7ff9bdf4e71e32.png 200 OK (24ms)
[wrangler:inf] PUT /images/ingest/external%2F6672c3691e40675327eb8cf7cb52f23f75316ced.png 200 OK (74ms)
[wrangler:inf] PUT /images/ingest/external%2F36838f92915250f5090bc0fc5f55b7392b3737e1.png 200 OK (37ms)
[wrangler:inf] PUT /images/ingest/external%2F972de4f22c622b7e84e47ea006f19875f918e4e1.png 200 OK (81ms)
[wrangler:inf] PUT /images/ingest/external%2F3bb7eaf320acc4acbe33b0c7491c1ada5b93d97d.png 200 OK (83ms)
[wrangler:inf] PUT /images/ingest/external%2Fdd02dac6d1829f9f0a44995893366149c73a958f.jpg 200 OK (23ms)
[wrangler:inf] PUT /images/ingest/external%2F4f966507d85e9847505568d04d864150abbfac43.png 200 OK (28ms)
[wrangler:inf] PUT /images/ingest/external%2F62ff61c2c4f003d29433c301ac25919d0cafd9a5.png 200 OK (42ms)
[wrangler:inf] PUT /images/ingest/external%2Fd6d9c9c2f2cc19bde5dc41818c44393143aba6bf.png 200 OK (47ms)
[wrangler:inf] PUT /images/ingest/external%2F95c425f068d4a2ee8ea98f97feffde311b3941bf.png 200 OK (29ms)
[wrangler:inf] PUT /images/ingest/external%2F4eb835198b0f58911e093ac1d3fe2e382115a2a8.png 200 OK (35ms)
[wrangler:inf] PUT /images/ingest/external%2F1f666159b033de6741d3de485bd4e1f2baa46a4f.png 200 OK (15ms)
[wrangler:inf] PUT /images/ingest/external%2F1624e8c958053f6e0db2eb368c083ab62f07559b.png 200 OK (15ms)
[wrangler:inf] PUT /images/ingest/external%2Fc369c0aeced882e9e0ea2009626f0c60ccf8c798.png 200 OK (15ms)
[wrangler:inf] PUT /images/ingest/external%2F4be46011d15a437f76c0391b10413c0344e73d45.png 200 OK (28ms)
[wrangler:inf] PUT /images/ingest/external%2F657dfe2f0edb9ef9978f48c3d0ee84f20371693e.png 200 OK (30ms)
[wrangler:inf] PUT /images/ingest/external%2Fe4ecdabbc1341e77215283d885573089bad390ef.jpg 200 OK (17ms)
[wrangler:inf] PUT /images/ingest/external%2Fc3e66d1dffcda3f8be7c49d93c44b3cb63710ef7.png 200 OK (12ms)
[wrangler:inf] PUT /images/ingest/external%2Fa02cd568b0bf8d3467d960d0ad3ca89522b6f316.jpg 200 OK (40ms)
[wrangler:inf] PUT /images/ingest/external%2F044413f05b47a6ed5ebb9096c912ab43969144de.jpg 200 OK (35ms)
[wrangler:inf] PUT /images/ingest/external%2F556f487dd131be2177bfe783a52eafcb6e4f489e.png 200 OK (57ms)
[wrangler:inf] PUT /images/ingest/external%2Fb0b633854d7c833f579d3d8a6a1e4f5ada54eaf8.png 200 OK (53ms)
[wrangler:inf] PUT /images/ingest/external%2F06063375aeac4b97192af866351535494046e19d.jpg 200 OK (48ms)
[wrangler:inf] PUT /images/ingest/external%2F1ea3757535f8740651e8ce50092fb95c6aeb888b.jpg 200 OK (39ms)
[wrangler:inf] PUT /images/ingest/external%2F7006a4fba7b5c0ac5e4d6084a619ae129aa7a9e7.png 200 OK (57ms)
[wrangler:inf] PUT /images/ingest/external%2F98bc14c88bfc50413b71a97db4a78002f62b82c6.jpg 200 OK (69ms)
[wrangler:inf] PUT /images/ingest/external%2Fa5f08de35df6d85623228a7eb9b1d5ea3a2f0bc4.jpg 200 OK (62ms)
[wrangler:inf] PUT /images/ingest/external%2Ff1638d283119a9feabfe62d789630b7f46198090.jpg 200 OK (77ms)
[wrangler:inf] PUT /images/ingest/external%2F26315cff37b921cb41bdab58763bf03a75735ba9.jpg 200 OK (34ms)
[wrangler:inf] PUT /images/ingest/external%2F55608c1e659d3ae14236bd9cb8e66bfbf60cce27.jpg 200 OK (75ms)
[wrangler:inf] PUT /images/ingest/external%2Fe9a5e43588f7afd94874e430f8a6b21b56b6154f.png 200 OK (47ms)
[wrangler:inf] PUT /images/ingest/external%2F4009358d483ea9a62c633e4d094451d077da85c9.png 200 OK (69ms)
[wrangler:inf] PUT /images/ingest/external%2F279a229c41a5b7a79a859a16ca878e4372ecb14a.png 200 OK (92ms)
[wrangler:inf] PUT /images/ingest/external%2F0bcfdaa11d95c7cc4926a149c57fde9789c10544.png 200 OK (95ms)
[wrangler:inf] PUT /images/ingest/external%2F88158b839d1a19d654d2fb2d518b8fb46700b26b.png 200 OK (82ms)
[wrangler:inf] PUT /images/ingest/external%2F66724c91c1f3ed8b28d3384c1f387f6fcd418f62.jpg 200 OK (72ms)
[wrangler:inf] PUT /images/ingest/external%2F03cf134766c7af25c6de082a2cd1817763ffbd20.png 200 OK (21ms)
[wrangler:inf] PUT /images/ingest/external%2F79b2f6ec4c45c1f64d5369c9f9155b3aeab30017.png 200 OK (69ms)
[wrangler:inf] PUT /images/ingest/external%2F601cc6e3240e9a7ec08d0111d56e8c626ed9ab56.png 200 OK (139ms)
[wrangler:inf] PUT /images/ingest/external%2F1acfb03c62644daa13227f23b04b16ee9e037deb.jpg 200 OK (56ms)
[wrangler:inf] PUT /images/ingest/external%2Fd1645a2e07bf90bf31b59bee784aa6fbede92888.jpg 200 OK (70ms)
[wrangler:inf] PUT /images/ingest/external%2F372b8397f8ab44d846ffbde0dabeedcfa290cf8d.jpg 200 OK (19ms)
[wrangler:inf] PUT /images/ingest/external%2F08d90440ea5b5fed7824769621c4ba6bb9a3d590.jpg 200 OK (26ms)
[wrangler:inf] PUT /images/ingest/external%2Ff8a198b30b9352992480c21df4ee90b25ad9a253.jpg 200 OK (32ms)
[wrangler:inf] PUT /images/ingest/external%2F8b36ec31f2902947cdb8200830c1630bb499ded7.jpg 200 OK (45ms)
[wrangler:inf] PUT /images/ingest/external%2F345fed3e19e98e25929e8d48d08d3661a1a24525.jpg 200 OK (49ms)
[wrangler:inf] PUT /images/ingest/external%2F0497abb698f84335bc2b5db2535602ad9e1eee08.png 200 OK (52ms)
[wrangler:inf] PUT /images/ingest/external%2F6b41cdf3467502b290da8d772e9602f22d98498e.png 200 OK (18ms)
[wrangler:inf] PUT /images/ingest/external%2F38508c7c8b7a30fe36cae12cd65d76fd348d9770.png 200 OK (19ms)
[wrangler:inf] PUT /images/ingest/external%2F9775391822b7e7e701e96bf41caa0818cee1f961.png 200 OK (27ms)
[wrangler:inf] PUT /images/ingest/external%2Fcec62103c281ace60d75d1abc0204e51279ce544.png 200 OK (23ms)
[wrangler:inf] PUT /images/ingest/external%2F2eed8fff99fa12533e435d327a0a8b56f3ed2732.jpg 200 OK (34ms)
[wrangler:inf] PUT /images/ingest/external%2F0728efdc7943375b346be487235f4e8fdb3c8e0b.jpg 200 OK (47ms)
[wrangler:inf] PUT /images/ingest/external%2Ff81657820ddb406494fd0eff2537fb02dd67af5f.png 200 OK (47ms)
[wrangler:inf] PUT /images/ingest/external%2F643e8e949a2566e0f64326ffab7515ecf0fee915.png 200 OK (13ms)
[wrangler:inf] PUT /images/ingest/external%2F56984ccd59f0b58503661c44d0ac28ee95b8a6fb.png 200 OK (25ms)
[wrangler:inf] PUT /images/ingest/external%2F38fb1fa556db0766ac424e210b097b8c24f6dca8.png 200 OK (43ms)
[wrangler:inf] PUT /images/ingest/external%2F19b64e60244978a929d02f5ebc87ff3d96773625.png 200 OK (44ms)
[wrangler:inf] PUT /images/ingest/external%2Fc245fc974c8e18bb67f08f809e74b82268760447.png 200 OK (42ms)
[wrangler:inf] PUT /images/ingest/external%2Fc6e78f694add166970bcfd0ac51f46fe2e55fb12.png 200 OK (31ms)
[wrangler:inf] PUT /images/ingest/external%2F1e99141f8f0b40edd7ba7b338c6255db8f4fc22c.png 200 OK (17ms)
[wrangler:inf] PUT /images/ingest/external%2F4d92fdb8bbd4f40a1beda1cfa24450b265393b5f.png 200 OK (13ms)
[wrangler:inf] PUT /images/ingest/external%2Fa2349b9f979e3ef2e5d4046d8319eb5429eb80b8.png 200 OK (14ms)
[wrangler:inf] PUT /images/ingest/external%2Fb0dfb3fb09a06f5da8c65ff46d02b7530fbaba0c.png 200 OK (23ms)
[wrangler:inf] PUT /images/ingest/external%2Fc029dfaee7fcccffcbab83d03e30d0fbd5eabe4c.png 200 OK (32ms)
[wrangler:inf] PUT /images/ingest/external%2Fdd35d48e0fd19699c042cd525994b9219ce8aa3f.jpg 200 OK (35ms)
[wrangler:inf] PUT /images/ingest/external%2F198c9f3aab0049758d9e7589d0525683de178af9.jpg 200 OK (25ms)
[wrangler:inf] PUT /images/ingest/external%2F69ed0c28403611279011c51855b4e68d2955984f.jpg 200 OK (14ms)
[wrangler:inf] PUT /images/ingest/external%2F630f471ac76924d1a65328232d39591f32fe3031.png 200 OK (30ms)
[wrangler:inf] PUT /images/ingest/external%2Fec16d364c40930b108df10bdb0667463af82b9ff.jpg 200 OK (62ms)
[wrangler:inf] PUT /images/ingest/external%2F5a5a16578156def9e69ddbf681a422b9104ceb07.png 200 OK (66ms)
[wrangler:inf] PUT /images/ingest/external%2F70eb45f4bbe8f42eb793aeaebd3196d1cf1c26e6.jpg 200 OK (54ms)
[wrangler:inf] PUT /images/ingest/external%2Fd9bb2be8c3ab04d225002356bbd2832ee13c12e2.png 200 OK (66ms)
[wrangler:inf] PUT /images/ingest/external%2F4aac79e702547d10a7efd5cfa5480002bc4754e5.png 200 OK (77ms)
[wrangler:inf] PUT /images/ingest/external%2F72522cf9d7600bfb2b3fd807525bbbd9791f08e9.png 200 OK (57ms)
[wrangler:inf] PUT /images/ingest/external%2Ff1769dad513fa2b9a1c31a2b8116f2265a96b4c8.png 200 OK (14ms)
[wrangler:inf] PUT /images/ingest/external%2F0090db4f629ce4420eae6212989c396147c7508b.jpg 200 OK (14ms)
[wrangler:inf] PUT /images/ingest/external%2Fe81614458c5ad2d81527f465171b2eb4f87c3024.jpg 200 OK (20ms)
[wrangler:inf] PUT /images/ingest/external%2Fdb2279fe0d115ee0fae86ad6fcb59d48762442ba.jpg 200 OK (13ms)
[wrangler:inf] PUT /images/ingest/external%2F0040ef85a0958be3ee851984b716d37baee59856.png 200 OK (15ms)
[wrangler:inf] PUT /images/ingest/external%2Fbd6ca8ffea771e75ee8eb847f33312876c4c50f4.jpg 200 OK (13ms)
[wrangler:inf] PUT /images/ingest/external%2Fbc0d7d57352ace12c12d827eed65b5632befb251.png 200 OK (13ms)
[wrangler:inf] PUT /images/ingest/external%2Fd371304e819ac5e2a7180918e07bfd41c9e950bc.png 200 OK (23ms)
[wrangler:inf] PUT /images/ingest/external%2Ffda4c2f2ac425bd380fb073549a8441a364b5605.jpg 200 OK (33ms)
[wrangler:inf] PUT /images/ingest/external%2F011db31f80e692bb3424eb271a4455ba5e1d67d3.jpg 200 OK (20ms)
[wrangler:inf] PUT /images/ingest/external%2Fbc29fee1dfa054ae520434d936107f3f2752dee7.jpg 200 OK (27ms)
[wrangler:inf] PUT /images/ingest/external%2Fd5f8409fc9379e143e61dc9194fb1d910e611e44.jpg 200 OK (37ms)
[wrangler:inf] PUT /images/ingest/external%2Fdfd4255210ef07ea2692cac2d5d4e2b309827cd3.jpg 200 OK (35ms)
[wrangler:inf] PUT /images/ingest/external%2Fa55e44911cb113e77ce3c7ae9323a8045f9f4d49.png 200 OK (34ms)
[wrangler:inf] PUT /images/ingest/external%2F8d0d2d8c455dd01dfc3e539b37919f8b1185b07b.png 200 OK (17ms)
[wrangler:inf] PUT /images/ingest/external%2Fa9f82daf68c04cd5e4f145e2011d2484980366d4.png 200 OK (25ms)
[wrangler:inf] PUT /images/ingest/external%2F5ec5d97138da155ba541c372c3d77c7eaf245fd0.png 200 OK (24ms)
[wrangler:inf] PUT /images/ingest/external%2F98e46a9e82663f518b3228ba4b1e999bfc2fc4b9.jpg 200 OK (30ms)
[wrangler:inf] PUT /images/ingest/external%2F9c7bd54c9a971dfb185496e3d6d3f03225a22dd0.png 200 OK (29ms)
[wrangler:inf] PUT /images/ingest/external%2Fd09e2e934afce552fac6b93d86815195f8addefa.png 200 OK (56ms)
[wrangler:inf] PUT /images/ingest/external%2F6e9f9648f6357512582387929c13eda860a155fd.png 200 OK (36ms)
[wrangler:inf] PUT /images/ingest/external%2F31bd11bd39183a990aa55becd24733165077f068.png 200 OK (35ms)
[wrangler:inf] PUT /images/ingest/external%2F1f0f6879d8034959426e0da1a112ec5409cc2357.png 200 OK (26ms)
[wrangler:inf] PUT /images/ingest/external%2Fca9f61ab8d1b20ea2c77d6ccb752737482820e18.jpg 200 OK (17ms)
[wrangler:inf] PUT /images/ingest/external%2F20c98f2d65fabc98dcd3ad5360f820d43d259e4e.png 200 OK (20ms)
[wrangler:inf] PUT /images/ingest/external%2F156f9af8b22cb5d151d3784ca3fdf573ce964fd1.png 200 OK (20ms)
[wrangler:inf] PUT /images/ingest/external%2Fc1914756a439c29222a0acaadae3dc43f64b9105.png 200 OK (22ms)
[wrangler:inf] PUT /images/ingest/external%2Fd3ebbe435c133f6f2079982829cd4fc3055ca981.png 200 OK (38ms)
[wrangler:inf] PUT /images/ingest/external%2F7be21dd1ccf916c8df0b30198b50ddf935b471d8.png 200 OK (53ms)
[wrangler:inf] PUT /images/ingest/external%2F1b295411762e5e2a2d4324dd06690409a87e3a5a.png 200 OK (14ms)
[wrangler:inf] PUT /images/ingest/external%2Fddfe1eaa1ccbf6c4dbe2a6769e0f7bc7fe1f7f12.png 200 OK (13ms)
[wrangler:inf] PUT /images/ingest/external%2F6679b7c0d28b8cab566f50f846eb47d1bf7e934b.png 200 OK (14ms)
[wrangler:inf] PUT /images/ingest/external%2F633d57bc3157730fe7bd7ab67b049d4f094426bb.png 200 OK (13ms)
[wrangler:inf] PUT /images/ingest/external%2Fc7fdb362708b9c01772fe65c711693e9142b9df0.png 200 OK (13ms)
[wrangler:inf] PUT /images/ingest/external%2Fc5981a6bcabd68c0e8ed6125387737389095296d.png 200 OK (14ms)
[wrangler:inf] PUT /images/ingest/external%2F6dbb32d02de09bab31ff477444bfa3b064f49528.png 200 OK (12ms)
[wrangler:inf] PUT /images/ingest/external%2F8422292dec92f2fc162582f61c0f2ce2febbba3d.png 200 OK (18ms)
[wrangler:inf] PUT /images/ingest/external%2F4e3b53e2890ec9f6f68e8c6b879d0d157f4fd9bb.png 200 OK (21ms)
[wrangler:inf] PUT /images/ingest/external%2F1e8f7624f3630846c9b7b13a25946bc5c1120b2a.png 200 OK (17ms)
[wrangler:inf] PUT /images/ingest/external%2Ff82cf2b1673e22bbf811dd4cf63a4ed03bdabb9a.png 200 OK (32ms)
[wrangler:inf] PUT /images/ingest/external%2F3875b8648531d24864091031272f366054020319.png 200 OK (36ms)
[wrangler:inf] PUT /images/ingest/external%2F2d6ae9f3d65274ecd09c662a26ae702a68b135dc.png 200 OK (32ms)
[wrangler:inf] PUT /images/ingest/external%2Ff5d5d8c57460bba931c68849935df2ff7fcd022c.png 200 OK (20ms)
[wrangler:inf] PUT /images/ingest/external%2F877f6fc0b4f0c6b4876d945056b2a8052f080611.png 200 OK (25ms)
[wrangler:inf] PUT /images/ingest/external%2F36dee24af58feb4595eb48c72e625001a90b0866.png 200 OK (26ms)
[wrangler:inf] PUT /images/ingest/external%2F84c2a7c8df6c39f82f5a55aad86b81a1bf6dd9f4.png 200 OK (40ms)
[wrangler:inf] PUT /images/ingest/external%2F90c8ca268e1bb5613a98d7a1b1fb8ab44b1045cc.png 200 OK (46ms)
[wrangler:inf] PUT /images/ingest/external%2F5831172b30c8e9162dad7992803d7348897f5a0f.png 200 OK (52ms)
[wrangler:inf] PUT /images/ingest/external%2F45cdcab10376fdf4a272cbae800120d098058364.png 200 OK (62ms)
[wrangler:inf] PUT /images/ingest/external%2F04ce00b502dbd28cd3ea0dfaf42b1854a55471e5.png 200 OK (40ms)
[wrangler:inf] PUT /images/ingest/external%2F408c2299bcc4f95768b205fe6a3208abb76bf1ff.jpg 200 OK (14ms)
[wrangler:inf] PUT /images/ingest/external%2Fca10bdf4504830efbd65a1f66c8cf46e1dead902.jpg 200 OK (13ms)
[wrangler:inf] PUT /images/ingest/external%2F40455b96d33964b383950753e141e131dbdab638.jpg 200 OK (13ms)
[wrangler:inf] PUT /images/ingest/external%2F6daa7e2380cca19623a47d6339b67af616e7f8c8.png 200 OK (24ms)
[wrangler:inf] PUT /images/ingest/external%2Fd71c5b6bcf116df6a9a53dda213ffc0ab610636a.jpg 200 OK (40ms)
[wrangler:inf] PUT /images/ingest/external%2Fa623e7e72c7249c2d88fd8bcbe48d9b89318a213.png 200 OK (54ms)
[wrangler:inf] PUT /images/ingest/external%2Fdcef9dc290a046f625b8c25f53168f27d7229a84.jpg 200 OK (35ms)
[wrangler:inf] PUT /images/ingest/external%2F1743f8d8108ff5b220be45df33050377d20d22ff.jpg 200 OK (39ms)
[wrangler:inf] PUT /images/ingest/external%2F05abffcb37f057c71727ca02ecf5aed712372cd0.png 200 OK (43ms)
[wrangler:inf] PUT /images/ingest/external%2Fa5fb8d50e597825d9a0a926d060ebbdaa428594b.jpg 200 OK (13ms)
[wrangler:inf] PUT /images/ingest/external%2F0015dd8e4248080cd50d2354b4b9f2bb45b5daee.png 200 OK (19ms)
[wrangler:inf] PUT /images/ingest/external%2F3bf760cef948489c6ba040da279efeaf410b335e.png 200 OK (26ms)
[wrangler:inf] PUT /images/ingest/external%2F72b621ae7402268c55984f7c3684022c1597e162.jpg 200 OK (14ms)
[wrangler:inf] PUT /images/ingest/external%2Ffb0380ee52487ccab39610a73d8c605811624205.jpg 200 OK (18ms)
[wrangler:inf] PUT /images/ingest/external%2Fc2659f93e1116e6a292a6c5de346a1e3e401fc7b.png 200 OK (25ms)
[wrangler:inf] PUT /images/ingest/external%2Ff77359279fbcffe477b4f644b7d9a016fe8bff2f.png 200 OK (40ms)
[wrangler:inf] PUT /images/ingest/external%2F572d5e02863f0ef19d75545c9c174cd7bda2f86e.png 200 OK (24ms)
[wrangler:inf] PUT /images/ingest/external%2Fa861ac2f27bf220c991c4265fff0283f8ae5c304.jpg 200 OK (44ms)
[wrangler:inf] PUT /images/ingest/external%2Fa510fabeb208a13b01094117889b30155579e147.png 200 OK (65ms)
[wrangler:inf] PUT /images/ingest/external%2F60c133737f92d0114cc07a410d6f9be87ccf93f1.png 200 OK (17ms)
[wrangler:inf] PUT /images/ingest/external%2Fb376548476f7807c23c4c86b6aa33ce835cb67b2.png 200 OK (19ms)
[wrangler:inf] PUT /images/ingest/external%2F4b6ecd2db19490637edb1bd2754b61b4a468d916.png 200 OK (24ms)
[wrangler:inf] PUT /images/ingest/external%2F48ec374733fa050830380f732de02425e426546a.png 200 OK (19ms)
[wrangler:inf] PUT /images/ingest/external%2F188a4be3eb4834d99dcbaeb175e192de9000f068.png 200 OK (21ms)
[wrangler:inf] PUT /images/ingest/external%2F15b3f1d605998b37a2ae138402ed4de1019418a9.png 200 OK (16ms)
[wrangler:inf] PUT /images/ingest/external%2F46b741a830d6f0a111c0253a33fb5aab92e22177.png 200 OK (18ms)
[wrangler:inf] PUT /images/ingest/external%2F893eb2cdc361d78005384dafd4a370fd149cbc39.png 200 OK (17ms)
[wrangler:inf] PUT /images/ingest/external%2F003068ea17dea7313930d1cb3da7d53b41e82e58.png 200 OK (26ms)
[wrangler:inf] PUT /images/ingest/external%2F1b74f9bbd11bb14c270dc57b9766a67f4a0e3174.png 200 OK (33ms)
[wrangler:inf] PUT /images/ingest/external%2F7249271c1a2e0e4c6cb43649a4bb2d75da31c6de.jpg 200 OK (49ms)
[wrangler:inf] PUT /images/ingest/external%2F3c5f37984474f97953938582e2441d3bc6b6fa13.png 200 OK (54ms)
[wrangler:inf] PUT /images/ingest/external%2F385cf0da24d53a6365b5ae5504c62216afa4997c.jpg 200 OK (53ms)
[wrangler:inf] PUT /images/ingest/external%2Fbd1ae5ede907e653b6d333129b3986763de5dd00.jpg 200 OK (58ms)
[wrangler:inf] PUT /images/ingest/external%2F13816600ba42317a544519502dab46e506c01a30.jpg 200 OK (24ms)
[wrangler:inf] PUT /images/ingest/external%2Fd99887772c29adf4ef1a93bbf1df6b1399f8695b.png 200 OK (104ms)
[wrangler:inf] PUT /images/ingest/external%2Feba21bdf470326d96e3fb7bb9754cee028ca7e7d.png 200 OK (17ms)
[wrangler:inf] PUT /images/ingest/external%2F0d50cadd02b81d0a190fe17f32356ca81747a382.png 200 OK (14ms)
[wrangler:inf] PUT /images/ingest/external%2Fafcdf7a479fe5c141b72bb22aa5917e724c44801.png 200 OK (15ms)
[wrangler:inf] PUT /images/ingest/external%2Fc5aacff8c46d2a2837e8920a20521a9fceb25391.png 200 OK (16ms)
[wrangler:inf] PUT /images/ingest/external%2Fcd2becd9c999908e88171b837c7388f121c5a23e.png 200 OK (22ms)
[wrangler:inf] PUT /images/ingest/external%2F74de6b8156e133e3dc8c281049edde3ead3a2f78.png 200 OK (21ms)
[wrangler:inf] PUT /images/ingest/external%2F6faf735b8e360dca7b8c652efe7d115a99e504ca.png 200 OK (30ms)
[wrangler:inf] PUT /images/ingest/external%2F0c5ef0e39bde1bffe6214a91d9a9d6097360778f.png 200 OK (19ms)
[wrangler:inf] PUT /images/ingest/external%2Fe43b3a305e609679b11248e1ce674fd0c9d700d1.jpg 200 OK (20ms)
[wrangler:inf] PUT /images/ingest/external%2Fb3a93c60e683ad484ac39caea32e5dcd660a3bcd.png 200 OK (23ms)
[wrangler:inf] PUT /images/ingest/external%2Fc92dc0a98e307c670c0e3be071f10d9e9413a41e.png 200 OK (35ms)
[wrangler:inf] PUT /images/ingest/external%2F008364757e562f6ff55199997b8f85bc42fe6efe.png 200 OK (42ms)
[wrangler:inf] PUT /images/ingest/external%2Ffc18d6cb152d5af88026a6927687512f2a783417.png 200 OK (49ms)
[wrangler:inf] PUT /images/ingest/external%2Fff56895d2ebad5300dc9abfaeeb81405e85fccea.png 200 OK (52ms)
[wrangler:inf] PUT /images/ingest/external%2F3b35f78eb704b9cb94acdeca07676cfd969a6b11.png 200 OK (29ms)
[wrangler:inf] PUT /images/ingest/external%2Fa965abbdff99b8f8823f66a59c1987f79c844664.png 200 OK (19ms)
[wrangler:inf] PUT /images/ingest/external%2Fe350888c7c1cd0b571775b5d8b96e4efad9cfd7e.png 200 OK (13ms)
[wrangler:inf] PUT /images/ingest/external%2F1743466cf28cd45e955cea7442a79697672ab967.png 200 OK (25ms)
[wrangler:inf] PUT /images/ingest/external%2F594a72a7750cc972c30db3ea95a0ff6c00f24805.png 200 OK (36ms)
[wrangler:inf] PUT /images/ingest/external%2Fc29cd803f44c08ff8d29ecdb5b3de205699f026a.png 200 OK (35ms)
[wrangler:inf] PUT /images/ingest/external%2Fab133171f638f9344b580cae7e35d35818621eaa.png 200 OK (13ms)
[wrangler:inf] PUT /images/ingest/external%2F075e0705f4600deb2b587d1af616011b3865097d.png 200 OK (18ms)
[wrangler:inf] PUT /images/ingest/external%2Fd760e7816cb96c0e6d89bd352cd7827616cad8bd.png 200 OK (21ms)
[wrangler:inf] PUT /images/ingest/external%2Fb0b9856c5ef9c1c326bbf8e98a7b5a17e56df2ae.png 200 OK (26ms)
[wrangler:inf] PUT /images/ingest/external%2Fe4d34b9bc9a7c7c59bd2ecd98cda364dc818bf9c.png 200 OK (47ms)
[wrangler:inf] PUT /images/ingest/external%2F22d187a38988a860f26f55afb60374f07b4ee17a.png 200 OK (38ms)
[wrangler:inf] PUT /images/ingest/external%2Fb2aac3885620d0768f9fd374ddafed49c4da2db0.png 200 OK (22ms)
[wrangler:inf] PUT /images/ingest/external%2Fafa5008b4b383faba29a1278381b7d1980007ba1.jpg 200 OK (43ms)
[wrangler:inf] PUT /images/ingest/external%2Fdb5ff36bcb905f2747884517f301dfd8539f72f2.png 200 OK (17ms)
[wrangler:inf] PUT /images/ingest/external%2Ffa2b80f48918944c0075df2df057ccfd64427875.png 200 OK (14ms)
[wrangler:inf] PUT /images/ingest/external%2Fec9fc520346562b0a506ef1b2180cd5b1931cf4c.png 200 OK (15ms)
[wrangler:inf] PUT /images/ingest/external%2F86b3150a8a46a325f37eac2a70db4ee3468f30a6.png 200 OK (12ms)
[wrangler:inf] PUT /images/ingest/external%2F3f0d3bc2d21350bf81fc24c22bc62489f004764a.png 200 OK (15ms)
[wrangler:inf] PUT /images/ingest/external%2F2c58f7bef22fbd7e33b98fdea8e990a24d59acc6.png 200 OK (19ms)
[wrangler:inf] PUT /images/ingest/external%2F483898d3479d78385b0f32c458eb92f20d28c44c.jpg 200 OK (28ms)
[wrangler:inf] PUT /images/ingest/external%2F7142fc969694ad1c2633b5cb0df538fc886e6a6e.jpg 200 OK (36ms)
[wrangler:inf] PUT /images/ingest/external%2Fa895bfe99b88da44cb804203d9bff3a5895bd2c3.jpg 200 OK (24ms)
[wrangler:inf] PUT /images/ingest/external%2Ff31004ac459ffbff2e504eec43bafabeb2342134.jpg 200 OK (34ms)
[wrangler:inf] PUT /images/ingest/external%2Ff74531cfda0e9ada97d9fbe0de04502739f6399b.png 200 OK (44ms)
[wrangler:inf] PUT /images/ingest/external%2F4041a62cee9dbe8f8ab4cf7410d9c3673d9b2118.png 200 OK (53ms)
[wrangler:inf] PUT /images/ingest/external%2F24fdf245c0099ff83a53ce351e05765e43c8eb27.png 200 OK (60ms)
[wrangler:inf] PUT /images/ingest/external%2F1af39fd492c3f5b250887f49366e4978170b9905.png 200 OK (64ms)
[wrangler:inf] PUT /images/ingest/external%2Faa9f1c3cd0bbfffd53463335bc32ad3578493d1a.png 200 OK (32ms)
[wrangler:inf] PUT /images/ingest/external%2Fb1b6a3cc1fd2e4d25284dea03916b354f757f764.png 200 OK (15ms)
[wrangler:inf] PUT /images/ingest/external%2Ff62a2e03cc236ee8f472847461dc6d3a2a1a2eae.jpg 200 OK (19ms)
[wrangler:inf] PUT /images/ingest/external%2Fde148339a141713a2bfafbe7ae96939e927277ea.png 200 OK (43ms)
[wrangler:inf] PUT /images/ingest/external%2Fbd2861d48d66b6625caa7cd27ef7d3b27bc41d85.png 200 OK (56ms)
[wrangler:inf] PUT /images/ingest/external%2Fad97981aa0f82f21c63be7e7778d6d094f464f79.jpg 200 OK (66ms)
[wrangler:inf] PUT /images/ingest/external%2Fd056064707ac6e46f632f5e4ba113f18d9ec9fdf.png 200 OK (68ms)
[wrangler:inf] PUT /images/ingest/external%2Feb657085e9f9ba5174a7efc068d65473ac829956.png 200 OK (75ms)
[wrangler:inf] PUT /images/ingest/external%2Ff31c49a19cf5ffe0f77ec21123f436a7cbed1527.png 200 OK (83ms)
[wrangler:inf] PUT /images/ingest/external%2F656b5b73be051945ecf3b335b354c4133de9a5ef.png 200 OK (83ms)
[wrangler:inf] PUT /images/ingest/external%2Fe218b923f8541e139be2c5acb5668d3e532b63ce.png 200 OK (92ms)
[wrangler:inf] PUT /images/ingest/external%2Fdfdebb947dfa2acc1ee2a9998047e6efc4f6aa00.png 200 OK (13ms)
[wrangler:inf] PUT /images/ingest/external%2Fcc9be3845478115c57cc5f53f3eaff2830d9178c.png 200 OK (32ms)
[wrangler:inf] PUT /images/ingest/external%2Fbc3ed1844f9393c25ba56f461f987e6fc5015c17.png 200 OK (40ms)
[wrangler:inf] PUT /images/ingest/external%2F3aaedd183a4ece454178abbd690d4631035a1c25.png 200 OK (54ms)
[wrangler:inf] PUT /images/ingest/external%2F428db275f2a8c9e7899c18f1e9782258addb50a1.png 200 OK (69ms)
[wrangler:inf] PUT /images/ingest/external%2Ff0d0d323aa8aa013d742513ae2d2dc58e6d957ba.png 200 OK (66ms)
[wrangler:inf] PUT /images/ingest/external%2Fb7dcc62f69ebed160adf7274d0343d533175258c.png 200 OK (74ms)
[wrangler:inf] PUT /images/ingest/external%2Fff8f66a63c36cb16c3aa6d58d8a9d4a7fda492e2.png 200 OK (80ms)
[wrangler:inf] PUT /images/ingest/external%2Fa9dcd4120bd6709d5b20436cffc7ceb0bb8d0ae3.png 200 OK (58ms)
[wrangler:inf] PUT /images/ingest/external%2F015df9bc094751322a8f4bb964b0701d36227d65.png 200 OK (15ms)
[wrangler:inf] PUT /images/ingest/external%2F04032d50b61281996efe58b0f346c093fc491a22.png 200 OK (22ms)
[wrangler:inf] PUT /images/ingest/external%2Fad8c8323fe1dfbee674a07e7f60ead354d08ee24.png 200 OK (18ms)
[wrangler:inf] PUT /images/ingest/external%2F4ab8b4eea7d76184ba9f62346e48a46d7fa678c9.png 200 OK (13ms)
[wrangler:inf] PUT /images/ingest/external%2F9eb105e12e05b854f4498fd97dd3e50325f3323c.png 200 OK (17ms)
[wrangler:inf] PUT /images/ingest/external%2Fa0b5bb0c9de61dc71ba91fe625934cf6c33cb2f3.png 200 OK (20ms)
[wrangler:inf] PUT /images/ingest/external%2Fa07bf5b9e4982e07267cb2fe13d8f8f9c38cbdc5.png 200 OK (26ms)
[wrangler:inf] PUT /images/ingest/external%2F3e4a23947634413338e4946e50028d255c936144.png 200 OK (36ms)
[wrangler:inf] PUT /images/ingest/external%2F9f50bc70cb6c2c4726df94c8f640fbe4d603652c.png 200 OK (26ms)
[wrangler:inf] PUT /images/ingest/external%2Fd92b68af043996ac3152b578a492e5336e4cc399.png 200 OK (26ms)
[wrangler:inf] PUT /images/ingest/external%2F4e009f901eac35ad9686abdbb2fb68f92cc9e1e9.png 200 OK (20ms)
[wrangler:inf] PUT /images/ingest/external%2F89684d1667d4f1e651f84f876283fb8b21fdc71b.png 200 OK (21ms)
[wrangler:inf] PUT /images/ingest/external%2Fbc0089a7cbf408a052e53164573e7b79431bbbb4.png 200 OK (30ms)
[wrangler:inf] PUT /images/ingest/external%2F0a0ae6f741e8dcede18bd3bd4c1a9731f6e34678.png 200 OK (38ms)
[wrangler:inf] PUT /images/ingest/external%2F1f50b8a1b3d82a65cfc4633c6a755eb7cb45313b.png 200 OK (44ms)
[wrangler:inf] PUT /images/ingest/external%2Fd950ecfae475cb32dc4d36bc4d221009efffedd5.png 200 OK (37ms)
[wrangler:inf] PUT /images/ingest/external%2F923fe41a61af98dda1fba145b9b66f635669521c.png 200 OK (38ms)
[wrangler:inf] PUT /images/ingest/external%2F00b0099219e75c69d94e7ed563c30ca6f6fce4e6.png 200 OK (25ms)
[wrangler:inf] PUT /images/ingest/external%2F90150dd09c3d4ed18fa5863f48885d6eb022f1d6.png 200 OK (65ms)
[wrangler:inf] PUT /images/ingest/external%2F8504ce809534edf6dc82db0b223b39fb9c3943d3.png 200 OK (19ms)
[wrangler:inf] PUT /images/ingest/external%2F8cf093c077518a611160c6f0fdc92f29ad8f9b1a.png 200 OK (43ms)
[wrangler:inf] PUT /images/ingest/external%2F6ceb662a14e5484bc2b7872fc39c0efc3ccc7e9d.png 200 OK (52ms)
[wrangler:inf] PUT /images/ingest/external%2F0bc207671630ab41149acb738dc54d62c9104e65.png 200 OK (50ms)
[wrangler:inf] PUT /images/ingest/external%2F103041fc9dc079ff9dd4b944a4b074e0d6b54167.png 200 OK (88ms)
[wrangler:inf] PUT /images/ingest/external%2Ff2df282003c995ed7772bd9b66f87e41e65581d5.png 200 OK (83ms)
[wrangler:inf] PUT /images/ingest/external%2F96163f7ae88f6b8bb35316c34174019d46f280a7.png 200 OK (54ms)
[wrangler:inf] PUT /images/ingest/external%2Fd6acd221b7d1d74ccd3f37ca7d38185bd3c62b15.png 200 OK (57ms)
[wrangler:inf] PUT /images/ingest/external%2F05e638250f3b03262bdd55da8918df9d2c185958.png 200 OK (56ms)
[wrangler:inf] PUT /images/ingest/external%2F61f660eb1edc928f51ea1c7efcd60711b3ffd015.png 200 OK (16ms)
[wrangler:inf] PUT /images/ingest/external%2Fa8408a4b05f8d495c1811c1ca3b128eaecb0ec96.png 200 OK (14ms)
[wrangler:inf] PUT /images/ingest/external%2Fc97df23917ab67b45b28526847529f8f0c6ffdd6.png 200 OK (16ms)
[wrangler:inf] PUT /images/ingest/external%2F2d889d9a529a3ee27db75ab12a306b3ef60b2d43.png 200 OK (28ms)
[wrangler:inf] PUT /images/ingest/external%2Ff5ffb57644fd5726950125b43a4251a1e8c44834.png 200 OK (37ms)
[wrangler:inf] PUT /images/ingest/external%2F4bb39689f88008e27587c35bcff9e66885ca3716.png 200 OK (44ms)
[wrangler:inf] PUT /images/ingest/external%2F2b086783a547089490e4fdf761ada03a62a4ff22.png 200 OK (47ms)
[wrangler:inf] PUT /images/ingest/external%2F0c8eab34f7ecf945fb971d1223e47128a470c53b.png 200 OK (30ms)
[wrangler:inf] PUT /images/ingest/external%2F01b52a75ddf9229532db57ffd580a0020e0c0ea0.png 200 OK (14ms)
[wrangler:inf] PUT /images/ingest/external%2Fbd62248d196917f5eb02b5387a4fb847d8fb9032.png 200 OK (13ms)
[wrangler:inf] PUT /images/ingest/external%2Fdc778ddc71da3b271a9d4d4b3bd8a3319bcb28ec.png 200 OK (13ms)
[wrangler:inf] PUT /images/ingest/external%2Fac333e641cd88b364cc9ceba07b8c9aed7723216.png 200 OK (14ms)
[wrangler:inf] PUT /images/ingest/external%2Fe2297e039d51613bb073b1361c553c2af4d5b6b7.png 200 OK (25ms)
[wrangler:inf] PUT /images/ingest/external%2F70767c3ca85ebd9c099c93a86f7dd67d1a1c41da.png 200 OK (62ms)
[wrangler:inf] PUT /images/ingest/external%2Fc2561ac80292844a5172fd9a2ff491f85ae1da71.png 200 OK (76ms)
[wrangler:inf] PUT /images/ingest/external%2F01da48799c5da96daa6390cf06d52673d453041e.png 200 OK (93ms)
[wrangler:inf] PUT /images/ingest/external%2F833dd409a35b6d37caa0ecd108ca96e7e754c3f8.png 200 OK (106ms)
[wrangler:inf] PUT /images/ingest/external%2F71864db1aea119fd4214411f1de2bb8f62915f7e.png 200 OK (115ms)
[wrangler:inf] PUT /images/ingest/external%2Fb774c0a0fa201929cfdf4825dce6be9fdccb0137.png 200 OK (124ms)
[wrangler:inf] PUT /images/ingest/external%2F601cab4fdd6e7b668e2ab75e087d74f41638cec2.png 200 OK (128ms)
[wrangler:inf] PUT /images/ingest/external%2F30d13e540b2d1e61880599bb0e45e9a7ff2cece0.png 200 OK (139ms)
[wrangler:inf] PUT /images/ingest/external%2F6012e24f6b08d2d57e9d1fcf1c699428983aebaf.png 200 OK (123ms)
[wrangler:inf] PUT /images/ingest/external%2Fc5abd10be839768ea012ebd85e8312c1ae14dbd7.png 200 OK (123ms)
[wrangler:inf] PUT /images/ingest/external%2Fc75c830574fd67b09956eacdc8e76034f5e4d0fb.png 200 OK (80ms)
[wrangler:inf] PUT /images/ingest/external%2Fc6ebaa9cfb1ed3a4f6e3139ac570d1d97201ac03.png 200 OK (110ms)
[wrangler:inf] PUT /images/ingest/external%2F274286c0d7f30de65221dbe6917444f3143a4e53.png 200 OK (72ms)
[wrangler:inf] PUT /images/ingest/external%2F60ab770f8f253c9420a13eb7f6e078c0e59e1cc0.png 200 OK (46ms)
[wrangler:inf] PUT /images/ingest/external%2F7b865f4bafab82e8dc6137376f06ad25000b3487.png 200 OK (63ms)
[wrangler:inf] PUT /images/ingest/external%2F36b4f2065f3cabb1269659df42e1cdf2f7d68c4d.png 200 OK (56ms)
[wrangler:inf] PUT /images/ingest/external%2F86a1c4a0d7df76ec4e8f8d05045ff31174d35920.png 200 OK (64ms)
[wrangler:inf] PUT /images/ingest/external%2Fcc47c414138bcbec64f483d95fad7b5734149a10.png 200 OK (18ms)
[wrangler:inf] PUT /images/ingest/external%2F9df4c75e565f2f476818fa9b949b6f3ac09a35e7.png 200 OK (45ms)
[wrangler:inf] PUT /images/ingest/external%2F144fd7c9c9626f727618d965eac348e53ed3ee5d.png 200 OK (38ms)
[wrangler:inf] PUT /images/ingest/external%2F7e6264874dfcd065bc64f09ba63cee6d3b9a8625.png 200 OK (82ms)
[wrangler:inf] PUT /images/ingest/external%2F3aa01854bc4e0430c7748c9bc5f871b86643145d.png 200 OK (39ms)
[wrangler:inf] PUT /images/ingest/external%2F9ebe481672425a23bc15fe67291b0e5ba211b376.png 200 OK (52ms)
[wrangler:inf] PUT /images/ingest/external%2F447ee5848c4ab62360ca3eb6d726842b46a52abb.png 200 OK (43ms)
[wrangler:inf] PUT /images/ingest/external%2F03f4f01ed9a7bee7ae0081f8fb1558609f036bac.png 200 OK (50ms)
[wrangler:inf] PUT /images/ingest/external%2F9886565aa6fd424c99c467c63cb519ca59ff49b6.png 200 OK (60ms)
[wrangler:inf] PUT /images/ingest/external%2F456d588a831317c79dab222d100b0c0c692bf96b.png 200 OK (63ms)
[wrangler:inf] PUT /images/ingest/external%2F105ef614c761719fa34cdec8b83e1e66b18122ae.png 200 OK (73ms)
[wrangler:inf] PUT /images/ingest/external%2Fb5c878ed023c51bec19f8aa398eee577855719fe.png 200 OK (79ms)
[wrangler:inf] PUT /images/ingest/external%2F1ccd5a61a0fc9ecfabcddb52567f6c9a80f3b22f.png 200 OK (55ms)
[wrangler:inf] PUT /images/ingest/external%2Fb65591dd15fd8a5157dde1d3b59c80c818f1288b.png 200 OK (51ms)
[wrangler:inf] PUT /images/ingest/external%2F822ef3f4e06f906fb0120686a84608d025c95c18.png 200 OK (73ms)
[wrangler:inf] PUT /images/ingest/external%2F4ec578bff6a51d666618e060a3626585179aa394.png 200 OK (43ms)
[wrangler:inf] PUT /images/ingest/external%2F6339fd5fc24deb97b3748778d9151dfaf2d407ee.png 200 OK (15ms)
[wrangler:inf] PUT /images/ingest/external%2Fdb9e5d1221bcbe31f5749ce68153925ed311dc04.png 200 OK (20ms)
[wrangler:inf] PUT /images/ingest/external%2F3a424a9be8cae23b318073e648d3fa4a3977f6d4.png 200 OK (30ms)
[wrangler:inf] PUT /images/ingest/external%2Fa42b21d01b824f1e3ea556e0441534d0adb81e71.png 200 OK (17ms)
[wrangler:inf] GET /images/external/886b3850aa3519314acf702f9d7225469209d0bd.png 200 OK (8ms)
⎔ Reloading local server...
⎔ Reloading local server...
⎔ Reloading local server...
⎔ Reloading local server...
⎔ Reloading local server...
[wrangler:inf] POST /auth/login 200 OK (154ms)
[wrangler:inf] GET /questions 200 OK (927ms)
[wrangler:inf] POST /auth/login 200 OK (99ms)
[wrangler:inf] GET /questions 200 OK (142ms)
[wrangler:inf] POST /auth/login 200 OK (75ms)
[wrangler:inf] GET /questions 200 OK (180ms)
[wrangler:inf] GET /images/external/886b3850aa3519314acf702f9d7225469209d0bd.png 200 OK (40ms)
[wrangler:inf] GET /images/external/205e4e0cb117b989a5c238ce36c32903765974b8.png 200 OK (17ms)
[wrangler:inf] GET /images/external/955baf033a8aa6e8dcb9016451565fe9b2e91ede.png 200 OK (15ms)
[wrangler:inf] GET /images/external/88b4d1f8269b54976eb3b0511fa8cbec0bdb311b.png 200 OK (19ms)
[wrangler:inf] GET /images/external/b52db67fcfcaa5d30cd7c22a45e2a1399c8fbd38.png 200 OK (13ms)
[wrangler:inf] GET /images/external/076f2b021e36b98e3302fc0fe65008dc01df1ce6.png 200 OK (17ms)
[wrangler:inf] GET /health 200 OK (4ms)
[wrangler:inf] GET /images/external/886b3850aa3519314acf702f9d7225469209d0bd.png 200 OK (52ms)
[wrangler:inf] GET /images/external/205e4e0cb117b989a5c238ce36c32903765974b8.png 200 OK (18ms)
[wrangler:inf] GET /images/external/955baf033a8aa6e8dcb9016451565fe9b2e91ede.png 200 OK (10ms)
[wrangler:inf] GET /images/external/88b4d1f8269b54976eb3b0511fa8cbec0bdb311b.png 200 OK (11ms)
[wrangler:inf] GET /images/external/b52db67fcfcaa5d30cd7c22a45e2a1399c8fbd38.png 200 OK (14ms)
[wrangler:inf] GET /images/external/076f2b021e36b98e3302fc0fe65008dc01df1ce6.png 200 OK (9ms)
[wrangler:inf] GET /health 200 OK (27ms)
[wrangler:inf] POST /auth/login 200 OK (201ms)
[wrangler:inf] POST /auth/login 200 OK (162ms)
[wrangler:inf] GET / 200 OK (104ms)
[wrangler:inf] GET /css/style.css 200 OK (39ms)
[wrangler:inf] GET /js/api.js 200 OK (44ms)
[wrangler:inf] GET /js/login.js 200 OK (55ms)
[wrangler:inf] GET /manifest.json 200 OK (68ms)
[wrangler:inf] GET /favicon.ico 404 Not Found (11ms)
[wrangler:inf] GET /sw.js 200 OK (53ms)
[wrangler:inf] GET /exam 200 OK (8ms)
[wrangler:inf] GET /css/style.css 304 Not Modified (137ms)
[wrangler:inf] GET /js/alerts.js 200 OK (179ms)
[wrangler:inf] GET /js/api.js 200 OK (57ms)
[wrangler:inf] GET /js/exam.js 200 OK (64ms)
[wrangler:inf] GET /manifest.json 304 Not Modified (66ms)
[wrangler:inf] GET /exams/d5565f01-943a-49d7-954a-2be12336d699 200 OK (41ms)
[wrangler:inf] GET /sw.js 304 Not Modified (41ms)
[wrangler:inf] POST /attempts 201 Created (44ms)
[wrangler:inf] GET /images/questions/6b7564bc-6c53-4507-b204-561690bb597c/8a65a2e580e66ff5972ccdacba4ee6b44653797f95301782ad820eb1da400357.webp 404 Not Found (28ms)
[wrangler:inf] POST /auth/login 200 OK (212ms)
[wrangler:inf] GET / 200 OK (6ms)
[wrangler:inf] GET /css/style.css 200 OK (7ms)
[wrangler:inf] GET /js/api.js 200 OK (9ms)
[wrangler:inf] GET /js/login.js 200 OK (13ms)
[wrangler:inf] GET /manifest.json 200 OK (15ms)
[wrangler:inf] GET /sw.js 200 OK (10ms)
[wrangler:inf] GET /favicon.ico 404 Not Found (10ms)
[wrangler:inf] GET /exam 200 OK (7ms)
[wrangler:inf] GET /css/style.css 304 Not Modified (10ms)
[wrangler:inf] GET /js/alerts.js 200 OK (10ms)
[wrangler:inf] GET /js/api.js 200 OK (9ms)
[wrangler:inf] GET /js/exam.js 200 OK (13ms)
[wrangler:inf] GET /manifest.json 304 Not Modified (16ms)
[wrangler:inf] GET /exams/d5565f01-943a-49d7-954a-2be12336d699 200 OK (13ms)
[wrangler:inf] GET /sw.js 304 Not Modified (15ms)
[wrangler:inf] POST /attempts 200 OK (39ms)
[wrangler:inf] GET /images/questions/6b7564bc-6c53-4507-b204-561690bb597c/8a65a2e580e66ff5972ccdacba4ee6b44653797f95301782ad820eb1da400357.webp 404 Not Found (18ms)
[wrangler:inf] GET /images/questions/4adc294d-48a1-410a-9c8f-46493280e530/5bec6cbe7a25f81ccc9e0c27e4b7e1571de68fe273297e20a4114dc009046706.webp 404 Not Found (17ms)
[wrangler:inf] GET /images/external/e2b32b9790e73d90d7292579d9491fcea8885f13.png 200 OK (26ms)
[wrangler:inf] GET /images/external/205e4e0cb117b989a5c238ce36c32903765974b8.png 200 OK (37ms)
[wrangler:inf] GET /images/external/138f5341dfbc8bb98c5447c78dd935499beeb1c1.png 200 OK (41ms)
[wrangler:inf] GET /images/external/886b3850aa3519314acf702f9d7225469209d0bd.png 200 OK (44ms)
[wrangler:inf] POST /auth/login 200 OK (167ms)
[wrangler:inf] GET / 200 OK (6ms)
[wrangler:inf] GET /css/style.css 200 OK (7ms)
[wrangler:inf] GET /js/api.js 200 OK (9ms)
[wrangler:inf] GET /js/login.js 200 OK (12ms)
[wrangler:inf] GET /manifest.json 200 OK (13ms)
[wrangler:inf] GET /sw.js 200 OK (8ms)
[wrangler:inf] GET /favicon.ico 404 Not Found (6ms)
[wrangler:inf] GET /exam 200 OK (7ms)
[wrangler:inf] GET /css/style.css 304 Not Modified (11ms)
[wrangler:inf] GET /js/alerts.js 200 OK (11ms)
[wrangler:inf] GET /js/api.js 200 OK (11ms)
[wrangler:inf] GET /js/exam.js 200 OK (13ms)
[wrangler:inf] GET /manifest.json 304 Not Modified (14ms)
[wrangler:inf] GET /exams/d5565f01-943a-49d7-954a-2be12336d699 200 OK (11ms)
[wrangler:inf] GET /sw.js 304 Not Modified (13ms)
[wrangler:inf] POST /attempts 200 OK (38ms)
[wrangler:inf] GET /images/questions/6b7564bc-6c53-4507-b204-561690bb597c/8a65a2e580e66ff5972ccdacba4ee6b44653797f95301782ad820eb1da400357.webp 404 Not Found (21ms)
[wrangler:inf] GET /images/questions/4adc294d-48a1-410a-9c8f-46493280e530/5bec6cbe7a25f81ccc9e0c27e4b7e1571de68fe273297e20a4114dc009046706.webp 404 Not Found (18ms)
[wrangler:inf] GET /images/external/138f5341dfbc8bb98c5447c78dd935499beeb1c1.png 200 OK (24ms)
[wrangler:inf] GET /images/external/205e4e0cb117b989a5c238ce36c32903765974b8.png 200 OK (32ms)
[wrangler:inf] GET /images/external/e2b32b9790e73d90d7292579d9491fcea8885f13.png 200 OK (38ms)
[wrangler:inf] GET /images/external/886b3850aa3519314acf702f9d7225469209d0bd.png 200 OK (43ms)
[wrangler:inf] GET /health 200 OK (5ms)
